-- phpMyAdmin SQL Dump
-- version 5.0.4
-- https://www.phpmyadmin.net/
--
-- Host: 127.0.0.1
-- Generation Time: Jul 14, 2024 at 10:33 AM
-- Server version: 10.4.16-MariaDB
-- PHP Version: 7.4.12

SET SQL_MODE = "NO_AUTO_VALUE_ON_ZERO";
START TRANSACTION;
SET time_zone = "+00:00";


/*!40101 SET @OLD_CHARACTER_SET_CLIENT=@@CHARACTER_SET_CLIENT */;
/*!40101 SET @OLD_CHARACTER_SET_RESULTS=@@CHARACTER_SET_RESULTS */;
/*!40101 SET @OLD_COLLATION_CONNECTION=@@COLLATION_CONNECTION */;
/*!40101 SET NAMES utf8mb4 */;

--
-- Database: `new_crm`
--

-- --------------------------------------------------------

--
-- Table structure for table `activates`
--

CREATE TABLE `activates` (
  `id` bigint(20) UNSIGNED NOT NULL,
  `name` varchar(255) COLLATE utf8mb4_unicode_ci DEFAULT NULL,
  `created_at` timestamp NULL DEFAULT NULL,
  `updated_at` timestamp NULL DEFAULT NULL,
  `deleted_at` timestamp NULL DEFAULT NULL
) ENGINE=InnoDB DEFAULT CHARSET=utf8mb4 COLLATE=utf8mb4_unicode_ci;

--
-- Dumping data for table `activates`
--

INSERT INTO `activates` (`id`, `name`, `created_at`, `updated_at`, `deleted_at`) VALUES
(1, 'السياحة الدينية', '2024-01-30 10:57:43', '2024-02-02 13:45:49', NULL),
(2, 'السياحة الداخلية', '2024-01-30 10:57:54', '2024-02-02 13:46:05', NULL),
(3, 'التأشيرات', '2024-02-08 12:06:32', '2024-02-08 12:06:32', NULL),
(4, 'حجز طيران', '2024-02-08 12:06:47', '2024-02-08 12:07:10', NULL),
(5, 'حجز فنادق', '2024-02-08 12:06:59', '2024-02-08 12:06:59', NULL),
(6, 'تنظيم مؤتمرات', '2024-02-08 12:07:36', '2024-02-08 12:07:36', NULL),
(7, 'السياحة الخارجية', '2024-02-13 09:00:45', '2024-02-13 09:00:45', NULL),
(8, 'المطهرات', '2024-02-26 15:43:53', '2024-02-26 15:43:53', NULL);

-- --------------------------------------------------------

--
-- Table structure for table `areas`
--

CREATE TABLE `areas` (
  `id` bigint(20) UNSIGNED NOT NULL,
  `name` varchar(255) COLLATE utf8mb4_unicode_ci DEFAULT NULL,
  `city_id` bigint(20) UNSIGNED DEFAULT NULL,
  `created_at` timestamp NULL DEFAULT NULL,
  `updated_at` timestamp NULL DEFAULT NULL,
  `deleted_at` timestamp NULL DEFAULT NULL
) ENGINE=InnoDB DEFAULT CHARSET=utf8mb4 COLLATE=utf8mb4_unicode_ci;

--
-- Dumping data for table `areas`
--

INSERT INTO `areas` (`id`, `name`, `city_id`, `created_at`, `updated_at`, `deleted_at`) VALUES
(1, '15 مايو', 1, '2023-09-18 11:24:39', '2023-09-18 11:24:39', NULL),
(2, 'الازبكية', 1, '2023-09-18 11:24:39', '2023-09-18 11:24:39', NULL),
(3, 'البساتين', 1, '2023-09-18 11:24:39', '2023-09-18 11:24:39', NULL),
(4, 'التبين', 1, '2023-09-18 11:24:39', '2023-09-18 11:24:39', NULL),
(5, 'الخليفة', 1, '2023-09-18 11:24:39', '2023-09-18 11:24:39', NULL),
(6, 'الدراسة', 1, '2023-09-18 11:24:39', '2023-09-18 11:24:39', NULL),
(7, 'الدرب الاحمر', 1, '2023-09-18 11:24:39', '2023-09-18 11:24:39', NULL),
(8, 'الزاوية الحمراء', 1, '2023-09-18 11:24:39', '2023-09-18 11:24:39', NULL),
(9, 'الزيتون', 1, '2023-09-18 11:24:39', '2023-09-18 11:24:39', NULL),
(10, 'الساحل', 1, '2023-09-18 11:24:39', '2023-09-18 11:24:39', NULL),
(11, 'السلام', 1, '2023-09-18 11:24:39', '2023-09-18 11:24:39', NULL),
(12, 'السيدة زينب', 1, '2023-09-18 11:24:39', '2023-09-18 11:24:39', NULL),
(13, 'الشرابية', 1, '2023-09-18 11:24:39', '2023-09-18 11:24:39', NULL),
(14, 'مدينة الشروق', 1, '2023-09-18 11:24:39', '2023-09-18 11:24:39', NULL),
(15, 'الظاهر', 1, '2023-09-18 11:24:39', '2023-09-18 11:24:39', NULL),
(16, 'العتبة', 1, '2023-09-18 11:24:39', '2023-09-18 11:24:39', NULL),
(17, 'القاهرة الجديدة', 1, '2023-09-18 11:24:39', '2023-09-18 11:24:39', NULL),
(18, 'المرج', 1, '2023-09-18 11:24:39', '2023-09-18 11:24:39', NULL),
(19, 'عزبة النخل', 1, '2023-09-18 11:24:39', '2023-09-18 11:24:39', NULL),
(20, 'المطرية', 1, '2023-09-18 11:24:39', '2023-09-18 11:24:39', NULL),
(21, 'المعادى', 1, '2023-09-18 11:24:39', '2023-09-18 11:24:39', NULL),
(22, 'المعصرة', 1, '2023-09-18 11:24:39', '2023-09-18 11:24:39', NULL),
(23, 'المقطم', 1, '2023-09-18 11:24:39', '2023-09-18 11:24:39', NULL),
(24, 'المنيل', 1, '2023-09-18 11:24:39', '2023-09-18 11:24:39', NULL),
(25, 'الموسكى', 1, '2023-09-18 11:24:39', '2023-09-18 11:24:39', NULL),
(26, 'النزهة', 1, '2023-09-18 11:24:39', '2023-09-18 11:24:39', NULL),
(27, 'الوايلى', 1, '2023-09-18 11:24:39', '2023-09-18 11:24:39', NULL),
(28, 'باب الشعرية', 1, '2023-09-18 11:24:39', '2023-09-18 11:24:39', NULL),
(29, 'بولاق', 1, '2023-09-18 11:24:39', '2023-09-18 11:24:39', NULL),
(30, 'جاردن سيتى', 1, '2023-09-18 11:24:39', '2023-09-18 11:24:39', NULL),
(31, 'حدائق القبة', 1, '2023-09-18 11:24:39', '2023-09-18 11:24:39', NULL),
(32, 'حلوان', 1, '2023-09-18 11:24:39', '2023-09-18 11:24:39', NULL),
(33, 'دار السلام', 1, '2023-09-18 11:24:39', '2023-09-18 11:24:39', NULL),
(34, 'شبرا', 1, '2023-09-18 11:24:39', '2023-09-18 11:24:39', NULL),
(35, 'طره', 1, '2023-09-18 11:24:39', '2023-09-18 11:24:39', NULL),
(36, 'عابدين', 1, '2023-09-18 11:24:39', '2023-09-18 11:24:39', NULL),
(37, 'عباسية', 1, '2023-09-18 11:24:39', '2023-09-18 11:24:39', NULL),
(38, 'عين شمس', 1, '2023-09-18 11:24:39', '2023-09-18 11:24:39', NULL),
(39, 'مدينة نصر', 1, '2023-09-18 11:24:39', '2023-09-18 11:24:39', NULL),
(40, 'مصر الجديدة', 1, '2023-09-18 11:24:39', '2023-09-18 11:24:39', NULL),
(41, 'مصر القديمة', 1, '2023-09-18 11:24:39', '2023-09-18 11:24:39', NULL),
(42, 'منشية ناصر', 1, '2023-09-18 11:24:39', '2023-09-18 11:24:39', NULL),
(43, 'مدينة بدر', 1, '2023-09-18 11:24:39', '2023-09-18 11:24:39', NULL),
(44, 'مدينة العبور', 1, '2023-09-18 11:24:39', '2023-09-18 11:24:39', NULL),
(45, 'وسط البلد', 1, '2023-09-18 11:24:39', '2023-09-18 11:24:39', NULL),
(46, 'الزمالك', 1, '2023-09-18 11:24:39', '2023-09-18 11:24:39', NULL),
(47, 'قصر النيل', 1, '2023-09-18 11:24:39', '2023-09-18 11:24:39', NULL),
(48, 'الرحاب', 1, '2023-09-18 11:24:39', '2023-09-18 11:24:39', NULL),
(49, 'القطامية', 1, '2023-09-18 11:24:39', '2023-09-18 11:24:39', NULL),
(50, 'مدينتي', 1, '2023-09-18 11:24:39', '2023-09-18 11:24:39', NULL),
(51, 'روض الفرج', 1, '2023-09-18 11:24:39', '2023-09-18 11:24:39', NULL),
(52, 'شيراتون', 1, '2023-09-18 11:24:39', '2023-09-18 11:24:39', NULL),
(53, 'الجمالية', 1, '2023-09-18 11:24:39', '2023-09-18 11:24:39', NULL),
(54, 'العاشر من رمضان', 1, '2023-09-18 11:24:39', '2023-09-18 11:24:39', NULL),
(55, 'الحلمية', 1, '2023-09-18 11:24:39', '2023-09-18 11:24:39', NULL),
(56, 'النزهة الجديدة', 1, '2023-09-18 11:24:39', '2023-09-18 11:24:39', NULL),
(57, 'العاصمة الإدارية', 1, '2023-09-18 11:24:39', '2023-09-18 11:24:39', NULL),
(58, 'الجيزة', 2, '2023-09-18 11:24:39', '2023-09-18 11:24:39', NULL),
(59, 'السادس من أكتوبر', 2, '2023-09-18 11:24:39', '2023-09-18 11:24:39', NULL),
(60, 'الشيخ زايد', 2, '2023-09-18 11:24:39', '2023-09-18 11:24:39', NULL),
(61, 'الحوامدية', 2, '2023-09-18 11:24:39', '2023-09-18 11:24:39', NULL),
(62, 'البدرشين', 2, '2023-09-18 11:24:39', '2023-09-18 11:24:39', NULL),
(63, 'الصف', 2, '2023-09-18 11:24:39', '2023-09-18 11:24:39', NULL),
(64, 'أطفيح', 2, '2023-09-18 11:24:39', '2023-09-18 11:24:39', NULL),
(65, 'العياط', 2, '2023-09-18 11:24:39', '2023-09-18 11:24:39', NULL),
(66, 'الباويطي', 2, '2023-09-18 11:24:39', '2023-09-18 11:24:39', NULL),
(67, 'منشأة القناطر', 2, '2023-09-18 11:24:39', '2023-09-18 11:24:39', NULL),
(68, 'أوسيم', 2, '2023-09-18 11:24:39', '2023-09-18 11:24:39', NULL),
(69, 'كرداسة', 2, '2023-09-18 11:24:39', '2023-09-18 11:24:39', NULL),
(70, 'أبو النمرس', 2, '2023-09-18 11:24:39', '2023-09-18 11:24:39', NULL),
(71, 'كفر غطاطي', 2, '2023-09-18 11:24:39', '2023-09-18 11:24:39', NULL),
(72, 'منشأة البكاري', 2, '2023-09-18 11:24:39', '2023-09-18 11:24:39', NULL),
(73, 'الدقى', 2, '2023-09-18 11:24:39', '2023-09-18 11:24:39', NULL),
(74, 'العجوزة', 2, '2023-09-18 11:24:39', '2023-09-18 11:24:39', NULL),
(75, 'الهرم', 2, '2023-09-18 11:24:39', '2023-09-18 11:24:39', NULL),
(76, 'الوراق', 2, '2023-09-18 11:24:39', '2023-09-18 11:24:39', NULL),
(77, 'امبابة', 2, '2023-09-18 11:24:39', '2023-09-18 11:24:39', NULL),
(78, 'بولاق الدكرور', 2, '2023-09-18 11:24:39', '2023-09-18 11:24:39', NULL),
(79, 'الواحات البحرية', 2, '2023-09-18 11:24:39', '2023-09-18 11:24:39', NULL),
(80, 'العمرانية', 2, '2023-09-18 11:24:39', '2023-09-18 11:24:39', NULL),
(81, 'المنيب', 2, '2023-09-18 11:24:39', '2023-09-18 11:24:39', NULL),
(82, 'بين السرايات', 2, '2023-09-18 11:24:39', '2023-09-18 11:24:39', NULL),
(83, 'الكيت كات', 2, '2023-09-18 11:24:40', '2023-09-18 11:24:40', NULL),
(84, 'المهندسين', 2, '2023-09-18 11:24:40', '2023-09-18 11:24:40', NULL),
(85, 'فيصل', 2, '2023-09-18 11:24:40', '2023-09-18 11:24:40', NULL),
(86, 'أبو رواش', 2, '2023-09-18 11:24:40', '2023-09-18 11:24:40', NULL),
(87, 'حدائق الأهرام', 2, '2023-09-18 11:24:40', '2023-09-18 11:24:40', NULL),
(88, 'الحرانية', 2, '2023-09-18 11:24:40', '2023-09-18 11:24:40', NULL),
(89, 'حدائق اكتوبر', 2, '2023-09-18 11:24:40', '2023-09-18 11:24:40', NULL),
(90, 'صفط اللبن', 2, '2023-09-18 11:24:40', '2023-09-18 11:24:40', NULL),
(91, 'القرية الذكية', 2, '2023-09-18 11:24:40', '2023-09-18 11:24:40', NULL),
(92, 'ارض اللواء', 2, '2023-09-18 11:24:40', '2023-09-18 11:24:40', NULL),
(93, 'ابو قير', 3, '2023-09-18 11:24:40', '2023-09-18 11:24:40', NULL),
(94, 'الابراهيمية', 3, '2023-09-18 11:24:40', '2023-09-18 11:24:40', NULL),
(95, 'الأزاريطة', 3, '2023-09-18 11:24:40', '2023-09-18 11:24:40', NULL),
(96, 'الانفوشى', 3, '2023-09-18 11:24:40', '2023-09-18 11:24:40', NULL),
(97, 'الدخيلة', 3, '2023-09-18 11:24:40', '2023-09-18 11:24:40', NULL),
(98, 'السيوف', 3, '2023-09-18 11:24:40', '2023-09-18 11:24:40', NULL),
(99, 'العامرية', 3, '2023-09-18 11:24:40', '2023-09-18 11:24:40', NULL),
(100, 'اللبان', 3, '2023-09-18 11:24:40', '2023-09-18 11:24:40', NULL),
(101, 'المفروزة', 3, '2023-09-18 11:24:40', '2023-09-18 11:24:40', NULL),
(102, 'المنتزه', 3, '2023-09-18 11:24:40', '2023-09-18 11:24:40', NULL),
(103, 'المنشية', 3, '2023-09-18 11:24:40', '2023-09-18 11:24:40', NULL),
(104, 'الناصرية', 3, '2023-09-18 11:24:40', '2023-09-18 11:24:40', NULL),
(105, 'امبروزو', 3, '2023-09-18 11:24:40', '2023-09-18 11:24:40', NULL),
(106, 'باب شرق', 3, '2023-09-18 11:24:40', '2023-09-18 11:24:40', NULL),
(107, 'برج العرب', 3, '2023-09-18 11:24:40', '2023-09-18 11:24:40', NULL),
(108, 'ستانلى', 3, '2023-09-18 11:24:40', '2023-09-18 11:24:40', NULL),
(109, 'سموحة', 3, '2023-09-18 11:24:40', '2023-09-18 11:24:40', NULL),
(110, 'سيدى بشر', 3, '2023-09-18 11:24:40', '2023-09-18 11:24:40', NULL),
(111, 'شدس', 3, '2023-09-18 11:24:40', '2023-09-18 11:24:40', NULL),
(112, 'غيط العنب', 3, '2023-09-18 11:24:40', '2023-09-18 11:24:40', NULL),
(113, 'فلمينج', 3, '2023-09-18 11:24:40', '2023-09-18 11:24:40', NULL),
(114, 'فيكتوريا', 3, '2023-09-18 11:24:40', '2023-09-18 11:24:40', NULL),
(115, 'كامب شيزار', 3, '2023-09-18 11:24:40', '2023-09-18 11:24:40', NULL),
(116, 'كرموز', 3, '2023-09-18 11:24:40', '2023-09-18 11:24:40', NULL),
(117, 'محطة الرمل', 3, '2023-09-18 11:24:40', '2023-09-18 11:24:40', NULL),
(118, 'مينا البصل', 3, '2023-09-18 11:24:40', '2023-09-18 11:24:40', NULL),
(119, 'العصافرة', 3, '2023-09-18 11:24:40', '2023-09-18 11:24:40', NULL),
(120, 'العجمي', 3, '2023-09-18 11:24:40', '2023-09-18 11:24:40', NULL),
(121, 'بكوس', 3, '2023-09-18 11:24:40', '2023-09-18 11:24:40', NULL),
(122, 'بولكلي', 3, '2023-09-18 11:24:40', '2023-09-18 11:24:40', NULL),
(123, 'كليوباترا', 3, '2023-09-18 11:24:40', '2023-09-18 11:24:40', NULL),
(124, 'جليم', 3, '2023-09-18 11:24:40', '2023-09-18 11:24:40', NULL),
(125, 'المعمورة', 3, '2023-09-18 11:24:40', '2023-09-18 11:24:40', NULL),
(126, 'المندرة', 3, '2023-09-18 11:24:40', '2023-09-18 11:24:40', NULL),
(127, 'محرم بك', 3, '2023-09-18 11:24:40', '2023-09-18 11:24:40', NULL),
(128, 'الشاطبي', 3, '2023-09-18 11:24:40', '2023-09-18 11:24:40', NULL),
(129, 'سيدي جابر', 3, '2023-09-18 11:24:40', '2023-09-18 11:24:40', NULL),
(130, 'الساحل الشمالي', 3, '2023-09-18 11:24:40', '2023-09-18 11:24:40', NULL),
(131, 'الحضرة', 3, '2023-09-18 11:24:40', '2023-09-18 11:24:40', NULL),
(132, 'العطارين', 3, '2023-09-18 11:24:40', '2023-09-18 11:24:40', NULL),
(133, 'سيدي كرير', 3, '2023-09-18 11:24:40', '2023-09-18 11:24:40', NULL),
(134, 'الجمرك', 3, '2023-09-18 11:24:40', '2023-09-18 11:24:40', NULL),
(135, 'المكس', 3, '2023-09-18 11:24:40', '2023-09-18 11:24:40', NULL),
(136, 'مارينا', 3, '2023-09-18 11:24:40', '2023-09-18 11:24:40', NULL),
(137, 'المنصورة', 4, '2023-09-18 11:24:40', '2023-09-18 11:24:40', NULL),
(138, 'طلخا', 4, '2023-09-18 11:24:40', '2023-09-18 11:24:40', NULL),
(139, 'ميت غمر', 4, '2023-09-18 11:24:40', '2023-09-18 11:24:40', NULL),
(140, 'دكرنس', 4, '2023-09-18 11:24:40', '2023-09-18 11:24:40', NULL),
(141, 'أجا', 4, '2023-09-18 11:24:40', '2023-09-18 11:24:40', NULL),
(142, 'منية النصر', 4, '2023-09-18 11:24:40', '2023-09-18 11:24:40', NULL),
(143, 'السنبلاوين', 4, '2023-09-18 11:24:40', '2023-09-18 11:24:40', NULL),
(144, 'الكردي', 4, '2023-09-18 11:24:40', '2023-09-18 11:24:40', NULL),
(145, 'بني عبيد', 4, '2023-09-18 11:24:40', '2023-09-18 11:24:40', NULL),
(146, 'المنزلة', 4, '2023-09-18 11:24:40', '2023-09-18 11:24:40', NULL),
(147, 'تمي الأمديد', 4, '2023-09-18 11:24:40', '2023-09-18 11:24:40', NULL),
(148, 'الجمالية', 4, '2023-09-18 11:24:40', '2023-09-18 11:24:40', NULL),
(149, 'شربين', 4, '2023-09-18 11:24:40', '2023-09-18 11:24:40', NULL),
(150, 'المطرية', 4, '2023-09-18 11:24:40', '2023-09-18 11:24:40', NULL),
(151, 'بلقاس', 4, '2023-09-18 11:24:40', '2023-09-18 11:24:40', NULL),
(152, 'ميت سلسيل', 4, '2023-09-18 11:24:40', '2023-09-18 11:24:40', NULL),
(153, 'جمصة', 4, '2023-09-18 11:24:40', '2023-09-18 11:24:40', NULL),
(154, 'محلة دمنة', 4, '2023-09-18 11:24:40', '2023-09-18 11:24:40', NULL),
(155, 'نبروه', 4, '2023-09-18 11:24:40', '2023-09-18 11:24:40', NULL),
(156, 'الغردقة', 5, '2023-09-18 11:24:40', '2023-09-18 11:24:40', NULL),
(157, 'رأس غارب', 5, '2023-09-18 11:24:40', '2023-09-18 11:24:40', NULL),
(158, 'سفاجا', 5, '2023-09-18 11:24:40', '2023-09-18 11:24:40', NULL),
(159, 'القصير', 5, '2023-09-18 11:24:40', '2023-09-18 11:24:40', NULL),
(160, 'مرسى علم', 5, '2023-09-18 11:24:40', '2023-09-18 11:24:40', NULL),
(161, 'الشلاتين', 5, '2023-09-18 11:24:40', '2023-09-18 11:24:40', NULL),
(162, 'حلايب', 5, '2023-09-18 11:24:40', '2023-09-18 11:24:40', NULL),
(163, 'الدهار', 5, '2023-09-18 11:24:40', '2023-09-18 11:24:40', NULL),
(164, 'دمنهور', 6, '2023-09-18 11:24:40', '2023-09-18 11:24:40', NULL),
(165, 'كفر الدوار', 6, '2023-09-18 11:24:40', '2023-09-18 11:24:40', NULL),
(166, 'رشيد', 6, '2023-09-18 11:24:40', '2023-09-18 11:24:40', NULL),
(167, 'إدكو', 6, '2023-09-18 11:24:40', '2023-09-18 11:24:40', NULL),
(168, 'أبو المطامير', 6, '2023-09-18 11:24:40', '2023-09-18 11:24:40', NULL),
(169, 'أبو حمص', 6, '2023-09-18 11:24:40', '2023-09-18 11:24:40', NULL),
(170, 'الدلنجات', 6, '2023-09-18 11:24:40', '2023-09-18 11:24:40', NULL),
(171, 'المحمودية', 6, '2023-09-18 11:24:40', '2023-09-18 11:24:40', NULL),
(172, 'الرحمانية', 6, '2023-09-18 11:24:40', '2023-09-18 11:24:40', NULL),
(173, 'إيتاي البارود', 6, '2023-09-18 11:24:40', '2023-09-18 11:24:40', NULL),
(174, 'حوش عيسى', 6, '2023-09-18 11:24:40', '2023-09-18 11:24:40', NULL),
(175, 'شبراخيت', 6, '2023-09-18 11:24:40', '2023-09-18 11:24:40', NULL),
(176, 'كوم حمادة', 6, '2023-09-18 11:24:40', '2023-09-18 11:24:40', NULL),
(177, 'بدر', 6, '2023-09-18 11:24:40', '2023-09-18 11:24:40', NULL),
(178, 'وادي النطرون', 6, '2023-09-18 11:24:40', '2023-09-18 11:24:40', NULL),
(179, 'النوبارية الجديدة', 6, '2023-09-18 11:24:40', '2023-09-18 11:24:40', NULL),
(180, 'النوبارية', 6, '2023-09-18 11:24:40', '2023-09-18 11:24:40', NULL),
(181, 'الفيوم', 7, '2023-09-18 11:24:40', '2023-09-18 11:24:40', NULL),
(182, 'الفيوم الجديدة', 7, '2023-09-18 11:24:40', '2023-09-18 11:24:40', NULL),
(183, 'طامية', 7, '2023-09-18 11:24:40', '2023-09-18 11:24:40', NULL),
(184, 'سنورس', 7, '2023-09-18 11:24:40', '2023-09-18 11:24:40', NULL),
(185, 'إطسا', 7, '2023-09-18 11:24:40', '2023-09-18 11:24:40', NULL),
(186, 'إبشواي', 7, '2023-09-18 11:24:40', '2023-09-18 11:24:40', NULL),
(187, 'يوسف الصديق', 7, '2023-09-18 11:24:40', '2023-09-18 11:24:40', NULL),
(188, 'الحادقة', 7, '2023-09-18 11:24:40', '2023-09-18 11:24:40', NULL),
(189, 'اطسا', 7, '2023-09-18 11:24:40', '2023-09-18 11:24:40', NULL),
(190, 'الجامعة', 7, '2023-09-18 11:24:40', '2023-09-18 11:24:40', NULL),
(191, 'السيالة', 7, '2023-09-18 11:24:40', '2023-09-18 11:24:40', NULL),
(192, 'طنطا', 8, '2023-09-18 11:24:40', '2023-09-18 11:24:40', NULL),
(193, 'المحلة الكبرى', 8, '2023-09-18 11:24:40', '2023-09-18 11:24:40', NULL),
(194, 'كفر الزيات', 8, '2023-09-18 11:24:40', '2023-09-18 11:24:40', NULL),
(195, 'زفتى', 8, '2023-09-18 11:24:40', '2023-09-18 11:24:40', NULL),
(196, 'السنطة', 8, '2023-09-18 11:24:40', '2023-09-18 11:24:40', NULL),
(197, 'قطور', 8, '2023-09-18 11:24:40', '2023-09-18 11:24:40', NULL),
(198, 'بسيون', 8, '2023-09-18 11:24:40', '2023-09-18 11:24:40', NULL),
(199, 'سمنود', 8, '2023-09-18 11:24:40', '2023-09-18 11:24:40', NULL),
(200, 'الإسماعيلية', 9, '2023-09-18 11:24:40', '2023-09-18 11:24:40', NULL),
(201, 'فايد', 9, '2023-09-18 11:24:40', '2023-09-18 11:24:40', NULL),
(202, 'القنطرة شرق', 9, '2023-09-18 11:24:40', '2023-09-18 11:24:40', NULL),
(203, 'القنطرة غرب', 9, '2023-09-18 11:24:40', '2023-09-18 11:24:40', NULL),
(204, 'التل الكبير', 9, '2023-09-18 11:24:40', '2023-09-18 11:24:40', NULL),
(205, 'أبو صوير', 9, '2023-09-18 11:24:40', '2023-09-18 11:24:40', NULL),
(206, 'القصاصين الجديدة', 9, '2023-09-18 11:24:40', '2023-09-18 11:24:40', NULL),
(207, 'نفيشة', 9, '2023-09-18 11:24:40', '2023-09-18 11:24:40', NULL),
(208, 'الشيخ زايد', 9, '2023-09-18 11:24:40', '2023-09-18 11:24:40', NULL),
(209, 'شبين الكوم', 10, '2023-09-18 11:24:40', '2023-09-18 11:24:40', NULL),
(210, 'مدينة السادات', 10, '2023-09-18 11:24:40', '2023-09-18 11:24:40', NULL),
(211, 'منوف', 10, '2023-09-18 11:24:40', '2023-09-18 11:24:40', NULL),
(212, 'سرس الليان', 10, '2023-09-18 11:24:40', '2023-09-18 11:24:40', NULL),
(213, 'أشمون', 10, '2023-09-18 11:24:40', '2023-09-18 11:24:40', NULL),
(214, 'الباجور', 10, '2023-09-18 11:24:40', '2023-09-18 11:24:40', NULL),
(215, 'قويسنا', 10, '2023-09-18 11:24:40', '2023-09-18 11:24:40', NULL),
(216, 'بركة السبع', 10, '2023-09-18 11:24:40', '2023-09-18 11:24:40', NULL),
(217, 'تلا', 10, '2023-09-18 11:24:40', '2023-09-18 11:24:40', NULL),
(218, 'الشهداء', 10, '2023-09-18 11:24:40', '2023-09-18 11:24:40', NULL),
(219, 'المنيا', 11, '2023-09-18 11:24:40', '2023-09-18 11:24:40', NULL),
(220, 'المنيا الجديدة', 11, '2023-09-18 11:24:40', '2023-09-18 11:24:40', NULL),
(221, 'العدوة', 11, '2023-09-18 11:24:40', '2023-09-18 11:24:40', NULL),
(222, 'مغاغة', 11, '2023-09-18 11:24:40', '2023-09-18 11:24:40', NULL),
(223, 'بني مزار', 11, '2023-09-18 11:24:40', '2023-09-18 11:24:40', NULL),
(224, 'مطاي', 11, '2023-09-18 11:24:40', '2023-09-18 11:24:40', NULL),
(225, 'سمالوط', 11, '2023-09-18 11:24:40', '2023-09-18 11:24:40', NULL),
(226, 'المدينة الفكرية', 11, '2023-09-18 11:24:40', '2023-09-18 11:24:40', NULL),
(227, 'ملوي', 11, '2023-09-18 11:24:40', '2023-09-18 11:24:40', NULL),
(228, 'دير مواس', 11, '2023-09-18 11:24:40', '2023-09-18 11:24:40', NULL),
(229, 'ابو قرقاص', 11, '2023-09-18 11:24:40', '2023-09-18 11:24:40', NULL),
(230, 'ارض سلطان', 11, '2023-09-18 11:24:40', '2023-09-18 11:24:40', NULL),
(231, 'بنها', 12, '2023-09-18 11:24:40', '2023-09-18 11:24:40', NULL),
(232, 'قليوب', 12, '2023-09-18 11:24:40', '2023-09-18 11:24:40', NULL),
(233, 'شبرا الخيمة', 12, '2023-09-18 11:24:40', '2023-09-18 11:24:40', NULL),
(234, 'القناطر الخيرية', 12, '2023-09-18 11:24:40', '2023-09-18 11:24:40', NULL),
(235, 'الخانكة', 12, '2023-09-18 11:24:40', '2023-09-18 11:24:40', NULL),
(236, 'كفر شكر', 12, '2023-09-18 11:24:40', '2023-09-18 11:24:40', NULL),
(237, 'طوخ', 12, '2023-09-18 11:24:40', '2023-09-18 11:24:40', NULL),
(238, 'قها', 12, '2023-09-18 11:24:40', '2023-09-18 11:24:40', NULL),
(239, 'العبور', 12, '2023-09-18 11:24:40', '2023-09-18 11:24:40', NULL),
(240, 'الخصوص', 12, '2023-09-18 11:24:40', '2023-09-18 11:24:40', NULL),
(241, 'شبين القناطر', 12, '2023-09-18 11:24:40', '2023-09-18 11:24:40', NULL),
(242, 'مسطرد', 12, '2023-09-18 11:24:40', '2023-09-18 11:24:40', NULL),
(243, 'الخارجة', 13, '2023-09-18 11:24:40', '2023-09-18 11:24:40', NULL),
(244, 'باريس', 13, '2023-09-18 11:24:40', '2023-09-18 11:24:40', NULL),
(245, 'موط', 13, '2023-09-18 11:24:40', '2023-09-18 11:24:40', NULL),
(246, 'الفرافرة', 13, '2023-09-18 11:24:40', '2023-09-18 11:24:40', NULL),
(247, 'بلاط', 13, '2023-09-18 11:24:40', '2023-09-18 11:24:40', NULL),
(248, 'الداخلة', 13, '2023-09-18 11:24:40', '2023-09-18 11:24:40', NULL),
(249, 'السويس', 14, '2023-09-18 11:24:40', '2023-09-18 11:24:40', NULL),
(250, 'الجناين', 14, '2023-09-18 11:24:40', '2023-09-18 11:24:40', NULL),
(251, 'عتاقة', 14, '2023-09-18 11:24:40', '2023-09-18 11:24:40', NULL),
(252, 'العين السخنة', 14, '2023-09-18 11:24:40', '2023-09-18 11:24:40', NULL),
(253, 'فيصل', 14, '2023-09-18 11:24:40', '2023-09-18 11:24:40', NULL),
(254, 'أسوان', 15, '2023-09-18 11:24:40', '2023-09-18 11:24:40', NULL),
(255, 'أسوان الجديدة', 15, '2023-09-18 11:24:40', '2023-09-18 11:24:40', NULL),
(256, 'دراو', 15, '2023-09-18 11:24:40', '2023-09-18 11:24:40', NULL),
(257, 'كوم أمبو', 15, '2023-09-18 11:24:40', '2023-09-18 11:24:40', NULL),
(258, 'نصر النوبة', 15, '2023-09-18 11:24:40', '2023-09-18 11:24:40', NULL),
(259, 'كلابشة', 15, '2023-09-18 11:24:40', '2023-09-18 11:24:40', NULL),
(260, 'إدفو', 15, '2023-09-18 11:24:40', '2023-09-18 11:24:40', NULL),
(261, 'الرديسية', 15, '2023-09-18 11:24:40', '2023-09-18 11:24:40', NULL),
(262, 'البصيلية', 15, '2023-09-18 11:24:40', '2023-09-18 11:24:40', NULL),
(263, 'السباعية', 15, '2023-09-18 11:24:40', '2023-09-18 11:24:40', NULL),
(264, 'ابوسمبل السياحية', 15, '2023-09-18 11:24:40', '2023-09-18 11:24:40', NULL),
(265, 'مرسى علم', 15, '2023-09-18 11:24:40', '2023-09-18 11:24:40', NULL),
(266, 'أسيوط', 16, '2023-09-18 11:24:40', '2023-09-18 11:24:40', NULL),
(267, 'أسيوط الجديدة', 16, '2023-09-18 11:24:40', '2023-09-18 11:24:40', NULL),
(268, 'ديروط', 16, '2023-09-18 11:24:40', '2023-09-18 11:24:40', NULL),
(269, 'منفلوط', 16, '2023-09-18 11:24:40', '2023-09-18 11:24:40', NULL),
(270, 'القوصية', 16, '2023-09-18 11:24:40', '2023-09-18 11:24:40', NULL),
(271, 'أبنوب', 16, '2023-09-18 11:24:40', '2023-09-18 11:24:40', NULL),
(272, 'أبو تيج', 16, '2023-09-18 11:24:40', '2023-09-18 11:24:40', NULL),
(273, 'الغنايم', 16, '2023-09-18 11:24:40', '2023-09-18 11:24:40', NULL),
(274, 'ساحل سليم', 16, '2023-09-18 11:24:40', '2023-09-18 11:24:40', NULL),
(275, 'البداري', 16, '2023-09-18 11:24:40', '2023-09-18 11:24:40', NULL),
(276, 'صدفا', 16, '2023-09-18 11:24:40', '2023-09-18 11:24:40', NULL),
(277, 'بني سويف', 17, '2023-09-18 11:24:40', '2023-09-18 11:24:40', NULL),
(278, 'بني سويف الجديدة', 17, '2023-09-18 11:24:40', '2023-09-18 11:24:40', NULL),
(279, 'الواسطى', 17, '2023-09-18 11:24:40', '2023-09-18 11:24:40', NULL),
(280, 'ناصر', 17, '2023-09-18 11:24:40', '2023-09-18 11:24:40', NULL),
(281, 'إهناسيا', 17, '2023-09-18 11:24:40', '2023-09-18 11:24:40', NULL),
(282, 'ببا', 17, '2023-09-18 11:24:40', '2023-09-18 11:24:40', NULL),
(283, 'الفشن', 17, '2023-09-18 11:24:40', '2023-09-18 11:24:40', NULL),
(284, 'سمسطا', 17, '2023-09-18 11:24:40', '2023-09-18 11:24:40', NULL),
(285, 'الاباصيرى', 17, '2023-09-18 11:24:40', '2023-09-18 11:24:40', NULL),
(286, 'مقبل', 17, '2023-09-18 11:24:40', '2023-09-18 11:24:40', NULL),
(287, 'بورسعيد', 18, '2023-09-18 11:24:40', '2023-09-18 11:24:40', NULL),
(288, 'بورفؤاد', 18, '2023-09-18 11:24:40', '2023-09-18 11:24:40', NULL),
(289, 'العرب', 18, '2023-09-18 11:24:40', '2023-09-18 11:24:40', NULL),
(290, 'حى الزهور', 18, '2023-09-18 11:24:40', '2023-09-18 11:24:40', NULL),
(291, 'حى الشرق', 18, '2023-09-18 11:24:40', '2023-09-18 11:24:40', NULL),
(292, 'حى الضواحى', 18, '2023-09-18 11:24:40', '2023-09-18 11:24:40', NULL),
(293, 'حى المناخ', 18, '2023-09-18 11:24:40', '2023-09-18 11:24:40', NULL),
(294, 'حى مبارك', 18, '2023-09-18 11:24:40', '2023-09-18 11:24:40', NULL),
(295, 'دمياط', 19, '2023-09-18 11:24:40', '2023-09-18 11:24:40', NULL),
(296, 'دمياط الجديدة', 19, '2023-09-18 11:24:40', '2023-09-18 11:24:40', NULL),
(297, 'رأس البر', 19, '2023-09-18 11:24:40', '2023-09-18 11:24:40', NULL),
(298, 'فارسكور', 19, '2023-09-18 11:24:40', '2023-09-18 11:24:40', NULL),
(299, 'الزرقا', 19, '2023-09-18 11:24:40', '2023-09-18 11:24:40', NULL),
(300, 'السرو', 19, '2023-09-18 11:24:40', '2023-09-18 11:24:40', NULL),
(301, 'الروضة', 19, '2023-09-18 11:24:40', '2023-09-18 11:24:40', NULL),
(302, 'كفر البطيخ', 19, '2023-09-18 11:24:40', '2023-09-18 11:24:40', NULL),
(303, 'عزبة البرج', 19, '2023-09-18 11:24:40', '2023-09-18 11:24:40', NULL),
(304, 'ميت أبو غالب', 19, '2023-09-18 11:24:40', '2023-09-18 11:24:40', NULL),
(305, 'كفر سعد', 19, '2023-09-18 11:24:40', '2023-09-18 11:24:40', NULL),
(306, 'الزقازيق', 20, '2023-09-18 11:24:40', '2023-09-18 11:24:40', NULL),
(307, 'العاشر من رمضان', 20, '2023-09-18 11:24:40', '2023-09-18 11:24:40', NULL),
(308, 'منيا القمح', 20, '2023-09-18 11:24:40', '2023-09-18 11:24:40', NULL),
(309, 'بلبيس', 20, '2023-09-18 11:24:40', '2023-09-18 11:24:40', NULL),
(310, 'مشتول السوق', 20, '2023-09-18 11:24:40', '2023-09-18 11:24:40', NULL),
(311, 'القنايات', 20, '2023-09-18 11:24:40', '2023-09-18 11:24:40', NULL),
(312, 'أبو حماد', 20, '2023-09-18 11:24:40', '2023-09-18 11:24:40', NULL),
(313, 'القرين', 20, '2023-09-18 11:24:40', '2023-09-18 11:24:40', NULL),
(314, 'ههيا', 20, '2023-09-18 11:24:40', '2023-09-18 11:24:40', NULL),
(315, 'أبو كبير', 20, '2023-09-18 11:24:40', '2023-09-18 11:24:40', NULL),
(316, 'فاقوس', 20, '2023-09-18 11:24:40', '2023-09-18 11:24:40', NULL),
(317, 'الصالحية الجديدة', 20, '2023-09-18 11:24:40', '2023-09-18 11:24:40', NULL),
(318, 'الإبراهيمية', 20, '2023-09-18 11:24:40', '2023-09-18 11:24:40', NULL),
(319, 'ديرب نجم', 20, '2023-09-18 11:24:40', '2023-09-18 11:24:40', NULL),
(320, 'كفر صقر', 20, '2023-09-18 11:24:40', '2023-09-18 11:24:40', NULL),
(321, 'أولاد صقر', 20, '2023-09-18 11:24:40', '2023-09-18 11:24:40', NULL),
(322, 'الحسينية', 20, '2023-09-18 11:24:40', '2023-09-18 11:24:40', NULL),
(323, 'صان الحجر القبلية', 20, '2023-09-18 11:24:40', '2023-09-18 11:24:40', NULL),
(324, 'منشأة أبو عمر', 20, '2023-09-18 11:24:40', '2023-09-18 11:24:40', NULL),
(325, 'الطور', 21, '2023-09-18 11:24:40', '2023-09-18 11:24:40', NULL),
(326, 'شرم الشيخ', 21, '2023-09-18 11:24:40', '2023-09-18 11:24:40', NULL),
(327, 'دهب', 21, '2023-09-18 11:24:40', '2023-09-18 11:24:40', NULL),
(328, 'نويبع', 21, '2023-09-18 11:24:40', '2023-09-18 11:24:40', NULL),
(329, 'طابا', 21, '2023-09-18 11:24:40', '2023-09-18 11:24:40', NULL),
(330, 'سانت كاترين', 21, '2023-09-18 11:24:40', '2023-09-18 11:24:40', NULL),
(331, 'أبو رديس', 21, '2023-09-18 11:24:40', '2023-09-18 11:24:40', NULL),
(332, 'أبو زنيمة', 21, '2023-09-18 11:24:40', '2023-09-18 11:24:40', NULL),
(333, 'رأس سدر', 21, '2023-09-18 11:24:40', '2023-09-18 11:24:40', NULL),
(334, 'كفر الشيخ', 22, '2023-09-18 11:24:40', '2023-09-18 11:24:40', NULL),
(335, 'وسط البلد كفر الشيخ', 22, '2023-09-18 11:24:40', '2023-09-18 11:24:40', NULL),
(336, 'دسوق', 22, '2023-09-18 11:24:40', '2023-09-18 11:24:40', NULL),
(337, 'فوه', 22, '2023-09-18 11:24:40', '2023-09-18 11:24:40', NULL),
(338, 'مطوبس', 22, '2023-09-18 11:24:40', '2023-09-18 11:24:40', NULL),
(339, 'برج البرلس', 22, '2023-09-18 11:24:40', '2023-09-18 11:24:40', NULL),
(340, 'بلطيم', 22, '2023-09-18 11:24:40', '2023-09-18 11:24:40', NULL),
(341, 'مصيف بلطيم', 22, '2023-09-18 11:24:40', '2023-09-18 11:24:40', NULL),
(342, 'الحامول', 22, '2023-09-18 11:24:40', '2023-09-18 11:24:40', NULL),
(343, 'بيلا', 22, '2023-09-18 11:24:40', '2023-09-18 11:24:40', NULL),
(344, 'الرياض', 22, '2023-09-18 11:24:40', '2023-09-18 11:24:40', NULL),
(345, 'سيدي سالم', 22, '2023-09-18 11:24:40', '2023-09-18 11:24:40', NULL),
(346, 'قلين', 22, '2023-09-18 11:24:40', '2023-09-18 11:24:40', NULL),
(347, 'سيدي غازي', 22, '2023-09-18 11:24:40', '2023-09-18 11:24:40', NULL),
(348, 'مرسى مطروح', 23, '2023-09-18 11:24:40', '2023-09-18 11:24:40', NULL),
(349, 'الحمام', 23, '2023-09-18 11:24:40', '2023-09-18 11:24:40', NULL),
(350, 'العلمين', 23, '2023-09-18 11:24:40', '2023-09-18 11:24:40', NULL),
(351, 'الضبعة', 23, '2023-09-18 11:24:40', '2023-09-18 11:24:40', NULL),
(352, 'النجيلة', 23, '2023-09-18 11:24:40', '2023-09-18 11:24:40', NULL),
(353, 'سيدي براني', 23, '2023-09-18 11:24:40', '2023-09-18 11:24:40', NULL),
(354, 'السلوم', 23, '2023-09-18 11:24:40', '2023-09-18 11:24:40', NULL),
(355, 'سيوة', 23, '2023-09-18 11:24:40', '2023-09-18 11:24:40', NULL),
(356, 'مارينا', 23, '2023-09-18 11:24:40', '2023-09-18 11:24:40', NULL),
(357, 'الساحل الشمالى', 23, '2023-09-18 11:24:40', '2023-09-18 11:24:40', NULL),
(358, 'الأقصر', 24, '2023-09-18 11:24:40', '2023-09-18 11:24:40', NULL),
(359, 'الأقصر الجديدة', 24, '2023-09-18 11:24:40', '2023-09-18 11:24:40', NULL),
(360, 'إسنا', 24, '2023-09-18 11:24:40', '2023-09-18 11:24:40', NULL),
(361, 'طيبة الجديدة', 24, '2023-09-18 11:24:40', '2023-09-18 11:24:40', NULL),
(362, 'الزينية', 24, '2023-09-18 11:24:40', '2023-09-18 11:24:40', NULL),
(363, 'البياضية', 24, '2023-09-18 11:24:40', '2023-09-18 11:24:40', NULL),
(364, 'القرنة', 24, '2023-09-18 11:24:40', '2023-09-18 11:24:40', NULL),
(365, 'أرمنت', 24, '2023-09-18 11:24:40', '2023-09-18 11:24:40', NULL),
(366, 'الطود', 24, '2023-09-18 11:24:40', '2023-09-18 11:24:40', NULL),
(367, 'قنا', 25, '2023-09-18 11:24:40', '2023-09-18 11:24:40', NULL),
(368, 'قنا الجديدة', 25, '2023-09-18 11:24:40', '2023-09-18 11:24:40', NULL),
(369, 'ابو طشت', 25, '2023-09-18 11:24:40', '2023-09-18 11:24:40', NULL),
(370, 'نجع حمادي', 25, '2023-09-18 11:24:40', '2023-09-18 11:24:40', NULL),
(371, 'دشنا', 25, '2023-09-18 11:24:40', '2023-09-18 11:24:40', NULL),
(372, 'الوقف', 25, '2023-09-18 11:24:40', '2023-09-18 11:24:40', NULL),
(373, 'قفط', 25, '2023-09-18 11:24:40', '2023-09-18 11:24:40', NULL),
(374, 'نقادة', 25, '2023-09-18 11:24:41', '2023-09-18 11:24:41', NULL),
(375, 'فرشوط', 25, '2023-09-18 11:24:41', '2023-09-18 11:24:41', NULL),
(376, 'قوص', 25, '2023-09-18 11:24:41', '2023-09-18 11:24:41', NULL),
(377, 'العريش', 26, '2023-09-18 11:24:41', '2023-09-18 11:24:41', NULL),
(378, 'الشيخ زويد', 26, '2023-09-18 11:24:41', '2023-09-18 11:24:41', NULL),
(379, 'نخل', 26, '2023-09-18 11:24:41', '2023-09-18 11:24:41', NULL),
(380, 'رفح', 26, '2023-09-18 11:24:41', '2023-09-18 11:24:41', NULL),
(381, 'بئر العبد', 26, '2023-09-18 11:24:41', '2023-09-18 11:24:41', NULL),
(382, 'الحسنة', 26, '2023-09-18 11:24:41', '2023-09-18 11:24:41', NULL),
(383, 'سوهاج', 27, '2023-09-18 11:24:41', '2023-09-18 11:24:41', NULL),
(384, 'سوهاج الجديدة', 27, '2023-09-18 11:24:41', '2023-09-18 11:24:41', NULL),
(385, 'أخميم', 27, '2023-09-18 11:24:41', '2023-09-18 11:24:41', NULL),
(386, 'أخميم الجديدة', 27, '2023-09-18 11:24:41', '2023-09-18 11:24:41', NULL),
(387, 'البلينا', 27, '2023-09-18 11:24:41', '2023-09-18 11:24:41', NULL),
(388, 'المراغة', 27, '2023-09-18 11:24:41', '2023-09-18 11:24:41', NULL),
(389, 'المنشأة', 27, '2023-09-18 11:24:41', '2023-09-18 11:24:41', NULL),
(390, 'دار السلام', 27, '2023-09-18 11:24:41', '2023-09-18 11:24:41', NULL),
(391, 'جرجا', 27, '2023-09-18 11:24:41', '2023-09-18 11:24:41', NULL),
(392, 'جهينة الغربية', 27, '2023-09-18 11:24:41', '2023-09-18 11:24:41', NULL),
(393, 'ساقلته', 27, '2023-09-18 11:24:41', '2023-09-18 11:24:41', NULL),
(394, 'طما', 27, '2023-09-18 11:24:41', '2023-09-18 11:24:41', NULL),
(395, 'طهطا', 27, '2023-09-18 11:24:41', '2023-09-18 11:24:41', NULL),
(396, 'الكوثر', 27, '2023-09-18 11:24:41', '2023-09-18 11:24:41', NULL),
(397, 'مدينة نصر', 1, '2023-11-30 07:06:17', '2023-11-30 07:06:17', NULL),
(398, '', 1, '2023-11-30 10:19:43', '2023-11-30 10:19:43', NULL),
(399, 'مصر الجديدة', 1, '2023-11-30 11:56:24', '2023-11-30 11:56:24', NULL),
(404, 'المعادي', 1, '2023-12-15 22:29:04', '2023-12-15 22:29:04', NULL),
(405, 'مدينة الرحب', 1, '2023-12-15 22:29:04', '2023-12-15 22:29:04', NULL),
(406, 'مدينة  نصر', 1, '2023-12-15 22:29:04', '2023-12-15 22:29:04', NULL),
(407, 'الزيتون', 1, '2023-12-18 07:37:09', '2023-12-18 07:37:09', NULL),
(408, 'اخري', 1, '2023-12-18 10:13:17', '2023-12-18 10:13:17', NULL);

-- --------------------------------------------------------

--
-- Table structure for table `attachments`
--

CREATE TABLE `attachments` (
  `id` bigint(20) UNSIGNED NOT NULL,
  `attachment_name` varchar(255) COLLATE utf8mb4_unicode_ci DEFAULT NULL,
  `attachment` varchar(255) COLLATE utf8mb4_unicode_ci DEFAULT '0',
  `customer_id` bigint(20) UNSIGNED DEFAULT 0,
  `created_at` timestamp NULL DEFAULT NULL,
  `updated_at` timestamp NULL DEFAULT NULL,
  `deleted_at` timestamp NULL DEFAULT NULL,
  `type` varchar(255) COLLATE utf8mb4_unicode_ci DEFAULT NULL,
  `size` varchar(255) COLLATE utf8mb4_unicode_ci DEFAULT NULL,
  `ticket_reply_id` bigint(20) UNSIGNED DEFAULT NULL,
  `ticket_id` bigint(20) UNSIGNED DEFAULT NULL
) ENGINE=InnoDB DEFAULT CHARSET=utf8mb4 COLLATE=utf8mb4_unicode_ci;

-- --------------------------------------------------------

--
-- Table structure for table `branches`
--

CREATE TABLE `branches` (
  `id` bigint(20) UNSIGNED NOT NULL,
  `name` varchar(255) COLLATE utf8mb4_unicode_ci DEFAULT NULL,
  `created_at` timestamp NULL DEFAULT NULL,
  `updated_at` timestamp NULL DEFAULT NULL,
  `deleted_at` timestamp NULL DEFAULT NULL,
  `code` varchar(255) COLLATE utf8mb4_unicode_ci DEFAULT NULL
) ENGINE=InnoDB DEFAULT CHARSET=utf8mb4 COLLATE=utf8mb4_unicode_ci;

--
-- Dumping data for table `branches`
--

INSERT INTO `branches` (`id`, `name`, `created_at`, `updated_at`, `deleted_at`, `code`) VALUES
(1, 'المركز الرئيسي', '2024-01-30 11:00:40', '2024-02-03 09:38:28', NULL, NULL),
(2, 'المعادي', '2024-01-30 11:00:49', '2024-02-03 09:38:39', NULL, NULL),
(3, 'الاسكندرية', '2024-02-08 13:09:13', '2024-02-08 13:09:13', NULL, NULL);

-- --------------------------------------------------------

--
-- Table structure for table `campaigns`
--

CREATE TABLE `campaigns` (
  `id` bigint(20) UNSIGNED NOT NULL,
  `name` varchar(255) COLLATE utf8mb4_unicode_ci DEFAULT NULL,
  `url` varchar(255) COLLATE utf8mb4_unicode_ci DEFAULT NULL,
  `activity_id` bigint(20) UNSIGNED DEFAULT NULL,
  `interest_id` bigint(20) UNSIGNED DEFAULT NULL,
  `contact_source_id` bigint(20) UNSIGNED DEFAULT NULL,
  `created_at` timestamp NULL DEFAULT NULL,
  `updated_at` timestamp NULL DEFAULT NULL,
  `deleted_at` timestamp NULL DEFAULT NULL
) ENGINE=InnoDB DEFAULT CHARSET=utf8mb4 COLLATE=utf8mb4_unicode_ci;

--
-- Dumping data for table `campaigns`
--

INSERT INTO `campaigns` (`id`, `name`, `url`, `activity_id`, `interest_id`, `contact_source_id`, `created_at`, `updated_at`, `deleted_at`) VALUES
(1, 'campaign 1', 'url', 1, 1, 1, '2024-01-30 11:09:27', '2024-01-30 11:09:27', NULL),
(2, 'campaign 2', 'url 2', 2, 2, 2, '2024-01-30 11:09:27', '2024-01-30 11:09:27', NULL);

-- --------------------------------------------------------

--
-- Table structure for table `categories`
--

CREATE TABLE `categories` (
  `id` bigint(20) UNSIGNED NOT NULL,
  `name` varchar(255) COLLATE utf8mb4_unicode_ci DEFAULT NULL,
  `parent_id` bigint(20) UNSIGNED DEFAULT NULL,
  `created_at` timestamp NULL DEFAULT NULL,
  `updated_at` timestamp NULL DEFAULT NULL
) ENGINE=InnoDB DEFAULT CHARSET=utf8mb4 COLLATE=utf8mb4_unicode_ci;

-- --------------------------------------------------------

--
-- Table structure for table `cities`
--

CREATE TABLE `cities` (
  `id` bigint(20) UNSIGNED NOT NULL,
  `name` varchar(255) COLLATE utf8mb4_unicode_ci DEFAULT NULL,
  `country_id` bigint(20) UNSIGNED DEFAULT NULL,
  `created_at` timestamp NULL DEFAULT NULL,
  `updated_at` timestamp NULL DEFAULT NULL,
  `deleted_at` timestamp NULL DEFAULT NULL
) ENGINE=InnoDB DEFAULT CHARSET=utf8mb4 COLLATE=utf8mb4_unicode_ci;

--
-- Dumping data for table `cities`
--

INSERT INTO `cities` (`id`, `name`, `country_id`, `created_at`, `updated_at`, `deleted_at`) VALUES
(1, 'القاهرة', 63, NULL, NULL, NULL),
(2, 'الجيزة', 63, NULL, NULL, NULL),
(3, 'الأسكندرية', 63, NULL, NULL, NULL),
(4, 'الدقهلية', 63, NULL, NULL, NULL),
(5, 'البحر الأحمر', 63, NULL, NULL, NULL),
(6, 'البحيرة', 63, NULL, NULL, NULL),
(7, 'الفيوم', 63, NULL, NULL, NULL),
(8, 'الغربية', 63, NULL, NULL, NULL),
(9, 'الإسماعلية', 63, NULL, NULL, NULL),
(10, 'المنوفية', 63, NULL, NULL, NULL),
(11, 'المنيا', 63, NULL, NULL, NULL),
(12, 'القليوبية', 63, NULL, NULL, NULL),
(13, 'الوادي الجديد', 63, NULL, NULL, NULL),
(14, 'السويس', 63, NULL, NULL, NULL),
(15, 'اسوان', 63, NULL, NULL, NULL),
(16, 'اسيوط', 63, NULL, NULL, NULL),
(17, 'بني سويف', 63, NULL, NULL, NULL),
(18, 'بورسعيد', 63, NULL, NULL, NULL),
(19, 'دمياط', 63, NULL, NULL, NULL),
(20, 'الشرقية', 63, NULL, NULL, NULL),
(21, 'جنوب سيناء', 63, NULL, NULL, NULL),
(22, 'كفر الشيخ', 63, NULL, NULL, NULL),
(23, 'مطروح', 63, NULL, NULL, NULL),
(24, 'الأقصر', 63, NULL, NULL, NULL),
(25, 'قنا', 63, NULL, NULL, NULL),
(26, 'شمال سيناء', 63, NULL, NULL, NULL),
(27, 'سوهاج', 63, NULL, NULL, NULL),
(28, '', 63, '2023-11-30 10:19:43', '2023-11-30 10:19:43', NULL);

-- --------------------------------------------------------

--
-- Table structure for table `communication_logs`
--

CREATE TABLE `communication_logs` (
  `id` bigint(20) UNSIGNED NOT NULL,
  `user_type` enum('customer','agent') COLLATE utf8mb4_unicode_ci NOT NULL,
  `comment` text COLLATE utf8mb4_unicode_ci NOT NULL,
  `ticket_id` bigint(20) UNSIGNED DEFAULT NULL,
  `user_id` varchar(255) COLLATE utf8mb4_unicode_ci DEFAULT NULL,
  `created_at` timestamp NULL DEFAULT NULL,
  `updated_at` timestamp NULL DEFAULT NULL
) ENGINE=InnoDB DEFAULT CHARSET=utf8mb4 COLLATE=utf8mb4_unicode_ci;

--
-- Dumping data for table `communication_logs`
--

INSERT INTO `communication_logs` (`id`, `user_type`, `comment`, `ticket_id`, `user_id`, `created_at`, `updated_at`) VALUES
(1, 'customer', 'cvvssdv', 1, '9', '2024-04-23 11:52:46', '2024-04-23 11:52:46'),
(2, 'customer', 'cvvssdv', 9, '9', '2024-04-23 11:55:38', '2024-04-23 11:55:38'),
(3, 'agent', 'sadsasd', 9, '1', '2024-04-23 11:55:49', '2024-04-23 11:55:49'),
(4, 'customer', 'cvvssdvss', 9, '9', '2024-04-23 11:55:56', '2024-04-23 11:55:56');

-- --------------------------------------------------------

--
-- Table structure for table `contacts`
--

CREATE TABLE `contacts` (
  `id` bigint(20) UNSIGNED NOT NULL,
  `name` varchar(255) COLLATE utf8mb4_unicode_ci DEFAULT NULL,
  `mobile` varchar(255) COLLATE utf8mb4_unicode_ci DEFAULT NULL,
  `mobile2` varchar(255) COLLATE utf8mb4_unicode_ci DEFAULT NULL,
  `email` varchar(255) COLLATE utf8mb4_unicode_ci DEFAULT NULL,
  `company_name` varchar(255) COLLATE utf8mb4_unicode_ci DEFAULT NULL,
  `notes` varchar(255) COLLATE utf8mb4_unicode_ci DEFAULT NULL,
  `gender` varchar(255) COLLATE utf8mb4_unicode_ci DEFAULT NULL,
  `status` enum('new','contacted','qualified','converted') COLLATE utf8mb4_unicode_ci DEFAULT 'new',
  `is_trashed` tinyint(1) DEFAULT 0,
  `birth_date` date DEFAULT NULL,
  `national_id` varchar(255) COLLATE utf8mb4_unicode_ci DEFAULT NULL,
  `is_active` tinyint(1) DEFAULT 1,
  `custom_attributes` text COLLATE utf8mb4_unicode_ci DEFAULT NULL,
  `code` varchar(255) COLLATE utf8mb4_unicode_ci DEFAULT NULL,
  `city_id` bigint(20) UNSIGNED DEFAULT NULL,
  `area_id` bigint(20) UNSIGNED DEFAULT NULL,
  `contact_source_id` bigint(20) UNSIGNED DEFAULT NULL,
  `contact_category_id` bigint(20) UNSIGNED DEFAULT NULL,
  `job_title_id` bigint(20) UNSIGNED DEFAULT NULL,
  `industry_id` bigint(20) UNSIGNED DEFAULT NULL,
  `major_id` bigint(20) UNSIGNED DEFAULT NULL,
  `employee_id` bigint(20) UNSIGNED DEFAULT NULL,
  `activity_id` bigint(20) UNSIGNED DEFAULT NULL,
  `interest_id` bigint(20) UNSIGNED DEFAULT NULL,
  `customer_id` bigint(20) UNSIGNED DEFAULT NULL,
  `campaign_id` bigint(20) UNSIGNED DEFAULT NULL,
  `created_by` bigint(20) UNSIGNED DEFAULT NULL,
  `created_at` timestamp NULL DEFAULT NULL,
  `updated_at` timestamp NULL DEFAULT NULL,
  `deleted_at` timestamp NULL DEFAULT NULL,
  `address` varchar(255) COLLATE utf8mb4_unicode_ci DEFAULT NULL,
  `religion` enum('muslim','christian','other') COLLATE utf8mb4_unicode_ci DEFAULT NULL,
  `branch_id` bigint(20) UNSIGNED DEFAULT NULL
) ENGINE=InnoDB DEFAULT CHARSET=utf8mb4 COLLATE=utf8mb4_unicode_ci;

--
-- Dumping data for table `contacts`
--

INSERT INTO `contacts` (`id`, `name`, `mobile`, `mobile2`, `email`, `company_name`, `notes`, `gender`, `status`, `is_trashed`, `birth_date`, `national_id`, `is_active`, `custom_attributes`, `code`, `city_id`, `area_id`, `contact_source_id`, `contact_category_id`, `job_title_id`, `industry_id`, `major_id`, `employee_id`, `activity_id`, `interest_id`, `customer_id`, `campaign_id`, `created_by`, `created_at`, `updated_at`, `deleted_at`, `address`, `religion`, `branch_id`) VALUES
(6, 'وليد', '01234567894', NULL, NULL, NULL, NULL, 'Male', 'converted', 0, '2024-02-20', NULL, 1, NULL, NULL, 1, 24, 1, NULL, 2, 2, 2, 2, 1, 1, 8, NULL, 1, '2024-02-06 09:05:43', '2024-02-08 14:58:51', NULL, NULL, NULL, NULL),
(7, 'دينا محمود علي', '01234567893', NULL, 'dinamahmoud@gmail.com', NULL, NULL, 'Male', 'contacted', 0, NULL, NULL, 1, NULL, NULL, 1, 30, 2, NULL, NULL, 2, 2, 2, 2, 2, NULL, NULL, 1, '2024-02-06 09:29:15', '2024-02-19 10:15:23', NULL, NULL, NULL, NULL),
(8, 'name api', '0101685643300', NULL, 'rana@mv-is.com', 'وي دو للحلول الرقمية', NULL, 'Female', 'new', 1, '1994-05-28', '1234567891011', 0, NULL, NULL, 3, 115, 1, NULL, NULL, 2, 2, 2, 1, 1, NULL, NULL, 1, '2024-02-08 13:15:52', '2024-04-21 05:20:43', NULL, NULL, NULL, NULL),
(9, 'احمد فاروق', '01234567891x', NULL, NULL, NULL, NULL, 'Male', 'new', 0, NULL, '', 1, NULL, NULL, 3, 109, 1, NULL, NULL, 2, 2, 2, 1, 1, NULL, NULL, 1, '2024-02-08 14:54:56', '2024-04-21 04:18:33', '2024-04-21 04:18:33', NULL, NULL, NULL),
(10, 'احمد ابراهيم', '01234567892', NULL, NULL, NULL, NULL, 'Male', 'converted', 1, NULL, NULL, 1, NULL, NULL, 3, 117, 2, NULL, NULL, 1, 1, 2, 2, 2, 9, NULL, 1, '2024-02-08 14:56:02', '2024-04-16 12:33:05', NULL, NULL, NULL, NULL),
(11, 'علي عمر', '01007020762x', NULL, NULL, NULL, NULL, 'Male', 'contacted', 0, NULL, '', 1, NULL, NULL, NULL, NULL, 1, NULL, NULL, NULL, NULL, NULL, 1, 3, NULL, NULL, 1, '2024-02-19 12:03:27', '2024-04-21 04:38:00', '2024-04-21 04:38:00', NULL, NULL, NULL),
(12, 'بلال محمد', '01060934566', NULL, NULL, NULL, NULL, 'Male', 'qualified', 0, NULL, NULL, 0, NULL, NULL, NULL, NULL, 1, NULL, NULL, NULL, NULL, NULL, 1, 3, NULL, NULL, 1, '2024-04-09 02:19:24', '2024-04-21 08:04:48', NULL, NULL, NULL, NULL),
(13, 'محمد علي', '01156879716', '8888', 'rrrrrr@gmail.com', 'frhh', 'ccbb', 'Male', 'converted', 0, '2000-01-01', '22555', 1, NULL, NULL, 9, 204, 1, NULL, 3, NULL, NULL, NULL, 1, 1, 11, NULL, 1, '2024-04-21 05:36:53', '2024-04-23 10:29:15', NULL, NULL, NULL, NULL),
(14, 'Ahmed Nabil Esmail', '01016856433', NULL, 'ahmednassag@gmail.com', NULL, NULL, 'Male', 'new', 0, NULL, NULL, 1, NULL, NULL, NULL, NULL, 1, NULL, NULL, NULL, NULL, NULL, 1, 1, NULL, NULL, 1, '2024-05-20 09:58:06', '2024-05-20 10:25:45', NULL, NULL, NULL, NULL);

-- --------------------------------------------------------

--
-- Table structure for table `contact_categories`
--

CREATE TABLE `contact_categories` (
  `id` bigint(20) UNSIGNED NOT NULL,
  `name` varchar(255) COLLATE utf8mb4_unicode_ci DEFAULT NULL,
  `created_at` timestamp NULL DEFAULT NULL,
  `updated_at` timestamp NULL DEFAULT NULL,
  `deleted_at` timestamp NULL DEFAULT NULL
) ENGINE=InnoDB DEFAULT CHARSET=utf8mb4 COLLATE=utf8mb4_unicode_ci;

--
-- Dumping data for table `contact_categories`
--

INSERT INTO `contact_categories` (`id`, `name`, `created_at`, `updated_at`, `deleted_at`) VALUES
(1, 'VIP', '2024-01-30 10:57:10', '2024-02-02 13:42:45', NULL),
(2, 'فئة عليا', '2024-01-30 10:57:28', '2024-02-02 13:44:39', NULL);

-- --------------------------------------------------------

--
-- Table structure for table `contact_completions`
--

CREATE TABLE `contact_completions` (
  `id` bigint(20) UNSIGNED NOT NULL,
  `property_name` varchar(255) COLLATE utf8mb4_unicode_ci DEFAULT NULL,
  `contact_id` bigint(20) UNSIGNED DEFAULT NULL,
  `completed_by` bigint(20) UNSIGNED DEFAULT NULL,
  `created_at` timestamp NULL DEFAULT NULL,
  `updated_at` timestamp NULL DEFAULT NULL
) ENGINE=InnoDB DEFAULT CHARSET=utf8mb4 COLLATE=utf8mb4_unicode_ci;

--
-- Dumping data for table `contact_completions`
--

INSERT INTO `contact_completions` (`id`, `property_name`, `contact_id`, `completed_by`, `created_at`, `updated_at`) VALUES
(127, 'name', 9, 1, '2024-02-08 14:54:56', '2024-02-08 14:54:56'),
(128, 'contact_source_id', 9, 1, '2024-02-08 14:54:56', '2024-02-08 14:54:56'),
(129, 'activity_id', 9, 1, '2024-02-08 14:54:56', '2024-02-08 14:54:56'),
(130, 'interest_id', 9, 1, '2024-02-08 14:54:56', '2024-02-08 14:54:56'),
(131, 'mobile', 9, 1, '2024-02-08 14:54:56', '2024-02-08 14:54:56'),
(132, 'gender', 9, 1, '2024-02-08 14:54:56', '2024-02-08 14:54:56'),
(133, 'city_id', 9, 1, '2024-02-08 14:54:56', '2024-02-08 14:54:56'),
(134, 'area_id', 9, 1, '2024-02-08 14:54:56', '2024-02-08 14:54:56'),
(135, 'industry_id', 9, 1, '2024-02-08 14:54:56', '2024-02-08 14:54:56'),
(136, 'major_id', 9, 1, '2024-02-08 14:54:56', '2024-02-08 14:54:56'),
(137, 'name', 10, 1, '2024-02-08 14:56:02', '2024-02-08 14:56:02'),
(138, 'contact_source_id', 10, 1, '2024-02-08 14:56:02', '2024-02-08 14:56:02'),
(139, 'activity_id', 10, 1, '2024-02-08 14:56:02', '2024-02-08 14:56:02'),
(140, 'interest_id', 10, 1, '2024-02-08 14:56:02', '2024-02-08 14:56:02'),
(141, 'mobile', 10, 1, '2024-02-08 14:56:02', '2024-02-08 14:56:02'),
(142, 'gender', 10, 1, '2024-02-08 14:56:02', '2024-02-08 14:56:02'),
(143, 'city_id', 10, 1, '2024-02-08 14:56:02', '2024-02-08 14:56:02'),
(144, 'area_id', 10, 1, '2024-02-08 14:56:02', '2024-02-08 14:56:02'),
(145, 'industry_id', 10, 1, '2024-02-08 14:56:02', '2024-02-08 14:56:02'),
(146, 'major_id', 10, 1, '2024-02-08 14:56:02', '2024-02-08 14:56:02'),
(165, 'name', 6, 1, '2024-02-08 14:57:51', '2024-02-08 14:57:51'),
(166, 'contact_source_id', 6, 1, '2024-02-08 14:57:51', '2024-02-08 14:57:51'),
(167, 'activity_id', 6, 1, '2024-02-08 14:57:51', '2024-02-08 14:57:51'),
(168, 'interest_id', 6, 1, '2024-02-08 14:57:51', '2024-02-08 14:57:51'),
(169, 'mobile', 6, 1, '2024-02-08 14:57:51', '2024-02-08 14:57:51'),
(170, 'birth_date', 6, 1, '2024-02-08 14:57:51', '2024-02-08 14:57:51'),
(171, 'job_title_id', 6, 1, '2024-02-08 14:57:51', '2024-02-08 14:57:51'),
(172, 'gender', 6, 1, '2024-02-08 14:57:51', '2024-02-08 14:57:51'),
(173, 'city_id', 6, 1, '2024-02-08 14:57:51', '2024-02-08 14:57:51'),
(174, 'area_id', 6, 1, '2024-02-08 14:57:51', '2024-02-08 14:57:51'),
(175, 'industry_id', 6, 1, '2024-02-08 14:57:51', '2024-02-08 14:57:51'),
(176, 'major_id', 6, 1, '2024-02-08 14:57:51', '2024-02-08 14:57:51'),
(177, 'name', 7, 1, '2024-02-19 10:15:24', '2024-02-19 10:15:24'),
(178, 'contact_source_id', 7, 1, '2024-02-19 10:15:24', '2024-02-19 10:15:24'),
(179, 'activity_id', 7, 1, '2024-02-19 10:15:24', '2024-02-19 10:15:24'),
(180, 'interest_id', 7, 1, '2024-02-19 10:15:24', '2024-02-19 10:15:24'),
(181, 'mobile', 7, 1, '2024-02-19 10:15:24', '2024-02-19 10:15:24'),
(182, 'email', 7, 1, '2024-02-19 10:15:24', '2024-02-19 10:15:24'),
(183, 'gender', 7, 1, '2024-02-19 10:15:24', '2024-02-19 10:15:24'),
(184, 'city_id', 7, 1, '2024-02-19 10:15:24', '2024-02-19 10:15:24'),
(185, 'area_id', 7, 1, '2024-02-19 10:15:24', '2024-02-19 10:15:24'),
(186, 'industry_id', 7, 1, '2024-02-19 10:15:24', '2024-02-19 10:15:24'),
(187, 'major_id', 7, 1, '2024-02-19 10:15:24', '2024-02-19 10:15:24'),
(188, 'name', 11, 1, '2024-02-19 12:03:27', '2024-02-19 12:03:27'),
(189, 'contact_source_id', 11, 1, '2024-02-19 12:03:27', '2024-02-19 12:03:27'),
(190, 'activity_id', 11, 1, '2024-02-19 12:03:27', '2024-02-19 12:03:27'),
(191, 'interest_id', 11, 1, '2024-02-19 12:03:27', '2024-02-19 12:03:27'),
(192, 'mobile', 11, 1, '2024-02-19 12:03:27', '2024-02-19 12:03:27'),
(193, 'gender', 11, 1, '2024-02-19 12:03:27', '2024-02-19 12:03:27'),
(200, 'name', 8, 1, '2024-04-21 05:20:43', '2024-04-21 05:20:43'),
(201, 'mobile', 8, 1, '2024-04-21 05:20:43', '2024-04-21 05:20:43'),
(202, 'contact_source_id', 8, 1, '2024-04-21 05:20:43', '2024-04-21 05:20:43'),
(203, 'activity_id', 8, 1, '2024-04-21 05:20:43', '2024-04-21 05:20:43'),
(204, 'interest_id', 8, 1, '2024-04-21 05:20:43', '2024-04-21 05:20:43'),
(222, 'name', 13, 1, '2024-04-21 08:04:30', '2024-04-21 08:04:30'),
(223, 'name', 13, 1, '2024-04-21 08:04:30', '2024-04-21 08:04:30'),
(224, 'contact_source_id', 13, 1, '2024-04-21 08:04:30', '2024-04-21 08:04:30'),
(225, 'contact_source_id', 13, 1, '2024-04-21 08:04:30', '2024-04-21 08:04:30'),
(226, 'activity_id', 13, 1, '2024-04-21 08:04:30', '2024-04-21 08:04:30'),
(227, 'activity_id', 13, 1, '2024-04-21 08:04:30', '2024-04-21 08:04:30'),
(228, 'interest_id', 13, 1, '2024-04-21 08:04:30', '2024-04-21 08:04:30'),
(229, 'interest_id', 13, 1, '2024-04-21 08:04:30', '2024-04-21 08:04:30'),
(230, 'mobile', 13, 1, '2024-04-21 08:04:30', '2024-04-21 08:04:30'),
(231, 'mobile', 13, 1, '2024-04-21 08:04:30', '2024-04-21 08:04:30'),
(232, 'mobile2', 13, 1, '2024-04-21 08:04:30', '2024-04-21 08:04:30'),
(233, 'mobile2', 13, 1, '2024-04-21 08:04:31', '2024-04-21 08:04:31'),
(234, 'email', 13, 1, '2024-04-21 08:04:31', '2024-04-21 08:04:31'),
(235, 'email', 13, 1, '2024-04-21 08:04:31', '2024-04-21 08:04:31'),
(236, 'national_id', 13, 1, '2024-04-21 08:04:31', '2024-04-21 08:04:31'),
(237, 'national_id', 13, 1, '2024-04-21 08:04:31', '2024-04-21 08:04:31'),
(238, 'birth_date', 13, 1, '2024-04-21 08:04:31', '2024-04-21 08:04:31'),
(239, 'birth_date', 13, 1, '2024-04-21 08:04:31', '2024-04-21 08:04:31'),
(240, 'company_name', 13, 1, '2024-04-21 08:04:31', '2024-04-21 08:04:31'),
(241, 'company_name', 13, 1, '2024-04-21 08:04:31', '2024-04-21 08:04:31'),
(242, 'job_title_id', 13, 1, '2024-04-21 08:04:31', '2024-04-21 08:04:31'),
(243, 'job_title_id', 13, 1, '2024-04-21 08:04:31', '2024-04-21 08:04:31'),
(244, 'gender', 13, 1, '2024-04-21 08:04:31', '2024-04-21 08:04:31'),
(245, 'gender', 13, 1, '2024-04-21 08:04:31', '2024-04-21 08:04:31'),
(246, 'city_id', 13, 1, '2024-04-21 08:04:31', '2024-04-21 08:04:31'),
(247, 'city_id', 13, 1, '2024-04-21 08:04:31', '2024-04-21 08:04:31'),
(248, 'area_id', 13, 1, '2024-04-21 08:04:31', '2024-04-21 08:04:31'),
(249, 'area_id', 13, 1, '2024-04-21 08:04:31', '2024-04-21 08:04:31'),
(250, 'notes', 13, 1, '2024-04-21 08:04:31', '2024-04-21 08:04:31'),
(251, 'notes', 13, 1, '2024-04-21 08:04:31', '2024-04-21 08:04:31'),
(252, 'name', 12, 1, '2024-04-21 08:04:48', '2024-04-21 08:04:48'),
(253, 'contact_source_id', 12, 1, '2024-04-21 08:04:48', '2024-04-21 08:04:48'),
(254, 'activity_id', 12, 1, '2024-04-21 08:04:48', '2024-04-21 08:04:48'),
(255, 'interest_id', 12, 1, '2024-04-21 08:04:48', '2024-04-21 08:04:48'),
(256, 'mobile', 12, 1, '2024-04-21 08:04:48', '2024-04-21 08:04:48'),
(257, 'gender', 12, 1, '2024-04-21 08:04:48', '2024-04-21 08:04:48'),
(272, 'name', 14, 1, '2024-05-20 10:25:45', '2024-05-20 10:25:45'),
(273, 'contact_source_id', 14, 1, '2024-05-20 10:25:45', '2024-05-20 10:25:45'),
(274, 'activity_id', 14, 1, '2024-05-20 10:25:45', '2024-05-20 10:25:45'),
(275, 'interest_id', 14, 1, '2024-05-20 10:25:45', '2024-05-20 10:25:45'),
(276, 'mobile', 14, 1, '2024-05-20 10:25:45', '2024-05-20 10:25:45'),
(277, 'email', 14, 1, '2024-05-20 10:25:45', '2024-05-20 10:25:45'),
(278, 'gender', 14, 1, '2024-05-20 10:25:45', '2024-05-20 10:25:45');

-- --------------------------------------------------------

--
-- Table structure for table `contact_sources`
--

CREATE TABLE `contact_sources` (
  `id` bigint(20) UNSIGNED NOT NULL,
  `name` varchar(255) COLLATE utf8mb4_unicode_ci DEFAULT NULL,
  `created_at` timestamp NULL DEFAULT NULL,
  `updated_at` timestamp NULL DEFAULT NULL,
  `deleted_at` timestamp NULL DEFAULT NULL
) ENGINE=InnoDB DEFAULT CHARSET=utf8mb4 COLLATE=utf8mb4_unicode_ci;

--
-- Dumping data for table `contact_sources`
--

INSERT INTO `contact_sources` (`id`, `name`, `created_at`, `updated_at`, `deleted_at`) VALUES
(1, 'الفيسبوك', '2024-01-30 10:56:22', '2024-02-02 13:42:12', NULL),
(2, 'جوجل', '2024-01-30 10:56:46', '2024-02-02 13:42:27', NULL),
(3, 'مندوب', '2024-02-08 12:11:29', '2024-02-08 12:11:29', NULL);

-- --------------------------------------------------------

--
-- Table structure for table `countries`
--

CREATE TABLE `countries` (
  `id` bigint(20) UNSIGNED NOT NULL,
  `name` varchar(255) COLLATE utf8mb4_unicode_ci DEFAULT NULL,
  `nicename` varchar(255) COLLATE utf8mb4_unicode_ci DEFAULT NULL,
  `iso` varchar(255) COLLATE utf8mb4_unicode_ci DEFAULT NULL,
  `iso3` varchar(255) COLLATE utf8mb4_unicode_ci DEFAULT NULL,
  `numcode` int(11) DEFAULT NULL,
  `phonecode` int(11) DEFAULT NULL,
  `created_at` timestamp NULL DEFAULT NULL,
  `updated_at` timestamp NULL DEFAULT NULL,
  `deleted_at` timestamp NULL DEFAULT NULL
) ENGINE=InnoDB DEFAULT CHARSET=utf8mb4 COLLATE=utf8mb4_unicode_ci;

--
-- Dumping data for table `countries`
--

INSERT INTO `countries` (`id`, `name`, `nicename`, `iso`, `iso3`, `numcode`, `phonecode`, `created_at`, `updated_at`, `deleted_at`) VALUES
(1, 'AFGHANISTAN', 'Afghanistan', 'AF', 'AFG', 4, 93, NULL, NULL, NULL),
(2, 'ALBANIA', 'Albania', 'AL', 'ALB', 8, 355, NULL, NULL, NULL),
(3, 'ALGERIA', 'Algeria', 'DZ', 'DZA', 12, 213, NULL, NULL, NULL),
(4, 'AMERICAN SAMOA', 'American Samoa', 'AS', 'ASM', 16, 1684, NULL, NULL, NULL),
(5, 'ANDORRA', 'Andorra', 'AD', 'AND', 20, 376, NULL, NULL, NULL),
(6, 'ANGOLA', 'Angola', 'AO', 'AGO', 24, 244, NULL, NULL, NULL),
(7, 'ANGUILLA', 'Anguilla', 'AI', 'AIA', 660, 1264, NULL, NULL, NULL),
(8, 'ANTARCTICA', 'Antarctica', 'AQ', '', 0, 0, NULL, NULL, NULL),
(9, 'ANTIGUA AND BARBUDA', 'Antigua and Barbuda', 'AG', 'ATG', 28, 1268, NULL, NULL, NULL),
(10, 'ARGENTINA', 'Argentina', 'AR', 'ARG', 32, 54, NULL, NULL, NULL),
(11, 'ARMENIA', 'Armenia', 'AM', 'ARM', 51, 374, NULL, NULL, NULL),
(12, 'ARUBA', 'Aruba', 'AW', 'ABW', 533, 297, NULL, NULL, NULL),
(13, 'AUSTRALIA', 'Australia', 'AU', 'AUS', 36, 61, NULL, NULL, NULL),
(14, 'AUSTRIA', 'Austria', 'AT', 'AUT', 40, 43, NULL, NULL, NULL),
(15, 'AZERBAIJAN', 'Azerbaijan', 'AZ', 'AZE', 31, 994, NULL, NULL, NULL),
(16, 'BAHAMAS', 'Bahamas', 'BS', 'BHS', 44, 1242, NULL, NULL, NULL),
(17, 'BAHRAIN', 'Bahrain', 'BH', 'BHR', 48, 973, NULL, NULL, NULL),
(18, 'BANGLADESH', 'Bangladesh', 'BD', 'BGD', 50, 880, NULL, NULL, NULL),
(19, 'BARBADOS', 'Barbados', 'BB', 'BRB', 52, 1246, NULL, NULL, NULL),
(20, 'BELARUS', 'Belarus', 'BY', 'BLR', 112, 375, NULL, NULL, NULL),
(21, 'BELGIUM', 'Belgium', 'BE', 'BEL', 56, 32, NULL, NULL, NULL),
(22, 'BELIZE', 'Belize', 'BZ', 'BLZ', 84, 501, NULL, NULL, NULL),
(23, 'BENIN', 'Benin', 'BJ', 'BEN', 204, 229, NULL, NULL, NULL),
(24, 'BERMUDA', 'Bermuda', 'BM', 'BMU', 60, 1441, NULL, NULL, NULL),
(25, 'BHUTAN', 'Bhutan', 'BT', 'BTN', 64, 975, NULL, NULL, NULL),
(26, 'BOLIVIA', 'Bolivia', 'BO', 'BOL', 68, 591, NULL, NULL, NULL),
(27, 'BOSNIA AND HERZEGOVINA', 'Bosnia and Herzegovina', 'BA', 'BIH', 70, 387, NULL, NULL, NULL),
(28, 'BOTSWANA', 'Botswana', 'BW', 'BWA', 72, 267, NULL, NULL, NULL),
(29, 'BOUVET ISLAND', 'Bouvet Island', 'BV', '', 0, 0, NULL, NULL, NULL),
(30, 'BRAZIL', 'Brazil', 'BR', 'BRA', 76, 55, NULL, NULL, NULL),
(31, 'BRITISH INDIAN OCEAN TERRITORY', 'British Indian Ocean Territory', 'IO', '', 0, 246, NULL, NULL, NULL),
(32, 'BRUNEI DARUSSALAM', 'Brunei Darussalam', 'BN', 'BRN', 96, 673, NULL, NULL, NULL),
(33, 'BULGARIA', 'Bulgaria', 'BG', 'BGR', 100, 359, NULL, NULL, NULL),
(34, 'BURKINA FASO', 'Burkina Faso', 'BF', 'BFA', 854, 226, NULL, NULL, NULL),
(35, 'BURUNDI', 'Burundi', 'BI', 'BDI', 108, 257, NULL, NULL, NULL),
(36, 'CAMBODIA', 'Cambodia', 'KH', 'KHM', 116, 855, NULL, NULL, NULL),
(37, 'CAMEROON', 'Cameroon', 'CM', 'CMR', 120, 237, NULL, NULL, NULL),
(38, 'CANADA', 'Canada', 'CA', 'CAN', 124, 1, NULL, NULL, NULL),
(39, 'CAPE VERDE', 'Cape Verde', 'CV', 'CPV', 132, 238, NULL, NULL, NULL),
(40, 'CAYMAN ISLANDS', 'Cayman Islands', 'KY', 'CYM', 136, 1345, NULL, NULL, NULL),
(41, 'CENTRAL AFRICAN REPUBLIC', 'Central African Republic', 'CF', 'CAF', 140, 236, NULL, NULL, NULL),
(42, 'CHAD', 'Chad', 'TD', 'TCD', 148, 235, NULL, NULL, NULL),
(43, 'CHILE', 'Chile', 'CL', 'CHL', 152, 56, NULL, NULL, NULL),
(44, 'CHINA', 'China', 'CN', 'CHN', 156, 86, NULL, NULL, NULL),
(45, 'CHRISTMAS ISLAND', 'Christmas Island', 'CX', '', 0, 61, NULL, NULL, NULL),
(46, 'COCOS (KEELING) ISLANDS', 'Cocos (Keeling) Islands', 'CC', '', 0, 672, NULL, NULL, NULL),
(47, 'COLOMBIA', 'Colombia', 'CO', 'COL', 170, 57, NULL, NULL, NULL),
(48, 'COMOROS', 'Comoros', 'KM', 'COM', 174, 269, NULL, NULL, NULL),
(49, 'CONGO', 'Congo', 'CG', 'COG', 178, 242, NULL, NULL, NULL),
(50, 'CONGO, THE DEMOCRATIC REPUBLIC OF THE', 'Congo, the Democratic Republic of the', 'CD', 'COD', 180, 242, NULL, NULL, NULL),
(51, 'COOK ISLANDS', 'Cook Islands', 'CK', 'COK', 184, 682, NULL, NULL, NULL),
(52, 'COSTA RICA', 'Costa Rica', 'CR', 'CRI', 188, 506, NULL, NULL, NULL),
(53, 'COTE D\'IVOIRE', 'Cote D\'Ivoire', 'CI', 'CIV', 384, 225, NULL, NULL, NULL),
(54, 'CROATIA', 'Croatia', 'HR', 'HRV', 191, 385, NULL, NULL, NULL),
(55, 'CUBA', 'Cuba', 'CU', 'CUB', 192, 53, NULL, NULL, NULL),
(56, 'CYPRUS', 'Cyprus', 'CY', 'CYP', 196, 357, NULL, NULL, NULL),
(57, 'CZECH REPUBLIC', 'Czech Republic', 'CZ', 'CZE', 203, 420, NULL, NULL, NULL),
(58, 'DENMARK', 'Denmark', 'DK', 'DNK', 208, 45, NULL, NULL, NULL),
(59, 'DJIBOUTI', 'Djibouti', 'DJ', 'DJI', 262, 253, NULL, NULL, NULL),
(60, 'DOMINICA', 'Dominica', 'DM', 'DMA', 212, 1767, NULL, NULL, NULL),
(61, 'DOMINICAN REPUBLIC', 'Dominican Republic', 'DO', 'DOM', 214, 1809, NULL, NULL, NULL),
(62, 'ECUADOR', 'Ecuador', 'EC', 'ECU', 218, 593, NULL, NULL, NULL),
(63, 'EGYPT', 'Egypt', 'EG', 'EGY', 818, 20, NULL, NULL, NULL),
(64, 'EL SALVADOR', 'El Salvador', 'SV', 'SLV', 222, 503, NULL, NULL, NULL),
(65, 'EQUATORIAL GUINEA', 'Equatorial Guinea', 'GQ', 'GNQ', 226, 240, NULL, NULL, NULL),
(66, 'ERITREA', 'Eritrea', 'ER', 'ERI', 232, 291, NULL, NULL, NULL),
(67, 'ESTONIA', 'Estonia', 'EE', 'EST', 233, 372, NULL, NULL, NULL),
(68, 'ETHIOPIA', 'Ethiopia', 'ET', 'ETH', 231, 251, NULL, NULL, NULL),
(69, 'FALKLAND ISLANDS (MALVINAS)', 'Falkland Islands (Malvinas)', 'FK', 'FLK', 238, 500, NULL, NULL, NULL),
(70, 'FAROE ISLANDS', 'Faroe Islands', 'FO', 'FRO', 234, 298, NULL, NULL, NULL),
(71, 'FIJI', 'Fiji', 'FJ', 'FJI', 242, 679, NULL, NULL, NULL),
(72, 'FINLAND', 'Finland', 'FI', 'FIN', 246, 358, NULL, NULL, NULL),
(73, 'FRANCE', 'France', 'FR', 'FRA', 250, 33, NULL, NULL, NULL),
(74, 'FRENCH GUIANA', 'French Guiana', 'GF', 'GUF', 254, 594, NULL, NULL, NULL),
(75, 'FRENCH POLYNESIA', 'French Polynesia', 'PF', 'PYF', 258, 689, NULL, NULL, NULL),
(76, 'FRENCH SOUTHERN TERRITORIES', 'French Southern Territories', 'TF', '', 0, 0, NULL, NULL, NULL),
(77, 'GABON', 'Gabon', 'GA', 'GAB', 266, 241, NULL, NULL, NULL),
(78, 'GAMBIA', 'Gambia', 'GM', 'GMB', 270, 220, NULL, NULL, NULL),
(79, 'GEORGIA', 'Georgia', 'GE', 'GEO', 268, 995, NULL, NULL, NULL),
(80, 'GERMANY', 'Germany', 'DE', 'DEU', 276, 49, NULL, NULL, NULL),
(81, 'GHANA', 'Ghana', 'GH', 'GHA', 288, 233, NULL, NULL, NULL),
(82, 'GIBRALTAR', 'Gibraltar', 'GI', 'GIB', 292, 350, NULL, NULL, NULL),
(83, 'GREECE', 'Greece', 'GR', 'GRC', 300, 30, NULL, NULL, NULL),
(84, 'GREENLAND', 'Greenland', 'GL', 'GRL', 304, 299, NULL, NULL, NULL),
(85, 'GRENADA', 'Grenada', 'GD', 'GRD', 308, 1473, NULL, NULL, NULL),
(86, 'GUADELOUPE', 'Guadeloupe', 'GP', 'GLP', 312, 590, NULL, NULL, NULL),
(87, 'GUAM', 'Guam', 'GU', 'GUM', 316, 1671, NULL, NULL, NULL),
(88, 'GUATEMALA', 'Guatemala', 'GT', 'GTM', 320, 502, NULL, NULL, NULL),
(89, 'GUINEA', 'Guinea', 'GN', 'GIN', 324, 224, NULL, NULL, NULL),
(90, 'GUINEA-BISSAU', 'Guinea-Bissau', 'GW', 'GNB', 624, 245, NULL, NULL, NULL),
(91, 'GUYANA', 'Guyana', 'GY', 'GUY', 328, 592, NULL, NULL, NULL),
(92, 'HAITI', 'Haiti', 'HT', 'HTI', 332, 509, NULL, NULL, NULL),
(93, 'HEARD ISLAND AND MCDONALD ISLANDS', 'Heard Island and Mcdonald Islands', 'HM', '', 0, 0, NULL, NULL, NULL),
(94, 'HOLY SEE (VATICAN CITY STATE)', 'Holy See (Vatican City State)', 'VA', 'VAT', 336, 39, NULL, NULL, NULL),
(95, 'HONDURAS', 'Honduras', 'HN', 'HND', 340, 504, NULL, NULL, NULL),
(96, 'HONG KONG', 'Hong Kong', 'HK', 'HKG', 344, 852, NULL, NULL, NULL),
(97, 'HUNGARY', 'Hungary', 'HU', 'HUN', 348, 36, NULL, NULL, NULL),
(98, 'ICELAND', 'Iceland', 'IS', 'ISL', 352, 354, NULL, NULL, NULL),
(99, 'INDIA', 'India', 'IN', 'IND', 356, 91, NULL, NULL, NULL),
(100, 'INDONESIA', 'Indonesia', 'ID', 'IDN', 360, 62, NULL, NULL, NULL),
(101, 'IRAN, ISLAMIC REPUBLIC OF', 'Iran, Islamic Republic of', 'IR', 'IRN', 364, 98, NULL, NULL, NULL),
(102, 'IRAQ', 'Iraq', 'IQ', 'IRQ', 368, 964, NULL, NULL, NULL),
(103, 'IRELAND', 'Ireland', 'IE', 'IRL', 372, 353, NULL, NULL, NULL),
(104, 'ISRAEL', 'Israel', 'IL', 'ISR', 376, 972, NULL, NULL, NULL),
(105, 'ITALY', 'Italy', 'IT', 'ITA', 380, 39, NULL, NULL, NULL),
(106, 'JAMAICA', 'Jamaica', 'JM', 'JAM', 388, 1876, NULL, NULL, NULL),
(107, 'JAPAN', 'Japan', 'JP', 'JPN', 392, 81, NULL, NULL, NULL),
(108, 'JORDAN', 'Jordan', 'JO', 'JOR', 400, 962, NULL, NULL, NULL),
(109, 'KAZAKHSTAN', 'Kazakhstan', 'KZ', 'KAZ', 398, 7, NULL, NULL, NULL),
(110, 'KENYA', 'Kenya', 'KE', 'KEN', 404, 254, NULL, NULL, NULL),
(111, 'KIRIBATI', 'Kiribati', 'KI', 'KIR', 296, 686, NULL, NULL, NULL),
(112, 'KOREA, DEMOCRATIC PEOPLE\'S REPUBLIC OF', 'Korea, Democratic People\'s Republic of', 'KP', 'PRK', 408, 850, NULL, NULL, NULL),
(113, 'KOREA, REPUBLIC OF', 'Korea, Republic of', 'KR', 'KOR', 410, 82, NULL, NULL, NULL),
(114, 'KUWAIT', 'Kuwait', 'KW', 'KWT', 414, 965, NULL, NULL, NULL),
(115, 'KYRGYZSTAN', 'Kyrgyzstan', 'KG', 'KGZ', 417, 996, NULL, NULL, NULL),
(116, 'LAO PEOPLE\'S DEMOCRATIC REPUBLIC', 'Lao People\'s Democratic Republic', 'LA', 'LAO', 418, 856, NULL, NULL, NULL),
(117, 'LATVIA', 'Latvia', 'LV', 'LVA', 428, 371, NULL, NULL, NULL),
(118, 'LEBANON', 'Lebanon', 'LB', 'LBN', 422, 961, NULL, NULL, NULL),
(119, 'LESOTHO', 'Lesotho', 'LS', 'LSO', 426, 266, NULL, NULL, NULL),
(120, 'LIBERIA', 'Liberia', 'LR', 'LBR', 430, 231, NULL, NULL, NULL),
(121, 'LIBYAN ARAB JAMAHIRIYA', 'Libyan Arab Jamahiriya', 'LY', 'LBY', 434, 218, NULL, NULL, NULL),
(122, 'LIECHTENSTEIN', 'Liechtenstein', 'LI', 'LIE', 438, 423, NULL, NULL, NULL),
(123, 'LITHUANIA', 'Lithuania', 'LT', 'LTU', 440, 370, NULL, NULL, NULL),
(124, 'LUXEMBOURG', 'Luxembourg', 'LU', 'LUX', 442, 352, NULL, NULL, NULL),
(125, 'MACAO', 'Macao', 'MO', 'MAC', 446, 853, NULL, NULL, NULL),
(126, 'MACEDONIA, THE FORMER YUGOSLAV REPUBLIC OF', 'Macedonia, the Former Yugoslav Republic of', 'MK', 'MKD', 807, 389, NULL, NULL, NULL),
(127, 'MADAGASCAR', 'Madagascar', 'MG', 'MDG', 450, 261, NULL, NULL, NULL),
(128, 'MALAWI', 'Malawi', 'MW', 'MWI', 454, 265, NULL, NULL, NULL),
(129, 'MALAYSIA', 'Malaysia', 'MY', 'MYS', 458, 60, NULL, NULL, NULL),
(130, 'MALDIVES', 'Maldives', 'MV', 'MDV', 462, 960, NULL, NULL, NULL),
(131, 'MALI', 'Mali', 'ML', 'MLI', 466, 223, NULL, NULL, NULL),
(132, 'MALTA', 'Malta', 'MT', 'MLT', 470, 356, NULL, NULL, NULL),
(133, 'MARSHALL ISLANDS', 'Marshall Islands', 'MH', 'MHL', 584, 692, NULL, NULL, NULL),
(134, 'MARTINIQUE', 'Martinique', 'MQ', 'MTQ', 474, 596, NULL, NULL, NULL),
(135, 'MAURITANIA', 'Mauritania', 'MR', 'MRT', 478, 222, NULL, NULL, NULL),
(136, 'MAURITIUS', 'Mauritius', 'MU', 'MUS', 480, 230, NULL, NULL, NULL),
(137, 'MAYOTTE', 'Mayotte', 'YT', '', 0, 269, NULL, NULL, NULL),
(138, 'MEXICO', 'Mexico', 'MX', 'MEX', 484, 52, NULL, NULL, NULL),
(139, 'MICRONESIA, FEDERATED STATES OF', 'Micronesia, Federated States of', 'FM', 'FSM', 583, 691, NULL, NULL, NULL),
(140, 'MOLDOVA, REPUBLIC OF', 'Moldova, Republic of', 'MD', 'MDA', 498, 373, NULL, NULL, NULL),
(141, 'MONACO', 'Monaco', 'MC', 'MCO', 492, 377, NULL, NULL, NULL),
(142, 'MONGOLIA', 'Mongolia', 'MN', 'MNG', 496, 976, NULL, NULL, NULL),
(143, 'MONTSERRAT', 'Montserrat', 'MS', 'MSR', 500, 1664, NULL, NULL, NULL),
(144, 'MOROCCO', 'Morocco', 'MA', 'MAR', 504, 212, NULL, NULL, NULL),
(145, 'MOZAMBIQUE', 'Mozambique', 'MZ', 'MOZ', 508, 258, NULL, NULL, NULL),
(146, 'MYANMAR', 'Myanmar', 'MM', 'MMR', 104, 95, NULL, NULL, NULL),
(147, 'NAMIBIA', 'Namibia', 'NA', 'NAM', 516, 264, NULL, NULL, NULL),
(148, 'NAURU', 'Nauru', 'NR', 'NRU', 520, 674, NULL, NULL, NULL),
(149, 'NEPAL', 'Nepal', 'NP', 'NPL', 524, 977, NULL, NULL, NULL),
(150, 'NETHERLANDS', 'Netherlands', 'NL', 'NLD', 528, 31, NULL, NULL, NULL),
(151, 'NETHERLANDS ANTILLES', 'Netherlands Antilles', 'AN', 'ANT', 530, 599, NULL, NULL, NULL),
(152, 'NEW CALEDONIA', 'New Caledonia', 'NC', 'NCL', 540, 687, NULL, NULL, NULL),
(153, 'NEW ZEALAND', 'New Zealand', 'NZ', 'NZL', 554, 64, NULL, NULL, NULL),
(154, 'NICARAGUA', 'Nicaragua', 'NI', 'NIC', 558, 505, NULL, NULL, NULL),
(155, 'NIGER', 'Niger', 'NE', 'NER', 562, 227, NULL, NULL, NULL),
(156, 'NIGERIA', 'Nigeria', 'NG', 'NGA', 566, 234, NULL, NULL, NULL),
(157, 'NIUE', 'Niue', 'NU', 'NIU', 570, 683, NULL, NULL, NULL),
(158, 'NORFOLK ISLAND', 'Norfolk Island', 'NF', 'NFK', 574, 672, NULL, NULL, NULL),
(159, 'NORTHERN MARIANA ISLANDS', 'Northern Mariana Islands', 'MP', 'MNP', 580, 1670, NULL, NULL, NULL),
(160, 'NORWAY', 'Norway', 'NO', 'NOR', 578, 47, NULL, NULL, NULL),
(161, 'OMAN', 'Oman', 'OM', 'OMN', 512, 968, NULL, NULL, NULL),
(162, 'PAKISTAN', 'Pakistan', 'PK', 'PAK', 586, 92, NULL, NULL, NULL),
(163, 'PALAU', 'Palau', 'PW', 'PLW', 585, 680, NULL, NULL, NULL),
(164, 'PALESTINIAN TERRITORY, OCCUPIED', 'Palestinian Territory, Occupied', 'PS', '', 0, 970, NULL, NULL, NULL),
(165, 'PANAMA', 'Panama', 'PA', 'PAN', 591, 507, NULL, NULL, NULL),
(166, 'PAPUA NEW GUINEA', 'Papua New Guinea', 'PG', 'PNG', 598, 675, NULL, NULL, NULL),
(167, 'PARAGUAY', 'Paraguay', 'PY', 'PRY', 600, 595, NULL, NULL, NULL),
(168, 'PERU', 'Peru', 'PE', 'PER', 604, 51, NULL, NULL, NULL),
(169, 'PHILIPPINES', 'Philippines', 'PH', 'PHL', 608, 63, NULL, NULL, NULL),
(170, 'PITCAIRN', 'Pitcairn', 'PN', 'PCN', 612, 0, NULL, NULL, NULL),
(171, 'POLAND', 'Poland', 'PL', 'POL', 616, 48, NULL, NULL, NULL),
(172, 'PORTUGAL', 'Portugal', 'PT', 'PRT', 620, 351, NULL, NULL, NULL),
(173, 'PUERTO RICO', 'Puerto Rico', 'PR', 'PRI', 630, 1787, NULL, NULL, NULL),
(174, 'QATAR', 'Qatar', 'QA', 'QAT', 634, 974, NULL, NULL, NULL),
(175, 'REUNION', 'Reunion', 'RE', 'REU', 638, 262, NULL, NULL, NULL),
(176, 'ROMANIA', 'Romania', 'RO', 'ROM', 642, 40, NULL, NULL, NULL),
(177, 'RUSSIAN FEDERATION', 'Russian Federation', 'RU', 'RUS', 643, 70, NULL, NULL, NULL),
(178, 'RWANDA', 'Rwanda', 'RW', 'RWA', 646, 250, NULL, NULL, NULL),
(179, 'SAINT HELENA', 'Saint Helena', 'SH', 'SHN', 654, 290, NULL, NULL, NULL),
(180, 'SAINT KITTS AND NEVIS', 'Saint Kitts and Nevis', 'KN', 'KNA', 659, 1869, NULL, NULL, NULL),
(181, 'SAINT LUCIA', 'Saint Lucia', 'LC', 'LCA', 662, 1758, NULL, NULL, NULL),
(182, 'SAINT PIERRE AND MIQUELON', 'Saint Pierre and Miquelon', 'PM', 'SPM', 666, 508, NULL, NULL, NULL),
(183, 'SAINT VINCENT AND THE GRENADINES', 'Saint Vincent and the Grenadines', 'VC', 'VCT', 670, 1784, NULL, NULL, NULL),
(184, 'SAMOA', 'Samoa', 'WS', 'WSM', 882, 684, NULL, NULL, NULL),
(185, 'SAN MARINO', 'San Marino', 'SM', 'SMR', 674, 378, NULL, NULL, NULL),
(186, 'SAO TOME AND PRINCIPE', 'Sao Tome and Principe', 'ST', 'STP', 678, 239, NULL, NULL, NULL),
(187, 'SAUDI ARABIA', 'Saudi Arabia', 'SA', 'SAU', 682, 966, NULL, NULL, NULL),
(188, 'SENEGAL', 'Senegal', 'SN', 'SEN', 686, 221, NULL, NULL, NULL),
(189, 'SERBIA AND MONTENEGRO', 'Serbia and Montenegro', 'CS', '', 0, 381, NULL, NULL, NULL),
(190, 'SEYCHELLES', 'Seychelles', 'SC', 'SYC', 690, 248, NULL, NULL, NULL),
(191, 'SIERRA LEONE', 'Sierra Leone', 'SL', 'SLE', 694, 232, NULL, NULL, NULL),
(192, 'SINGAPORE', 'Singapore', 'SG', 'SGP', 702, 65, NULL, NULL, NULL),
(193, 'SLOVAKIA', 'Slovakia', 'SK', 'SVK', 703, 421, NULL, NULL, NULL),
(194, 'SLOVENIA', 'Slovenia', 'SI', 'SVN', 705, 386, NULL, NULL, NULL),
(195, 'SOLOMON ISLANDS', 'Solomon Islands', 'SB', 'SLB', 90, 677, NULL, NULL, NULL),
(196, 'SOMALIA', 'Somalia', 'SO', 'SOM', 706, 252, NULL, NULL, NULL),
(197, 'SOUTH AFRICA', 'South Africa', 'ZA', 'ZAF', 710, 27, NULL, NULL, NULL),
(198, 'SOUTH GEORGIA AND THE SOUTH SANDWICH ISLANDS', 'South Georgia and the South Sandwich Islands', 'GS', '', 0, 0, NULL, NULL, NULL),
(199, 'SPAIN', 'Spain', 'ES', 'ESP', 724, 34, NULL, NULL, NULL),
(200, 'SRI LANKA', 'Sri Lanka', 'LK', 'LKA', 144, 94, NULL, NULL, NULL),
(201, 'SUDAN', 'Sudan', 'SD', 'SDN', 736, 249, NULL, NULL, NULL),
(202, 'SURINAME', 'Suriname', 'SR', 'SUR', 740, 597, NULL, NULL, NULL),
(203, 'SVALBARD AND JAN MAYEN', 'Svalbard and Jan Mayen', 'SJ', 'SJM', 744, 47, NULL, NULL, NULL),
(204, 'SWAZILAND', 'Swaziland', 'SZ', 'SWZ', 748, 268, NULL, NULL, NULL),
(205, 'SWEDEN', 'Sweden', 'SE', 'SWE', 752, 46, NULL, NULL, NULL),
(206, 'SWITZERLAND', 'Switzerland', 'CH', 'CHE', 756, 41, NULL, NULL, NULL),
(207, 'SYRIAN ARAB REPUBLIC', 'Syrian Arab Republic', 'SY', 'SYR', 760, 963, NULL, NULL, NULL),
(208, 'TAIWAN, PROVINCE OF CHINA', 'Taiwan, Province of China', 'TW', 'TWN', 158, 886, NULL, NULL, NULL),
(209, 'TAJIKISTAN', 'Tajikistan', 'TJ', 'TJK', 762, 992, NULL, NULL, NULL),
(210, 'TANZANIA, UNITED REPUBLIC OF', 'Tanzania, United Republic of', 'TZ', 'TZA', 834, 255, NULL, NULL, NULL),
(211, 'THAILAND', 'Thailand', 'TH', 'THA', 764, 66, NULL, NULL, NULL),
(212, 'TIMOR-LESTE', 'Timor-Leste', 'TL', '', 0, 670, NULL, NULL, NULL),
(213, 'TOGO', 'Togo', 'TG', 'TGO', 768, 228, NULL, NULL, NULL),
(214, 'TOKELAU', 'Tokelau', 'TK', 'TKL', 772, 690, NULL, NULL, NULL),
(215, 'TONGA', 'Tonga', 'TO', 'TON', 776, 676, NULL, NULL, NULL),
(216, 'TRINIDAD AND TOBAGO', 'Trinidad and Tobago', 'TT', 'TTO', 780, 1868, NULL, NULL, NULL),
(217, 'TUNISIA', 'Tunisia', 'TN', 'TUN', 788, 216, NULL, NULL, NULL),
(218, 'TURKEY', 'Turkey', 'TR', 'TUR', 792, 90, NULL, NULL, NULL),
(219, 'TURKMENISTAN', 'Turkmenistan', 'TM', 'TKM', 795, 7370, NULL, NULL, NULL),
(220, 'TURKS AND CAICOS ISLANDS', 'Turks and Caicos Islands', 'TC', 'TCA', 796, 1649, NULL, NULL, NULL),
(221, 'TUVALU', 'Tuvalu', 'TV', 'TUV', 798, 688, NULL, NULL, NULL),
(222, 'UGANDA', 'Uganda', 'UG', 'UGA', 800, 256, NULL, NULL, NULL),
(223, 'UKRAINE', 'Ukraine', 'UA', 'UKR', 804, 380, NULL, NULL, NULL),
(224, 'UNITED ARAB EMIRATES', 'United Arab Emirates', 'AE', 'ARE', 784, 971, NULL, NULL, NULL),
(225, 'UNITED KINGDOM', 'United Kingdom', 'GB', 'GBR', 826, 44, NULL, NULL, NULL),
(226, 'UNITED STATES', 'United States', 'US', 'USA', 840, 1, NULL, NULL, NULL),
(227, 'UNITED STATES MINOR OUTLYING ISLANDS', 'United States Minor Outlying Islands', 'UM', '', 0, 1, NULL, NULL, NULL),
(228, 'URUGUAY', 'Uruguay', 'UY', 'URY', 858, 598, NULL, NULL, NULL),
(229, 'UZBEKISTAN', 'Uzbekistan', 'UZ', 'UZB', 860, 998, NULL, NULL, NULL),
(230, 'VANUATU', 'Vanuatu', 'VU', 'VUT', 548, 678, NULL, NULL, NULL),
(231, 'VENEZUELA', 'Venezuela', 'VE', 'VEN', 862, 58, NULL, NULL, NULL),
(232, 'VIET NAM', 'Viet Nam', 'VN', 'VNM', 704, 84, NULL, NULL, NULL),
(233, 'VIRGIN ISLANDS, BRITISH', 'Virgin Islands, British', 'VG', 'VGB', 92, 1284, NULL, NULL, NULL),
(234, 'VIRGIN ISLANDS, U.S.', 'Virgin Islands, U.s.', 'VI', 'VIR', 850, 1340, NULL, NULL, NULL),
(235, 'WALLIS AND FUTUNA', 'Wallis and Futuna', 'WF', 'WLF', 876, 681, NULL, NULL, NULL),
(236, 'WESTERN SAHARA', 'Western Sahara', 'EH', 'ESH', 732, 212, NULL, NULL, NULL),
(237, 'YEMEN', 'Yemen', 'YE', 'YEM', 887, 967, NULL, NULL, NULL),
(238, 'ZAMBIA', 'Zambia', 'ZM', 'ZMB', 894, 260, NULL, NULL, NULL),
(239, 'ZIMBABWE', 'Zimbabwe', 'ZW', 'ZWE', 716, 263, NULL, NULL, NULL);

-- --------------------------------------------------------

--
-- Table structure for table `customers`
--

CREATE TABLE `customers` (
  `id` bigint(20) UNSIGNED NOT NULL,
  `name` varchar(255) COLLATE utf8mb4_unicode_ci DEFAULT NULL,
  `mobile` varchar(255) COLLATE utf8mb4_unicode_ci DEFAULT NULL,
  `mobile2` varchar(255) COLLATE utf8mb4_unicode_ci DEFAULT NULL,
  `email` varchar(255) COLLATE utf8mb4_unicode_ci DEFAULT NULL,
  `company_name` varchar(255) COLLATE utf8mb4_unicode_ci DEFAULT NULL,
  `notes` varchar(255) COLLATE utf8mb4_unicode_ci DEFAULT NULL,
  `gender` varchar(255) COLLATE utf8mb4_unicode_ci DEFAULT NULL,
  `birth_date` date DEFAULT NULL,
  `national_id` varchar(255) COLLATE utf8mb4_unicode_ci DEFAULT NULL,
  `city_id` bigint(20) UNSIGNED DEFAULT NULL,
  `area_id` bigint(20) UNSIGNED DEFAULT NULL,
  `contact_source_id` bigint(20) UNSIGNED DEFAULT NULL,
  `contact_category_id` bigint(20) UNSIGNED DEFAULT NULL,
  `job_title_id` bigint(20) UNSIGNED DEFAULT NULL,
  `industry_id` bigint(20) UNSIGNED DEFAULT NULL,
  `major_id` bigint(20) UNSIGNED DEFAULT NULL,
  `parent_id` bigint(20) UNSIGNED DEFAULT NULL,
  `activity_id` bigint(20) UNSIGNED DEFAULT NULL,
  `branch_id` bigint(20) UNSIGNED DEFAULT NULL,
  `firebase_token` varchar(255) COLLATE utf8mb4_unicode_ci DEFAULT NULL,
  `created_by` bigint(20) UNSIGNED DEFAULT NULL,
  `deleted_at` timestamp NULL DEFAULT NULL,
  `created_at` timestamp NULL DEFAULT NULL,
  `updated_at` timestamp NULL DEFAULT NULL,
  `password` varchar(255) COLLATE utf8mb4_unicode_ci DEFAULT NULL,
  `code` varchar(255) COLLATE utf8mb4_unicode_ci DEFAULT NULL,
  `address` varchar(255) COLLATE utf8mb4_unicode_ci DEFAULT NULL,
  `religion` enum('muslim','christian','other') COLLATE utf8mb4_unicode_ci DEFAULT NULL
) ENGINE=InnoDB DEFAULT CHARSET=utf8mb4 COLLATE=utf8mb4_unicode_ci;

--
-- Dumping data for table `customers`
--

INSERT INTO `customers` (`id`, `name`, `mobile`, `mobile2`, `email`, `company_name`, `notes`, `gender`, `birth_date`, `national_id`, `city_id`, `area_id`, `contact_source_id`, `contact_category_id`, `job_title_id`, `industry_id`, `major_id`, `parent_id`, `activity_id`, `branch_id`, `firebase_token`, `created_by`, `deleted_at`, `created_at`, `updated_at`, `password`, `code`, `address`, `religion`) VALUES
(8, 'Ahmed Nabil', NULL, NULL, 'ahmednassag@dsadasdas.com', NULL, NULL, 'Male', '2024-02-20', NULL, NULL, NULL, 1, NULL, 2, NULL, NULL, NULL, NULL, NULL, NULL, 1, NULL, '2024-02-06 09:44:09', '2024-04-21 04:12:17', '$2y$10$TJxG2hlALGigk2d6CwLjW.MR0/Mp8MOUXI9fdsdQIGrraDWomIL5e', NULL, NULL, NULL),
(9, 'احمد ابراهيم', '01234567892', NULL, 'ahmednassag@gmail.com', NULL, 'عميل مهم جدااااااا', 'Male', NULL, NULL, 3, 117, 2, 1, NULL, 1, 1, NULL, 1, 2, '12345678', 1, NULL, '2024-02-13 09:20:48', '2024-04-23 09:22:05', '$2y$10$zE1wvKTZwYO8DeaGFYOjO.6bEJ8ZjCvtMwc8wxCAvUuUnWLGmFb0q', NULL, NULL, NULL),
(10, 'Related client', '0123456786', NULL, NULL, NULL, NULL, 'Male', NULL, NULL, 1, 1, 1, 1, 1, 1, 1, 9, 1, NULL, NULL, 1, NULL, '2024-03-15 00:08:50', '2024-03-15 00:08:50', NULL, NULL, NULL, NULL),
(11, 'محمد علي', '01156879716', '8888', 'rrrrrr@gmail.com', 'frhh', 'ccbb', 'Male', '2000-01-01', '22555', 9, 204, 1, NULL, 3, NULL, NULL, NULL, NULL, 2, NULL, 1, NULL, '2024-04-23 08:45:53', '2024-04-23 08:45:53', NULL, NULL, NULL, NULL);

-- --------------------------------------------------------

--
-- Table structure for table `customer_categories`
--

CREATE TABLE `customer_categories` (
  `id` bigint(20) UNSIGNED NOT NULL,
  `customer_category_id` bigint(20) UNSIGNED DEFAULT NULL,
  `customer_id` bigint(20) UNSIGNED DEFAULT NULL,
  `created_at` timestamp NULL DEFAULT NULL,
  `updated_at` timestamp NULL DEFAULT NULL,
  `deleted_at` timestamp NULL DEFAULT NULL
) ENGINE=InnoDB DEFAULT CHARSET=utf8mb4 COLLATE=utf8mb4_unicode_ci;

-- --------------------------------------------------------

--
-- Table structure for table `departments`
--

CREATE TABLE `departments` (
  `id` bigint(20) UNSIGNED NOT NULL,
  `name` varchar(255) COLLATE utf8mb4_unicode_ci DEFAULT NULL,
  `created_at` timestamp NULL DEFAULT NULL,
  `updated_at` timestamp NULL DEFAULT NULL,
  `deleted_at` timestamp NULL DEFAULT NULL
) ENGINE=InnoDB DEFAULT CHARSET=utf8mb4 COLLATE=utf8mb4_unicode_ci;

--
-- Dumping data for table `departments`
--

INSERT INTO `departments` (`id`, `name`, `created_at`, `updated_at`, `deleted_at`) VALUES
(1, 'التسويق', '2024-01-30 11:01:04', '2024-02-03 09:38:51', NULL),
(2, 'المبيعات', '2024-01-30 11:01:14', '2024-02-03 09:39:01', NULL),
(3, 'الادارة', '2024-02-03 09:39:15', '2024-02-03 09:39:15', NULL);

-- --------------------------------------------------------

--
-- Table structure for table `employees`
--

CREATE TABLE `employees` (
  `id` bigint(20) UNSIGNED NOT NULL,
  `name` varchar(255) COLLATE utf8mb4_unicode_ci DEFAULT NULL,
  `mobile` varchar(255) COLLATE utf8mb4_unicode_ci DEFAULT NULL,
  `email` varchar(255) COLLATE utf8mb4_unicode_ci DEFAULT NULL,
  `active` tinyint(1) DEFAULT 1,
  `has_branch_access` tinyint(1) DEFAULT 1,
  `dept` bigint(20) UNSIGNED DEFAULT NULL,
  `branch_id` bigint(20) UNSIGNED DEFAULT NULL,
  `created_at` timestamp NULL DEFAULT NULL,
  `updated_at` timestamp NULL DEFAULT NULL,
  `deleted_at` timestamp NULL DEFAULT NULL
) ENGINE=InnoDB DEFAULT CHARSET=utf8mb4 COLLATE=utf8mb4_unicode_ci;

--
-- Dumping data for table `employees`
--

INSERT INTO `employees` (`id`, `name`, `mobile`, `email`, `active`, `has_branch_access`, `dept`, `branch_id`, `created_at`, `updated_at`, `deleted_at`) VALUES
(1, 'Ahmed Nabil', '01016856433', 'ahmednassag@gmail.com', 1, 0, 1, 2, '2024-01-30 10:45:42', '2024-04-16 12:55:06', NULL),
(2, 'رنا محمد', '01148602531', 'rana@mv-is.com', 1, 1, 1, 1, '2024-01-30 11:02:05', '2024-02-03 09:38:08', NULL),
(3, 'وليد الكيلاني', '01119066040', 'ceo@mv-is.com', 1, 1, 3, 1, '2024-01-30 11:03:17', '2024-02-03 09:39:56', NULL),
(4, 'Ahmed Nabil', '01016856433', 'ahmednassag@gmail.com', 1, 1, NULL, NULL, '2024-02-14 09:16:17', '2024-02-14 09:16:17', NULL),
(5, 'ahmed', '0123456789', 'ahmed@email.com', 1, 0, 1, 1, '2024-05-12 06:34:02', '2024-05-12 06:34:02', NULL);

-- --------------------------------------------------------

--
-- Table structure for table `employee_targets`
--

CREATE TABLE `employee_targets` (
  `id` bigint(20) UNSIGNED NOT NULL,
  `month` varchar(255) COLLATE utf8mb4_unicode_ci DEFAULT NULL,
  `target_amount` decimal(10,3) DEFAULT NULL,
  `target_meeting` int(11) DEFAULT NULL,
  `employee_id` bigint(20) UNSIGNED DEFAULT NULL,
  `created_at` timestamp NULL DEFAULT NULL,
  `updated_at` timestamp NULL DEFAULT NULL,
  `deleted_at` timestamp NULL DEFAULT NULL
) ENGINE=InnoDB DEFAULT CHARSET=utf8mb4 COLLATE=utf8mb4_unicode_ci;

--
-- Dumping data for table `employee_targets`
--

INSERT INTO `employee_targets` (`id`, `month`, `target_amount`, `target_meeting`, `employee_id`, `created_at`, `updated_at`, `deleted_at`) VALUES
(1, 'Jan', '1000.000', 10, 1, '2024-01-30 11:03:42', '2024-01-30 11:03:42', NULL),
(2, 'Jan', '1000.000', 10, 2, '2024-01-30 11:04:09', '2024-01-30 11:04:09', NULL),
(3, 'Feb', '2000.000', 20, 3, '2024-01-30 11:04:46', '2024-01-30 11:04:46', NULL),
(4, 'Mar', '1000000.000', 50, 1, '2024-02-01 17:09:55', '2024-02-01 17:09:55', NULL),
(5, 'Feb-2024', '1100000.000', 150, 2, '2024-02-09 16:39:18', '2024-02-09 16:39:18', NULL),
(6, 'Mar-2024', '1500000.000', 150, 2, '2024-02-13 09:06:22', '2024-02-13 09:06:22', NULL),
(7, 'Mar-2024', '200000.000', 200, 2, '2024-02-26 15:46:26', '2024-02-26 15:46:26', NULL);

-- --------------------------------------------------------

--
-- Table structure for table `failed_jobs`
--

CREATE TABLE `failed_jobs` (
  `id` bigint(20) UNSIGNED NOT NULL,
  `uuid` varchar(255) COLLATE utf8mb4_unicode_ci NOT NULL,
  `connection` text COLLATE utf8mb4_unicode_ci NOT NULL,
  `queue` text COLLATE utf8mb4_unicode_ci NOT NULL,
  `payload` longtext COLLATE utf8mb4_unicode_ci NOT NULL,
  `exception` longtext COLLATE utf8mb4_unicode_ci NOT NULL,
  `failed_at` timestamp NOT NULL DEFAULT current_timestamp()
) ENGINE=InnoDB DEFAULT CHARSET=utf8mb4 COLLATE=utf8mb4_unicode_ci;

-- --------------------------------------------------------

--
-- Table structure for table `industries`
--

CREATE TABLE `industries` (
  `id` bigint(20) UNSIGNED NOT NULL,
  `name` varchar(255) COLLATE utf8mb4_unicode_ci DEFAULT NULL,
  `created_at` timestamp NULL DEFAULT NULL,
  `updated_at` timestamp NULL DEFAULT NULL,
  `deleted_at` timestamp NULL DEFAULT NULL
) ENGINE=InnoDB DEFAULT CHARSET=utf8mb4 COLLATE=utf8mb4_unicode_ci;

--
-- Dumping data for table `industries`
--

INSERT INTO `industries` (`id`, `name`, `created_at`, `updated_at`, `deleted_at`) VALUES
(1, 'الجهات السيادية', '2024-01-30 10:58:37', '2024-02-02 13:47:53', NULL),
(2, 'الهندسة والمقاولات', '2024-01-30 10:58:49', '2024-02-02 13:48:37', NULL),
(3, 'قطاع طبي', '2024-02-08 15:04:28', '2024-02-08 15:04:28', NULL),
(4, 'ادارة', '2024-02-08 15:05:02', '2024-02-08 15:05:02', NULL);

-- --------------------------------------------------------

--
-- Table structure for table `interests`
--

CREATE TABLE `interests` (
  `id` bigint(20) UNSIGNED NOT NULL,
  `name` varchar(255) COLLATE utf8mb4_unicode_ci DEFAULT NULL,
  `activity_id` bigint(20) UNSIGNED DEFAULT NULL,
  `created_at` timestamp NULL DEFAULT NULL,
  `updated_at` timestamp NULL DEFAULT NULL,
  `deleted_at` timestamp NULL DEFAULT NULL
) ENGINE=InnoDB DEFAULT CHARSET=utf8mb4 COLLATE=utf8mb4_unicode_ci;

--
-- Dumping data for table `interests`
--

INSERT INTO `interests` (`id`, `name`, `activity_id`, `created_at`, `updated_at`, `deleted_at`) VALUES
(1, 'حج 2024', 1, '2024-01-30 10:58:11', '2024-02-02 13:46:21', NULL),
(2, 'اسوان', 2, '2024-01-30 10:58:23', '2024-02-02 13:46:38', NULL),
(3, 'حج مباشر 2024', 1, '2024-02-08 12:07:59', '2024-02-08 12:07:59', NULL),
(4, 'شهر العسل', 7, '2024-02-13 09:01:17', '2024-02-13 09:01:17', NULL),
(5, 'باكتا كير', 8, '2024-02-26 15:44:08', '2024-02-26 15:44:08', NULL);

-- --------------------------------------------------------

--
-- Table structure for table `interest_meeting`
--

CREATE TABLE `interest_meeting` (
  `id` bigint(20) UNSIGNED NOT NULL,
  `interest_id` bigint(20) UNSIGNED DEFAULT NULL,
  `meeting_id` bigint(20) UNSIGNED DEFAULT NULL,
  `created_at` timestamp NULL DEFAULT NULL,
  `updated_at` timestamp NULL DEFAULT NULL
) ENGINE=InnoDB DEFAULT CHARSET=utf8mb4 COLLATE=utf8mb4_unicode_ci;

--
-- Dumping data for table `interest_meeting`
--

INSERT INTO `interest_meeting` (`id`, `interest_id`, `meeting_id`, `created_at`, `updated_at`) VALUES
(1, 3, 9, NULL, NULL),
(2, 1, 10, NULL, NULL),
(3, 2, 11, NULL, NULL),
(4, 3, 12, NULL, NULL),
(5, 1, 13, NULL, NULL),
(6, 1, 16, NULL, NULL),
(7, 1, 17, NULL, NULL),
(8, 1, 18, NULL, NULL),
(9, 1, 19, NULL, NULL),
(10, 1, 20, NULL, NULL),
(11, 1, 21, NULL, NULL),
(12, 1, 22, NULL, NULL),
(13, 1, 23, NULL, NULL),
(14, 1, 24, NULL, NULL),
(15, 1, 25, NULL, NULL),
(16, 1, 26, NULL, NULL),
(17, 1, 27, NULL, NULL),
(18, 1, 28, NULL, NULL),
(19, 1, 29, NULL, NULL),
(20, 1, 30, NULL, NULL),
(21, 1, 31, NULL, NULL),
(22, 1, 32, NULL, NULL),
(23, 1, 38, NULL, NULL),
(24, 1, 39, NULL, NULL),
(25, 1, 40, NULL, NULL),
(26, 1, 41, NULL, NULL),
(27, 1, 42, NULL, NULL),
(28, 1, 43, NULL, NULL),
(29, 1, 44, NULL, NULL),
(30, 1, 45, NULL, NULL),
(31, 1, 46, NULL, NULL),
(32, 1, 47, NULL, NULL),
(33, 1, 48, NULL, NULL),
(34, 1, 49, NULL, NULL),
(35, 1, 50, NULL, NULL),
(36, 1, 51, NULL, NULL),
(37, 1, 52, NULL, NULL),
(38, 1, 53, NULL, NULL),
(39, 1, 54, NULL, NULL),
(40, 1, 55, NULL, NULL);

-- --------------------------------------------------------

--
-- Table structure for table `invoices`
--

CREATE TABLE `invoices` (
  `id` bigint(20) UNSIGNED NOT NULL,
  `invoice_number` varchar(255) COLLATE utf8mb4_unicode_ci DEFAULT NULL,
  `invoice_date` date DEFAULT NULL,
  `total_amount` decimal(10,2) DEFAULT NULL,
  `amount_paid` decimal(10,2) DEFAULT NULL,
  `debt` decimal(10,2) DEFAULT NULL,
  `description` text COLLATE utf8mb4_unicode_ci DEFAULT NULL,
  `status` enum('draft','sent','paid','void') COLLATE utf8mb4_unicode_ci DEFAULT 'void',
  `customer_id` bigint(20) UNSIGNED DEFAULT 1,
  `activity_id` bigint(20) UNSIGNED DEFAULT 1,
  `interest_id` bigint(20) UNSIGNED DEFAULT 1,
  `created_by` bigint(20) UNSIGNED DEFAULT 1,
  `created_at` timestamp NULL DEFAULT NULL,
  `updated_at` timestamp NULL DEFAULT NULL
) ENGINE=InnoDB DEFAULT CHARSET=utf8mb4 COLLATE=utf8mb4_unicode_ci;

--
-- Dumping data for table `invoices`
--

INSERT INTO `invoices` (`id`, `invoice_number`, `invoice_date`, `total_amount`, `amount_paid`, `debt`, `description`, `status`, `customer_id`, `activity_id`, `interest_id`, `created_by`, `created_at`, `updated_at`) VALUES
(4, '102', '2024-02-06', '1500.00', '1500.00', '0.00', '545', 'paid', 8, 1, 1, 1, '2024-02-06 09:44:10', '2024-02-06 09:44:10'),
(5, '999', '2024-02-13', '60000.00', '20000.00', '40000.00', 'دفعة مقدمة تحت حساب حجز شهر العسل', 'draft', 9, 2, 2, 1, '2024-02-13 09:20:48', '2024-02-15 11:06:42'),
(10, '20240423', '2024-04-23', '5000.00', '3000.00', '2000.00', 'description', 'paid', 11, 1, 1, 1, '2024-04-23 10:30:22', '2024-04-23 10:30:22'),
(11, '20240423', '2024-04-23', '5000.00', '3000.00', '2000.00', 'description', 'paid', 11, 1, 1, 1, '2024-04-23 10:30:22', '2024-04-23 10:30:22');

-- --------------------------------------------------------

--
-- Table structure for table `job_titles`
--

CREATE TABLE `job_titles` (
  `id` bigint(20) UNSIGNED NOT NULL,
  `name` varchar(255) COLLATE utf8mb4_unicode_ci DEFAULT NULL,
  `created_at` timestamp NULL DEFAULT NULL,
  `updated_at` timestamp NULL DEFAULT NULL,
  `deleted_at` timestamp NULL DEFAULT NULL
) ENGINE=InnoDB DEFAULT CHARSET=utf8mb4 COLLATE=utf8mb4_unicode_ci;

--
-- Dumping data for table `job_titles`
--

INSERT INTO `job_titles` (`id`, `name`, `created_at`, `updated_at`, `deleted_at`) VALUES
(1, 'مهندس مدني', '2024-01-30 10:59:34', '2024-02-02 13:51:37', NULL),
(2, 'ظابط', '2024-01-30 10:59:44', '2024-02-02 13:51:51', NULL),
(3, 'مدير مبيعات', '2024-02-08 15:02:33', '2024-02-08 15:02:33', NULL),
(4, 'محاسب', '2024-02-08 15:02:39', '2024-02-08 15:02:39', NULL),
(5, 'مصمم جرافيك', '2024-02-08 15:02:46', '2024-02-08 15:02:46', NULL),
(6, 'دكتور عيون', '2024-02-08 15:02:58', '2024-02-08 15:02:58', NULL),
(7, 'دكتور نساء', '2024-02-08 15:03:06', '2024-02-08 15:03:06', NULL),
(8, 'صاحب شركة', '2024-02-08 15:03:31', '2024-02-08 15:03:31', NULL);

-- --------------------------------------------------------

--
-- Table structure for table `la_configs`
--

CREATE TABLE `la_configs` (
  `id` bigint(20) UNSIGNED NOT NULL,
  `key` varchar(255) COLLATE utf8mb4_unicode_ci DEFAULT NULL,
  `section` varchar(255) COLLATE utf8mb4_unicode_ci DEFAULT NULL,
  `value` text COLLATE utf8mb4_unicode_ci DEFAULT NULL,
  `created_at` timestamp NULL DEFAULT NULL,
  `updated_at` timestamp NULL DEFAULT NULL
) ENGINE=InnoDB DEFAULT CHARSET=utf8mb4 COLLATE=utf8mb4_unicode_ci;

--
-- Dumping data for table `la_configs`
--

INSERT INTO `la_configs` (`id`, `key`, `section`, `value`, `created_at`, `updated_at`) VALUES
(1, 'whatsapp_token', 'whatsapp_token', 'xjtt0vwzay2wehhq', NULL, NULL),
(2, 'whatsapp_instance', 'whatsapp_instance', '86147', NULL, NULL),
(3, 'end_date', '', '2025-03-1', NULL, NULL);

-- --------------------------------------------------------

--
-- Table structure for table `lead_categories`
--

CREATE TABLE `lead_categories` (
  `id` bigint(20) UNSIGNED NOT NULL,
  `contact_id` bigint(20) UNSIGNED DEFAULT 1,
  `contact_category_id` bigint(20) UNSIGNED DEFAULT 1,
  `created_at` timestamp NULL DEFAULT NULL,
  `updated_at` timestamp NULL DEFAULT NULL,
  `deleted_at` timestamp NULL DEFAULT NULL
) ENGINE=InnoDB DEFAULT CHARSET=utf8mb4 COLLATE=utf8mb4_unicode_ci;

-- --------------------------------------------------------

--
-- Table structure for table `lead_cteagories`
--

CREATE TABLE `lead_cteagories` (
  `id` bigint(20) UNSIGNED NOT NULL,
  `contact_id` bigint(20) UNSIGNED DEFAULT NULL,
  `contact_category_id` bigint(20) UNSIGNED DEFAULT NULL,
  `created_at` timestamp NULL DEFAULT NULL,
  `updated_at` timestamp NULL DEFAULT NULL,
  `deleted_at` timestamp NULL DEFAULT NULL
) ENGINE=InnoDB DEFAULT CHARSET=utf8mb4 COLLATE=utf8mb4_unicode_ci;

-- --------------------------------------------------------

--
-- Table structure for table `lead_histories`
--

CREATE TABLE `lead_histories` (
  `id` bigint(20) UNSIGNED NOT NULL,
  `action` int(11) DEFAULT NULL,
  `related_model_id` int(11) DEFAULT NULL,
  `placeholders` text COLLATE utf8mb4_unicode_ci DEFAULT NULL,
  `contact_id` bigint(20) UNSIGNED DEFAULT 1,
  `created_by` bigint(20) UNSIGNED DEFAULT 1,
  `created_at` timestamp NULL DEFAULT NULL,
  `updated_at` timestamp NULL DEFAULT NULL
) ENGINE=InnoDB DEFAULT CHARSET=utf8mb4 COLLATE=utf8mb4_unicode_ci;

--
-- Dumping data for table `lead_histories`
--

INSERT INTO `lead_histories` (`id`, `action`, `related_model_id`, `placeholders`, `contact_id`, `created_by`, `created_at`, `updated_at`) VALUES
(4, 2, 6, '{\"from\":\"contacted\",\"to\":\"converted\"}', 6, 1, '2024-02-06 09:44:10', '2024-02-06 09:44:10'),
(5, 1, 7, '{\"notes\":\"67667676\",\"follow_date\":\"2024-02-09\",\"meeting_id\":7,\"created_by\":1,\"updated_at\":\"2024-02-09T15:50:52.000000Z\",\"created_at\":\"2024-02-09T15:50:52.000000Z\",\"id\":7}', 10, 1, '2024-02-09 15:50:52', '2024-02-09 15:50:52'),
(6, 1, 8, '{\"notes\":\"\\u0637\\u0644\\u0628 \\u062d\\u062c\\u0632 \\u0631\\u062d\\u0644\\u0629 \\u0634\\u0647\\u0631 \\u0627\\u0644\\u0639\\u0633\\u0644 4 \\u0627\\u0641\\u0631\\u0627\\u062f \\u0647\\u0648 \\u0648\\u0645\\u0631\\u0627\\u062a\\u0647 \\u0648\\u0635\\u0627\\u062d\\u0628\\u0647 \\u0648\\u0645\\u0631\\u0627\\u0627\\u062a\\u0647 \\u062e\\u0645\\u0633 \\u0646\\u062c\\u0648\\u0645 \\u0627\\u0639\\u0644\\u0649 \\u0641\\u0626\\u0629 \\u0641\\u0637\\u0627\\u0631 \\u0648\\u063a\\u062f\\u0627 \\u0648\\u0639\\u0634\\u0627\\u0621 \\u0648\\u0637\\u0644\\u0628 \\u0648\\u0633\\u064a\\u0644 \\u0627\\u0644\\u0633\\u0641\\u0631 \\u0637\\u064a\\u0631\\u0627\\u0646\",\"follow_date\":\"2024-02-14\",\"meeting_id\":8,\"created_by\":1,\"updated_at\":\"2024-02-13T09:19:03.000000Z\",\"created_at\":\"2024-02-13T09:19:03.000000Z\",\"id\":8}', 10, 1, '2024-02-13 09:19:03', '2024-02-13 09:19:03'),
(7, 1, 9, '{\"notes\":\"\\u0645\\u0639\\u0627\\u0647 \\u0645\\u062c\\u0645\\u0648\\u0639\\u0629\",\"follow_date\":\"2024-02-19\",\"meeting_id\":9,\"created_by\":1,\"updated_at\":\"2024-02-19T12:06:55.000000Z\",\"created_at\":\"2024-02-19T12:06:55.000000Z\",\"id\":9}', 11, 1, '2024-02-19 12:06:55', '2024-02-19 12:06:55'),
(8, 1, 10, '{\"notes\":\"hfghfgh\",\"follow_date\":\"2024-04-30\",\"meeting_id\":10,\"created_by\":1,\"updated_at\":\"2024-04-14T13:33:27.000000Z\",\"created_at\":\"2024-04-14T13:33:27.000000Z\",\"id\":10}', 12, 1, '2024-04-14 13:33:27', '2024-04-14 13:33:27'),
(9, 1, 11, '{\"notes\":\"jmghjgh\",\"follow_date\":\"2024-04-01\",\"meeting_id\":11,\"created_by\":1,\"updated_at\":\"2024-04-15T12:43:45.000000Z\",\"created_at\":\"2024-04-15T12:43:45.000000Z\",\"id\":11}', 12, 1, '2024-04-15 12:43:45', '2024-04-15 12:43:45'),
(10, 2, 12, '{\"from\":\"contacted\",\"to\":\"qualified\"}', 12, 1, '2024-04-21 03:47:31', '2024-04-21 03:47:31'),
(11, 1, 12, '{\"notes\":\"note\",\"follow_date\":\"2024-04-01\",\"meeting_id\":12,\"created_by\":1,\"updated_at\":\"2024-04-21T11:19:39.000000Z\",\"created_at\":\"2024-04-21T11:19:39.000000Z\",\"id\":12}', 13, 1, '2024-04-21 11:19:39', '2024-04-21 11:19:39'),
(12, 1, 53, '{\"notes\":\"note\",\"follow_date\":\"2024-04-21\",\"meeting_id\":53,\"created_by\":1,\"updated_at\":\"2024-04-21T13:06:25.000000Z\",\"created_at\":\"2024-04-21T13:06:25.000000Z\",\"id\":40}', 9, 1, '2024-04-21 13:06:25', '2024-04-21 13:06:25'),
(13, 1, 54, '{\"notes\":\"note\",\"follow_date\":\"2024-04-21\",\"meeting_id\":54,\"created_by\":1,\"updated_at\":\"2024-04-21T13:06:32.000000Z\",\"created_at\":\"2024-04-21T13:06:32.000000Z\",\"id\":41}', 9, 1, '2024-04-21 13:06:32', '2024-04-21 13:06:32'),
(14, 1, 55, '{\"notes\":\"qqq\",\"follow_date\":\"2024-04-30\",\"meeting_id\":55,\"created_by\":1,\"updated_at\":\"2024-04-22T11:21:19.000000Z\",\"created_at\":\"2024-04-22T11:21:19.000000Z\",\"id\":42}', 13, 1, '2024-04-22 11:21:19', '2024-04-22 11:21:19'),
(15, 2, 13, '{\"from\":\"contacted\",\"to\":\"converted\"}', 13, 1, '2024-04-23 10:29:15', '2024-04-23 10:29:15'),
(16, 2, 13, '{\"from\":\"contacted\",\"to\":\"converted\"}', 13, 1, '2024-04-23 10:29:15', '2024-04-23 10:29:15'),
(17, 2, 13, '{\"from\":\"converted\",\"to\":\"converted\"}', 13, 1, '2024-04-23 10:30:22', '2024-04-23 10:30:22'),
(18, 2, 13, '{\"from\":\"converted\",\"to\":\"converted\"}', 13, 1, '2024-04-23 10:30:22', '2024-04-23 10:30:22');

-- --------------------------------------------------------

--
-- Table structure for table `majors`
--

CREATE TABLE `majors` (
  `id` bigint(20) UNSIGNED NOT NULL,
  `name` varchar(255) COLLATE utf8mb4_unicode_ci DEFAULT NULL,
  `industry_id` bigint(20) UNSIGNED DEFAULT NULL,
  `created_at` timestamp NULL DEFAULT NULL,
  `updated_at` timestamp NULL DEFAULT NULL,
  `deleted_at` timestamp NULL DEFAULT NULL
) ENGINE=InnoDB DEFAULT CHARSET=utf8mb4 COLLATE=utf8mb4_unicode_ci;

--
-- Dumping data for table `majors`
--

INSERT INTO `majors` (`id`, `name`, `industry_id`, `created_at`, `updated_at`, `deleted_at`) VALUES
(1, 'الامن الوطني', 1, '2024-01-30 10:59:05', '2024-02-02 13:50:56', NULL),
(2, 'الهندسة', 2, '2024-01-30 10:59:18', '2024-02-02 13:51:26', NULL);

-- --------------------------------------------------------

--
-- Table structure for table `media`
--

CREATE TABLE `media` (
  `id` bigint(20) UNSIGNED NOT NULL,
  `file_name` varchar(255) COLLATE utf8mb4_unicode_ci NOT NULL,
  `file_path` varchar(255) COLLATE utf8mb4_unicode_ci NOT NULL,
  `file_type` varchar(255) COLLATE utf8mb4_unicode_ci NOT NULL,
  `file_size` varchar(255) COLLATE utf8mb4_unicode_ci NOT NULL,
  `file_sort` bigint(20) UNSIGNED NOT NULL DEFAULT 0,
  `mediable_id` bigint(20) UNSIGNED NOT NULL,
  `mediable_type` varchar(255) COLLATE utf8mb4_unicode_ci NOT NULL,
  `created_at` timestamp NULL DEFAULT NULL,
  `updated_at` timestamp NULL DEFAULT NULL
) ENGINE=InnoDB DEFAULT CHARSET=utf8mb4 COLLATE=utf8mb4_unicode_ci;

--
-- Dumping data for table `media`
--

INSERT INTO `media` (`id`, `file_name`, `file_path`, `file_type`, `file_size`, `file_sort`, `mediable_id`, `mediable_type`, `created_at`, `updated_at`) VALUES
(2, '1707398152.fbbf602ef607c01659982149df6ed28d.jpg', 'https://testnew.ourcrm.app/public/attachments/contact/1707398152.fbbf602ef607c01659982149df6ed28d.jpg', 'image/jpeg', '48503', 1, 8, 'App\\Models\\Contact', '2024-02-08 13:15:52', '2024-02-08 13:15:52'),
(4, '1713099309.splash_2.png', 'https://testnew.ourcrm.app/public/public/attachments/user/1713099309.splash_2.png', 'image/png', '48435', 1, 1, 'App\\Models\\User', '2024-04-14 12:55:09', '2024-04-14 12:55:09');

-- --------------------------------------------------------

--
-- Table structure for table `meetings`
--

CREATE TABLE `meetings` (
  `id` bigint(20) UNSIGNED NOT NULL,
  `type` varchar(255) COLLATE utf8mb4_unicode_ci DEFAULT NULL,
  `meeting_place` varchar(255) COLLATE utf8mb4_unicode_ci DEFAULT NULL,
  `meeting_date` date DEFAULT '2020-01-01',
  `revenue` decimal(15,3) DEFAULT 0.000,
  `interests_ids` varchar(255) COLLATE utf8mb4_unicode_ci DEFAULT NULL,
  `contact_id` bigint(20) UNSIGNED DEFAULT 1,
  `reply_id` bigint(20) UNSIGNED DEFAULT 1,
  `created_by` bigint(20) UNSIGNED DEFAULT 1,
  `created_at` timestamp NULL DEFAULT NULL,
  `updated_at` timestamp NULL DEFAULT NULL,
  `deleted_at` timestamp NULL DEFAULT NULL
) ENGINE=InnoDB DEFAULT CHARSET=utf8mb4 COLLATE=utf8mb4_unicode_ci;

--
-- Dumping data for table `meetings`
--

INSERT INTO `meetings` (`id`, `type`, `meeting_place`, `meeting_date`, `revenue`, `interests_ids`, `contact_id`, `reply_id`, `created_by`, `created_at`, `updated_at`, `deleted_at`) VALUES
(5, 'call', 'in', '2024-02-06', '150000.000', NULL, 6, 2, 1, '2024-02-06 09:42:56', '2024-04-21 13:16:48', '2024-04-21 13:16:48'),
(6, 'call', 'in', '2024-02-08', '50000.000', '[\"2\"]', 7, 1, 1, '2024-02-08 13:08:24', '2024-04-21 13:17:04', '2024-04-21 13:17:04'),
(7, 'meeting', 'in', '2024-04-13', '5000.000', '[\"1\"]', 9, 1, 1, '2024-02-09 15:50:52', '2024-04-21 13:20:54', NULL),
(8, 'call', 'out', '2024-02-13', '50000.000', '[\"2\"]', 10, 3, 1, '2024-02-13 09:19:03', '2024-02-13 09:19:03', NULL),
(9, 'call', 'in', '2024-02-19', '4500.000', '[\"3\"]', 11, 2, 1, '2024-02-19 12:06:55', '2024-02-19 12:06:55', NULL),
(10, 'meeting', 'in', '2024-04-14', '1000000.000', '[\"1\"]', 12, 1, 1, '2024-04-14 13:33:27', '2024-04-14 13:33:27', NULL),
(11, 'call', 'in', '2024-04-15', '1000.000', '[\"2\"]', 12, 2, 1, '2024-04-15 12:43:45', '2024-04-15 12:43:45', NULL),
(12, 'call', 'in', '2024-04-21', '1000.000', '[\"3\"]', 13, 1, 1, '2024-04-21 11:19:39', '2024-04-21 11:19:39', NULL),
(13, 'call', 'in', '2024-04-21', '1000.000', '[\"1\"]', 9, 1, 1, '2024-04-21 12:47:55', '2024-04-21 12:47:55', NULL),
(14, 'call', 'in', '2024-04-21', '1000.000', '[\"1\"]', 9, 1, 1, '2024-04-21 12:51:20', '2024-04-21 12:51:20', NULL),
(15, 'call', 'in', '2024-04-21', '1000.000', '[\"1\"]', 9, 1, 1, '2024-04-21 12:51:34', '2024-04-21 12:51:34', NULL),
(16, 'call', 'in', '2024-04-21', '1000.000', '[\"1\"]', 9, 1, 1, '2024-04-21 12:52:15', '2024-04-21 12:52:15', NULL),
(17, 'call', 'in', '2024-04-21', '1000.000', '[\"1\"]', 9, 1, 1, '2024-04-21 12:52:32', '2024-04-21 12:52:32', NULL),
(18, 'call', 'in', '2024-04-21', '1000.000', '[\"1\"]', 9, 1, 1, '2024-04-21 12:53:49', '2024-04-21 12:53:49', NULL),
(19, 'call', 'in', '2024-04-21', '1000.000', '[\"1\"]', 9, 1, 1, '2024-04-21 12:54:03', '2024-04-21 12:54:03', NULL),
(20, 'call', 'in', '2024-04-21', '1000.000', '[\"1\"]', 9, 1, 1, '2024-04-21 12:54:35', '2024-04-21 12:54:35', NULL),
(21, 'call', 'in', '2024-04-21', '1000.000', '[\"1\"]', 9, 1, 1, '2024-04-21 12:54:42', '2024-04-21 12:54:42', NULL),
(22, 'call', 'in', '2024-04-21', '1000.000', '[\"1\"]', 9, 1, 1, '2024-04-21 12:54:47', '2024-04-21 12:54:47', NULL),
(23, 'call', 'in', '2024-04-21', '1000.000', '[\"1\"]', 9, 1, 1, '2024-04-21 12:54:50', '2024-04-21 12:54:50', NULL),
(24, 'call', 'in', '2024-04-21', '1000.000', '[\"1\"]', 9, 1, 1, '2024-04-21 12:55:06', '2024-04-21 12:55:06', NULL),
(25, 'call', 'in', '2024-04-21', '1000.000', '[\"1\"]', 9, 1, 1, '2024-04-21 12:55:09', '2024-04-21 12:55:09', NULL),
(26, 'call', 'in', '2024-04-21', '1000.000', '[\"1\"]', 9, 1, 1, '2024-04-21 12:55:14', '2024-04-21 12:55:14', NULL),
(27, 'call', 'in', '2024-04-21', '1000.000', '[\"1\"]', 9, 1, 1, '2024-04-21 12:55:30', '2024-04-21 12:55:30', NULL),
(28, 'call', 'in', '2024-04-21', '1000.000', '[\"1\"]', 9, 1, 1, '2024-04-21 12:55:45', '2024-04-21 12:55:45', NULL),
(29, 'call', 'in', '2024-04-21', '1000.000', '[\"1\"]', 9, 1, 1, '2024-04-21 12:55:48', '2024-04-21 12:55:48', NULL),
(30, 'call', 'in', '2024-04-21', '1000.000', '[\"1\"]', 9, 1, 1, '2024-04-21 12:56:22', '2024-04-21 12:56:22', NULL),
(31, 'call', 'in', '2024-04-21', '1000.000', '[\"1\"]', 9, 1, 1, '2024-04-21 12:56:25', '2024-04-21 12:56:25', NULL),
(32, 'call', 'in', '2024-04-21', '1000.000', '[\"1\"]', 9, 1, 1, '2024-04-21 12:56:59', '2024-04-21 12:56:59', NULL),
(33, 'call', 'in', '2024-04-21', '1000.000', '[\"1\"]', 9, 1, 1, '2024-04-21 12:57:05', '2024-04-21 12:57:05', NULL),
(34, 'call', 'in', '2024-04-21', '1000.000', '[\"1\"]', 9, 1, 1, '2024-04-21 12:57:42', '2024-04-21 12:57:42', NULL),
(35, 'call', 'in', '2024-04-21', '1000.000', '[\"1\"]', 9, 1, 1, '2024-04-21 12:57:49', '2024-04-21 12:57:49', NULL),
(36, 'call', 'in', '2024-04-21', '1000.000', '[\"1\"]', 9, 1, 1, '2024-04-21 12:57:58', '2024-04-21 12:57:58', NULL),
(37, 'call', 'in', '2024-04-21', '1000.000', '[\"1\"]', 9, 1, 1, '2024-04-21 12:58:22', '2024-04-21 12:58:22', NULL),
(38, 'call', 'in', '2024-04-21', '1000.000', '[\"1\"]', 9, 1, 1, '2024-04-21 12:58:46', '2024-04-21 12:58:46', NULL),
(39, 'call', 'in', '2024-04-20', '1000.000', '[\"1\"]', 9, 1, 1, '2024-04-21 12:59:38', '2024-04-21 12:59:38', NULL),
(40, 'call', 'in', '2024-04-20', '1000.000', '[\"1\"]', 9, 1, 1, '2024-04-21 12:59:44', '2024-04-21 12:59:44', NULL),
(41, 'call', 'in', '2024-04-20', '1000.000', '[\"1\"]', 9, 1, 1, '2024-04-21 12:59:59', '2024-04-21 12:59:59', NULL),
(42, 'call', 'in', '2024-04-20', '1000.000', '[\"1\"]', 9, 1, 1, '2024-04-21 13:00:20', '2024-04-21 13:00:20', NULL),
(43, 'call', 'in', '2024-04-20', '1000.000', '[\"1\"]', 9, 1, 1, '2024-04-21 13:02:08', '2024-04-21 13:02:08', NULL),
(44, 'call', 'in', '2024-04-20', '1000.000', '[\"1\"]', 9, 1, 1, '2024-04-21 13:02:29', '2024-04-21 13:02:29', NULL),
(45, 'call', 'in', '2024-04-20', '1000.000', '[\"1\"]', 9, 1, 1, '2024-04-21 13:03:51', '2024-04-21 13:03:51', NULL),
(46, 'call', 'in', '2024-04-20', '1000.000', '[\"1\"]', 9, 1, 1, '2024-04-21 13:04:41', '2024-04-21 13:04:41', NULL),
(47, 'call', 'in', '2024-04-20', '1000.000', '[\"1\"]', 9, 1, 1, '2024-04-21 13:04:54', '2024-04-21 13:04:54', NULL),
(48, 'call', 'in', '2024-04-20', '1000.000', '[\"1\"]', 9, 1, 1, '2024-04-21 13:05:24', '2024-04-21 13:05:24', NULL),
(49, 'call', 'in', '2024-04-20', '1000.000', '[\"1\"]', 9, 1, 1, '2024-04-21 13:05:32', '2024-04-21 13:05:32', NULL),
(50, 'call', 'in', '2024-04-20', '1000.000', '[\"1\"]', 9, 1, 1, '2024-04-21 13:05:44', '2024-04-21 13:05:44', NULL),
(51, 'call', 'in', '2024-04-20', '1000.000', '[\"1\"]', 9, 1, 1, '2024-04-21 13:06:03', '2024-04-21 13:06:03', NULL),
(52, 'call', 'in', '2024-04-20', '1000.000', '[\"1\"]', 9, 1, 1, '2024-04-21 13:06:19', '2024-04-21 13:06:19', NULL),
(53, 'call', 'in', '2024-04-20', '1000.000', '[\"1\"]', 9, 1, 1, '2024-04-21 13:06:25', '2024-04-21 13:06:25', NULL),
(54, 'call', 'in', '2024-04-20', '1000.000', '[\"1\"]', 9, 1, 1, '2024-04-21 13:06:32', '2024-04-21 13:06:32', NULL),
(55, 'meeting', 'out', '2024-04-22', '222.000', '[\"1\"]', 13, 3, 1, '2024-04-22 11:21:19', '2024-04-22 11:21:19', NULL);

-- --------------------------------------------------------

--
-- Table structure for table `meeting_notes`
--

CREATE TABLE `meeting_notes` (
  `id` bigint(20) UNSIGNED NOT NULL,
  `notes` text COLLATE utf8mb4_unicode_ci DEFAULT NULL,
  `follow_date` date DEFAULT '2020-01-01',
  `meeting_id` bigint(20) UNSIGNED DEFAULT 1,
  `created_by` bigint(20) UNSIGNED DEFAULT 1,
  `created_at` timestamp NULL DEFAULT NULL,
  `updated_at` timestamp NULL DEFAULT NULL,
  `deleted_at` timestamp NULL DEFAULT NULL
) ENGINE=InnoDB DEFAULT CHARSET=utf8mb4 COLLATE=utf8mb4_unicode_ci;

--
-- Dumping data for table `meeting_notes`
--

INSERT INTO `meeting_notes` (`id`, `notes`, `follow_date`, `meeting_id`, `created_by`, `created_at`, `updated_at`, `deleted_at`) VALUES
(5, 'ءءءءء', '2024-02-06', 5, 1, '2024-02-06 09:42:56', '2024-02-06 09:42:56', NULL),
(6, 'hggg', '2024-02-15', 6, 1, '2024-02-08 13:08:24', '2024-02-08 13:08:24', NULL),
(7, '67667676', '2024-02-09', 7, 1, '2024-02-09 15:50:52', '2024-02-09 15:50:52', NULL),
(8, 'طلب حجز رحلة شهر العسل 4 افراد هو ومراته وصاحبه ومرااته خمس نجوم اعلى فئة فطار وغدا وعشاء وطلب وسيل السفر طيران', '2024-02-14', 8, 1, '2024-02-13 09:19:03', '2024-02-13 09:19:03', NULL),
(9, 'معاه مجموعة', '2024-02-19', 9, 1, '2024-02-19 12:06:55', '2024-02-19 12:06:55', NULL),
(10, 'hfghfgh', '2024-04-30', 10, 1, '2024-04-14 13:33:27', '2024-04-14 13:33:27', NULL),
(11, 'jmghjgh', '2024-04-01', 11, 1, '2024-04-15 12:43:45', '2024-04-15 12:43:45', NULL),
(12, 'note', '2024-04-01', 12, 1, '2024-04-21 11:19:39', '2024-04-21 11:19:39', NULL),
(13, 'note', '2024-04-30', 13, 1, '2024-04-21 12:47:55', '2024-04-21 12:47:55', NULL),
(14, 'note', '2024-04-30', 17, 1, '2024-04-21 12:52:32', '2024-04-21 12:52:32', NULL),
(15, 'note', '2024-04-30', 19, 1, '2024-04-21 12:54:03', '2024-04-21 12:54:03', NULL),
(16, 'note', '2024-04-30', 20, 1, '2024-04-21 12:54:35', '2024-04-21 12:54:35', NULL),
(17, 'note', '2024-04-30', 21, 1, '2024-04-21 12:54:42', '2024-04-21 12:54:42', NULL),
(18, 'note', '2024-04-30', 22, 1, '2024-04-21 12:54:47', '2024-04-21 12:54:47', NULL),
(19, 'note', '2024-04-30', 23, 1, '2024-04-21 12:54:50', '2024-04-21 12:54:50', NULL),
(20, 'note', '2024-04-30', 24, 1, '2024-04-21 12:55:07', '2024-04-21 12:55:07', NULL),
(21, 'note', '2024-04-30', 25, 1, '2024-04-21 12:55:09', '2024-04-21 12:55:09', NULL),
(22, 'note', '2024-04-30', 26, 1, '2024-04-21 12:55:14', '2024-04-21 12:55:14', NULL),
(23, 'note', '2024-04-30', 27, 1, '2024-04-21 12:55:30', '2024-04-21 12:55:30', NULL),
(24, 'note', '2024-04-30', 28, 1, '2024-04-21 12:55:45', '2024-04-21 12:55:45', NULL),
(25, 'note', '2024-04-30', 29, 1, '2024-04-21 12:55:48', '2024-04-21 12:55:48', NULL),
(26, 'note', '2024-04-30', 30, 1, '2024-04-21 12:56:22', '2024-04-21 12:56:22', NULL),
(27, 'note', '2024-04-30', 31, 1, '2024-04-21 12:56:25', '2024-04-21 12:56:25', NULL),
(28, 'note', '2024-04-21', 41, 1, '2024-04-21 12:59:59', '2024-04-21 12:59:59', NULL),
(29, 'note', '2024-04-21', 42, 1, '2024-04-21 13:00:20', '2024-04-21 13:00:20', NULL),
(30, 'note', '2024-04-21', 43, 1, '2024-04-21 13:02:08', '2024-04-21 13:02:08', NULL),
(31, 'note', '2024-04-21', 44, 1, '2024-04-21 13:02:29', '2024-04-21 13:02:29', NULL),
(32, 'note', '2024-04-21', 45, 1, '2024-04-21 13:03:51', '2024-04-21 13:03:51', NULL),
(33, 'note', '2024-04-21', 46, 1, '2024-04-21 13:04:41', '2024-04-21 13:04:41', NULL),
(34, 'note', '2024-04-21', 47, 1, '2024-04-21 13:04:54', '2024-04-21 13:04:54', NULL),
(35, 'note', '2024-04-21', 48, 1, '2024-04-21 13:05:24', '2024-04-21 13:05:24', NULL),
(36, 'note', '2024-04-21', 49, 1, '2024-04-21 13:05:32', '2024-04-21 13:05:32', NULL),
(37, 'note', '2024-04-21', 50, 1, '2024-04-21 13:05:44', '2024-04-21 13:05:44', NULL),
(38, 'note', '2024-04-21', 51, 1, '2024-04-21 13:06:03', '2024-04-21 13:06:03', NULL),
(39, 'note', '2024-04-21', 52, 1, '2024-04-21 13:06:19', '2024-04-21 13:06:19', NULL),
(40, 'note', '2024-04-21', 53, 1, '2024-04-21 13:06:25', '2024-04-21 13:06:25', NULL),
(41, 'note', '2024-04-21', 54, 1, '2024-04-21 13:06:32', '2024-04-21 13:06:32', NULL),
(42, 'qqq', '2024-04-30', 55, 1, '2024-04-22 11:21:19', '2024-04-22 11:21:19', NULL);

-- --------------------------------------------------------

--
-- Table structure for table `migrations`
--

CREATE TABLE `migrations` (
  `id` int(10) UNSIGNED NOT NULL,
  `migration` varchar(255) COLLATE utf8mb4_unicode_ci NOT NULL,
  `batch` int(11) NOT NULL
) ENGINE=InnoDB DEFAULT CHARSET=utf8mb4 COLLATE=utf8mb4_unicode_ci;

--
-- Dumping data for table `migrations`
--

INSERT INTO `migrations` (`id`, `migration`, `batch`) VALUES
(1, '2014_10_12_100000_create_password_resets_table', 1),
(2, '2019_08_19_000000_create_failed_jobs_table', 1),
(3, '2019_12_14_000001_create_personal_access_tokens_table', 1),
(4, '2023_12_27_003110_create_permission_tables', 1),
(5, '2023_12_28_102127_create_media_table', 1),
(6, '2023_12_28_163258_create_categories_table', 1),
(7, '2024_01_23_101201_create_countries_table', 1),
(8, '2024_01_23_101202_create_cities_table', 1),
(9, '2024_01_23_101203_create_areas_table', 1),
(10, '2024_01_23_101445_create_contact_sources_table', 1),
(11, '2024_01_23_105406_create_activates_table', 1),
(12, '2024_01_23_105555_create_interests_table', 1),
(13, '2024_01_23_120346_create_contact_categories_table', 1),
(14, '2024_01_23_131134_create_industries_table', 1),
(15, '2024_01_23_135518_create_majors_table', 1),
(16, '2024_01_23_141321_create_job_titles_table', 1),
(17, '2024_01_23_150359_create_saved_replies_table', 1),
(18, '2024_01_23_181149_create_campaigns_table', 1),
(19, '2024_01_24_113642_create_point_settings_table', 1),
(20, '2024_01_24_145240_create_branches_table', 1),
(21, '2024_01_24_145318_create_departments_table', 1),
(22, '2024_01_25_135457_create_employees_table', 1),
(23, '2024_01_25_145011_create_notifications_table', 1),
(24, '2024_01_26_113724_create_employee_targets_table', 1),
(25, '2024_01_26_113941_create_targets_table', 1),
(26, '2024_01_27_112550_create_customers_table', 1),
(27, '2024_01_27_115922_create_contacts_table', 1),
(28, '2024_01_29_134207_create_meetings_table', 1),
(29, '2024_01_29_134241_create_meeting_notes_table', 1),
(30, '2024_01_29_155455_create_lead_histories_table', 1),
(31, '2024_01_29_160147_create_lead_categories_table', 1),
(32, '2024_01_30_114752_create_invoices_table', 1),
(33, '2024_01_30_114816_create_recorder_reminders_table', 1),
(34, '2024_01_30_115544_create_points_table', 1),
(35, '2024_01_31_000000_create_users_table', 1),
(36, '2024_01_31_152529_create_contact_completions_table', 1),
(37, '2024_01_30_154420_create_attachments_table', 2),
(38, '2024_02_03_143906_create_interest_meetings_table', 3),
(39, '2024_02_04_140535_create_lead_cteagories_table', 4),
(40, '2024_02_06_133802_create_customer_categories_table', 4),
(41, '2024_02_06_134823_create_organizations_table', 4),
(42, '2024_02_06_140222_create_uploads_table', 4),
(43, '2024_02_07_143216_create_l_a_configs_table', 4),
(44, '2024_02_15_010136_create_point_histories_table', 5),
(45, '2024_02_15_020757_create_tickets_table', 5),
(47, '2024_02_15_103933_create_reorder_reminders_table', 5),
(48, '2024_02_15_164819_alterattachments_table_v2', 5),
(49, '2024_02_15_173214_alter_customers_table_v3', 5),
(50, '2024_01_25_145011_create_notification_table', 6),
(51, '2024_03_19_131106_create_notifications_table', 7),
(52, '2024_02_15_021910_create_communication_logs_table', 8),
(53, '2024_07_11_131309_add_religion_and_address_and_branch_id_and_code_to_contacts_table', 9),
(54, '2024_07_11_133333_add_religion_and_address_and_branch_id_and_code_to_customers_table', 9),
(55, '2024_07_11_165738_add_code_to_branches_table', 9);

-- --------------------------------------------------------

--
-- Table structure for table `model_has_permissions`
--

CREATE TABLE `model_has_permissions` (
  `permission_id` bigint(20) UNSIGNED NOT NULL,
  `model_type` varchar(255) COLLATE utf8mb4_unicode_ci NOT NULL,
  `model_id` bigint(20) UNSIGNED NOT NULL
) ENGINE=InnoDB DEFAULT CHARSET=utf8mb4 COLLATE=utf8mb4_unicode_ci;

--
-- Dumping data for table `model_has_permissions`
--

INSERT INTO `model_has_permissions` (`permission_id`, `model_type`, `model_id`) VALUES
(1, 'App\\Models\\User', 1),
(2, 'App\\Models\\User', 1),
(3, 'App\\Models\\User', 1),
(4, 'App\\Models\\User', 1),
(5, 'App\\Models\\User', 1),
(6, 'App\\Models\\User', 1),
(7, 'App\\Models\\User', 1),
(8, 'App\\Models\\User', 1),
(9, 'App\\Models\\User', 1),
(10, 'App\\Models\\User', 1),
(11, 'App\\Models\\User', 1),
(12, 'App\\Models\\User', 1),
(13, 'App\\Models\\User', 1),
(14, 'App\\Models\\User', 1),
(15, 'App\\Models\\User', 1),
(16, 'App\\Models\\User', 1),
(17, 'App\\Models\\User', 1),
(18, 'App\\Models\\User', 1),
(19, 'App\\Models\\User', 1),
(20, 'App\\Models\\User', 1),
(21, 'App\\Models\\User', 1),
(22, 'App\\Models\\User', 1),
(23, 'App\\Models\\User', 1),
(24, 'App\\Models\\User', 1),
(25, 'App\\Models\\User', 1),
(26, 'App\\Models\\User', 1),
(27, 'App\\Models\\User', 1),
(28, 'App\\Models\\User', 1),
(29, 'App\\Models\\User', 1),
(30, 'App\\Models\\User', 1),
(31, 'App\\Models\\User', 1),
(32, 'App\\Models\\User', 1),
(33, 'App\\Models\\User', 1),
(34, 'App\\Models\\User', 1),
(35, 'App\\Models\\User', 1),
(36, 'App\\Models\\User', 1),
(37, 'App\\Models\\User', 1),
(38, 'App\\Models\\User', 1),
(39, 'App\\Models\\User', 1),
(40, 'App\\Models\\User', 1),
(41, 'App\\Models\\User', 1),
(42, 'App\\Models\\User', 1),
(43, 'App\\Models\\User', 1),
(44, 'App\\Models\\User', 1),
(45, 'App\\Models\\User', 1),
(46, 'App\\Models\\User', 1),
(47, 'App\\Models\\User', 1),
(48, 'App\\Models\\User', 1),
(49, 'App\\Models\\User', 1),
(50, 'App\\Models\\User', 1),
(51, 'App\\Models\\User', 1),
(52, 'App\\Models\\User', 1),
(53, 'App\\Models\\User', 1),
(54, 'App\\Models\\User', 1),
(55, 'App\\Models\\User', 1),
(56, 'App\\Models\\User', 1),
(57, 'App\\Models\\User', 1),
(58, 'App\\Models\\User', 1),
(59, 'App\\Models\\User', 1),
(60, 'App\\Models\\User', 1),
(61, 'App\\Models\\User', 1),
(62, 'App\\Models\\User', 1),
(63, 'App\\Models\\User', 1),
(64, 'App\\Models\\User', 1),
(65, 'App\\Models\\User', 1),
(66, 'App\\Models\\User', 1),
(67, 'App\\Models\\User', 1),
(68, 'App\\Models\\User', 1),
(69, 'App\\Models\\User', 1),
(70, 'App\\Models\\User', 1),
(71, 'App\\Models\\User', 1),
(72, 'App\\Models\\User', 1),
(73, 'App\\Models\\User', 1),
(74, 'App\\Models\\User', 1),
(75, 'App\\Models\\User', 1),
(76, 'App\\Models\\User', 1),
(77, 'App\\Models\\User', 1),
(78, 'App\\Models\\User', 1),
(79, 'App\\Models\\User', 1),
(80, 'App\\Models\\User', 1),
(81, 'App\\Models\\User', 1),
(82, 'App\\Models\\User', 1),
(83, 'App\\Models\\User', 1),
(84, 'App\\Models\\User', 1),
(85, 'App\\Models\\User', 1),
(86, 'App\\Models\\User', 1),
(87, 'App\\Models\\User', 1),
(88, 'App\\Models\\User', 1),
(89, 'App\\Models\\User', 1),
(90, 'App\\Models\\User', 1),
(91, 'App\\Models\\User', 1),
(92, 'App\\Models\\User', 1),
(93, 'App\\Models\\User', 1),
(94, 'App\\Models\\User', 1),
(95, 'App\\Models\\User', 1),
(96, 'App\\Models\\User', 1),
(97, 'App\\Models\\User', 1),
(98, 'App\\Models\\User', 1),
(99, 'App\\Models\\User', 1),
(100, 'App\\Models\\User', 1),
(101, 'App\\Models\\User', 1),
(102, 'App\\Models\\User', 1),
(103, 'App\\Models\\User', 1),
(104, 'App\\Models\\User', 1),
(105, 'App\\Models\\User', 1),
(106, 'App\\Models\\User', 1),
(107, 'App\\Models\\User', 1),
(108, 'App\\Models\\User', 1),
(109, 'App\\Models\\User', 1),
(110, 'App\\Models\\User', 1),
(111, 'App\\Models\\User', 1),
(112, 'App\\Models\\User', 1),
(113, 'App\\Models\\User', 1),
(114, 'App\\Models\\User', 1),
(115, 'App\\Models\\User', 1),
(116, 'App\\Models\\User', 1),
(117, 'App\\Models\\User', 1),
(118, 'App\\Models\\User', 1),
(119, 'App\\Models\\User', 1),
(120, 'App\\Models\\User', 1),
(121, 'App\\Models\\User', 1),
(122, 'App\\Models\\User', 1);

-- --------------------------------------------------------

--
-- Table structure for table `model_has_roles`
--

CREATE TABLE `model_has_roles` (
  `role_id` bigint(20) UNSIGNED NOT NULL,
  `model_type` varchar(255) COLLATE utf8mb4_unicode_ci NOT NULL,
  `model_id` bigint(20) UNSIGNED NOT NULL
) ENGINE=InnoDB DEFAULT CHARSET=utf8mb4 COLLATE=utf8mb4_unicode_ci;

--
-- Dumping data for table `model_has_roles`
--

INSERT INTO `model_has_roles` (`role_id`, `model_type`, `model_id`) VALUES
(1, 'App\\Models\\User', 1),
(1, 'App\\Models\\User', 2),
(1, 'App\\Models\\User', 3),
(2, 'App\\Models\\User', 11);

-- --------------------------------------------------------

--
-- Table structure for table `notification`
--

CREATE TABLE `notification` (
  `id` bigint(20) UNSIGNED NOT NULL,
  `notification` text COLLATE utf8mb4_unicode_ci DEFAULT NULL,
  `dept` bigint(20) UNSIGNED DEFAULT NULL,
  `employee_id` bigint(20) UNSIGNED DEFAULT NULL,
  `created_by` bigint(20) UNSIGNED DEFAULT NULL,
  `created_at` timestamp NULL DEFAULT NULL,
  `updated_at` timestamp NULL DEFAULT NULL,
  `deleted_at` timestamp NULL DEFAULT NULL
) ENGINE=InnoDB DEFAULT CHARSET=utf8mb4 COLLATE=utf8mb4_unicode_ci;

--
-- Dumping data for table `notification`
--

INSERT INTO `notification` (`id`, `notification`, `dept`, `employee_id`, `created_by`, `created_at`, `updated_at`, `deleted_at`) VALUES
(1, 'test', NULL, 1, 1, '2024-04-07 13:03:02', '2024-04-07 13:03:02', NULL),
(2, 'api', NULL, 1, 1, '2024-04-09 02:02:03', '2024-04-09 02:02:03', NULL),
(3, 'ava', NULL, 1, 1, '2024-04-16 13:08:06', '2024-04-16 13:08:06', NULL);

-- --------------------------------------------------------

--
-- Table structure for table `notifications`
--

CREATE TABLE `notifications` (
  `id` char(36) COLLATE utf8mb4_unicode_ci NOT NULL,
  `type` varchar(255) COLLATE utf8mb4_unicode_ci DEFAULT NULL,
  `notifiable_type` varchar(255) COLLATE utf8mb4_unicode_ci NOT NULL,
  `notifiable_id` bigint(20) UNSIGNED NOT NULL,
  `data` text COLLATE utf8mb4_unicode_ci DEFAULT NULL,
  `read_at` timestamp NULL DEFAULT NULL,
  `created_at` timestamp NULL DEFAULT NULL,
  `updated_at` timestamp NULL DEFAULT NULL
) ENGINE=InnoDB DEFAULT CHARSET=utf8mb4 COLLATE=utf8mb4_unicode_ci;

--
-- Dumping data for table `notifications`
--

INSERT INTO `notifications` (`id`, `type`, `notifiable_type`, `notifiable_id`, `data`, `read_at`, `created_at`, `updated_at`) VALUES
('3ea50135-375a-42c8-8135-1c50f5b99499', 'App\\Notifications\\NotificationNotification', 'App\\Models\\User', 1, '[\"New Notification Added\"]', NULL, '2024-04-16 13:08:06', '2024-04-16 13:08:06'),
('4a47d945-fb38-4a97-a2b3-78c88658b794', 'App\\Notifications\\TicketReplyNotification', 'App\\Models\\Customer', 9, '[\"Ahmed NabilAdd New Ticket Reply\"]', NULL, '2024-04-23 11:55:49', '2024-04-23 11:55:49'),
('4f64840c-9d4b-4a27-b70a-5846c0c5feac', 'App\\Notifications\\TicketReplyNotification', 'App\\Models\\User', 2, '[\"\\u0627\\u062d\\u0645\\u062f \\u0627\\u0628\\u0631\\u0627\\u0647\\u064a\\u0645Add New Ticket Reply\"]', NULL, '2024-04-23 11:12:21', '2024-04-23 11:12:21'),
('5a84f309-f10f-4974-9574-39330428c26f', 'App\\Notifications\\TicketReplyNotification', 'App\\Models\\User', 2, '[\"\\u0627\\u062d\\u0645\\u062f \\u0627\\u0628\\u0631\\u0627\\u0647\\u064a\\u0645Add New Ticket Reply\"]', NULL, '2024-04-23 11:52:46', '2024-04-23 11:52:46'),
('85d6b4d4-de98-4f40-a368-9fda5e53cb20', 'App\\Notifications\\TicketReplyNotification', 'App\\Models\\User', 1, '[\"\\u0627\\u062d\\u0645\\u062f \\u0627\\u0628\\u0631\\u0627\\u0647\\u064a\\u0645Add New Ticket Reply\"]', NULL, '2024-04-23 11:55:56', '2024-04-23 11:55:56'),
('99499', 'App\\Notifications\\NotificationNotification', 'App\\Models\\Customer', 9, '[\"New Notification Added\"]', NULL, '2024-04-16 13:08:06', '2024-04-16 13:08:06'),
('a4264a74-da1d-43d4-9715-ee206382ef6d', 'App\\Notifications\\TicketReplyNotification', 'App\\Models\\User', 1, '[\"\\u0627\\u062d\\u0645\\u062f \\u0627\\u0628\\u0631\\u0627\\u0647\\u064a\\u0645Add New Ticket Reply\"]', NULL, '2024-04-23 11:55:38', '2024-04-23 11:55:38');

-- --------------------------------------------------------

--
-- Table structure for table `organizations`
--

CREATE TABLE `organizations` (
  `id` bigint(20) UNSIGNED NOT NULL,
  `name` varchar(255) COLLATE utf8mb4_unicode_ci DEFAULT NULL,
  `email` varchar(255) COLLATE utf8mb4_unicode_ci DEFAULT NULL,
  `phone` varchar(255) COLLATE utf8mb4_unicode_ci DEFAULT NULL,
  `website` varchar(255) COLLATE utf8mb4_unicode_ci DEFAULT 'http://',
  `connect_since` date DEFAULT NULL,
  `address` varchar(255) COLLATE utf8mb4_unicode_ci DEFAULT NULL,
  `city` varchar(255) COLLATE utf8mb4_unicode_ci DEFAULT NULL,
  `description` varchar(255) COLLATE utf8mb4_unicode_ci DEFAULT NULL,
  `profile_image` int(11) DEFAULT NULL,
  `profile` int(11) DEFAULT NULL,
  `assigned_to` bigint(20) UNSIGNED DEFAULT 1,
  `created_at` timestamp NULL DEFAULT NULL,
  `updated_at` timestamp NULL DEFAULT NULL,
  `deleted_at` timestamp NULL DEFAULT NULL
) ENGINE=InnoDB DEFAULT CHARSET=utf8mb4 COLLATE=utf8mb4_unicode_ci;

-- --------------------------------------------------------

--
-- Table structure for table `password_resets`
--

CREATE TABLE `password_resets` (
  `email` varchar(255) COLLATE utf8mb4_unicode_ci NOT NULL,
  `token` varchar(255) COLLATE utf8mb4_unicode_ci NOT NULL,
  `created_at` timestamp NULL DEFAULT NULL
) ENGINE=InnoDB DEFAULT CHARSET=utf8mb4 COLLATE=utf8mb4_unicode_ci;

-- --------------------------------------------------------

--
-- Table structure for table `permissions`
--

CREATE TABLE `permissions` (
  `id` bigint(20) UNSIGNED NOT NULL,
  `name` varchar(255) COLLATE utf8mb4_unicode_ci NOT NULL,
  `guard_name` varchar(255) COLLATE utf8mb4_unicode_ci NOT NULL,
  `created_at` timestamp NULL DEFAULT NULL,
  `updated_at` timestamp NULL DEFAULT NULL
) ENGINE=InnoDB DEFAULT CHARSET=utf8mb4 COLLATE=utf8mb4_unicode_ci;

--
-- Dumping data for table `permissions`
--

INSERT INTO `permissions` (`id`, `name`, `guard_name`, `created_at`, `updated_at`) VALUES
(1, 'المستخدمين', 'web', '2024-01-30 10:45:42', '2024-01-30 10:45:42'),
(2, 'قائمة المستخدمين', 'web', '2024-01-30 10:45:42', '2024-01-30 10:45:42'),
(3, 'صلاحيات المستخدمين', 'web', '2024-01-30 10:45:42', '2024-01-30 10:45:42'),
(4, 'إضافة مستخدم', 'web', '2024-01-30 10:45:42', '2024-01-30 10:45:42'),
(5, 'تعديل مستخدم', 'web', '2024-01-30 10:45:42', '2024-01-30 10:45:42'),
(6, 'حذف مستخدم', 'web', '2024-01-30 10:45:42', '2024-01-30 10:45:42'),
(7, 'عرض صلاحية', 'web', '2024-01-30 10:45:42', '2024-01-30 10:45:42'),
(8, 'إضافة صلاحية', 'web', '2024-01-30 10:45:42', '2024-01-30 10:45:42'),
(9, 'تعديل صلاحية', 'web', '2024-01-30 10:45:42', '2024-01-30 10:45:42'),
(10, 'حذف صلاحية', 'web', '2024-01-30 10:45:42', '2024-01-30 10:45:42'),
(11, 'الإشعارات', 'web', '2024-01-30 10:45:42', '2024-01-30 10:45:42'),
(12, 'الأماكن', 'web', '2024-02-14 09:16:14', '2024-02-14 09:16:14'),
(13, 'عرض الدول', 'web', '2024-02-14 09:16:14', '2024-02-14 09:16:14'),
(14, 'إضافة الدول', 'web', '2024-02-14 09:16:14', '2024-02-14 09:16:14'),
(15, 'تعديل الدول', 'web', '2024-02-14 09:16:14', '2024-02-14 09:16:14'),
(16, 'حذف الدول', 'web', '2024-02-14 09:16:14', '2024-02-14 09:16:14'),
(17, 'عرض المدن', 'web', '2024-02-14 09:16:14', '2024-02-14 09:16:14'),
(18, 'إضافة المدن', 'web', '2024-02-14 09:16:14', '2024-02-14 09:16:14'),
(19, 'تعديل المدن', 'web', '2024-02-14 09:16:14', '2024-02-14 09:16:14'),
(20, 'حذف المدن', 'web', '2024-02-14 09:16:14', '2024-02-14 09:16:14'),
(21, 'عرض المناطق', 'web', '2024-02-14 09:16:14', '2024-02-14 09:16:14'),
(22, 'إضافة المناطق', 'web', '2024-02-14 09:16:15', '2024-02-14 09:16:15'),
(23, 'تعديل المناطق', 'web', '2024-02-14 09:16:15', '2024-02-14 09:16:15'),
(24, 'حذف المناطق', 'web', '2024-02-14 09:16:15', '2024-02-14 09:16:15'),
(25, 'بيانات جهات الإتصال', 'web', '2024-02-14 09:16:15', '2024-02-14 09:16:15'),
(26, 'عرض مصادر جهات الإتصال', 'web', '2024-02-14 09:16:15', '2024-02-14 09:16:15'),
(27, 'إضافة مصادر جهات الإتصال', 'web', '2024-02-14 09:16:15', '2024-02-14 09:16:15'),
(28, 'تعديل مصادر جهات الإتصال', 'web', '2024-02-14 09:16:15', '2024-02-14 09:16:15'),
(29, 'حذف مصادر جهات الإتصال', 'web', '2024-02-14 09:16:15', '2024-02-14 09:16:15'),
(30, 'عرض فئات جهات الإتصال', 'web', '2024-02-14 09:16:15', '2024-02-14 09:16:15'),
(31, 'إضافة فئات جهات الإتصال', 'web', '2024-02-14 09:16:15', '2024-02-14 09:16:15'),
(32, 'تعديل فئات جهات الإتصال', 'web', '2024-02-14 09:16:15', '2024-02-14 09:16:15'),
(33, 'حذف فئات جهات الإتصال', 'web', '2024-02-14 09:16:15', '2024-02-14 09:16:15'),
(34, 'بيانات الأنشطة', 'web', '2024-02-14 09:16:15', '2024-02-14 09:16:15'),
(35, 'عرض الأنشطة الرئيسية', 'web', '2024-02-14 09:16:15', '2024-02-14 09:16:15'),
(36, 'إضافة الأنشطة الرئيسية', 'web', '2024-02-14 09:16:15', '2024-02-14 09:16:15'),
(37, 'تعديل الأنشطة الرئيسية', 'web', '2024-02-14 09:16:15', '2024-02-14 09:16:15'),
(38, 'حذف الأنشطة الرئيسية', 'web', '2024-02-14 09:16:15', '2024-02-14 09:16:15'),
(39, 'عرض الأنشطة الفرعية', 'web', '2024-02-14 09:16:15', '2024-02-14 09:16:15'),
(40, 'إضافة الأنشطة الفرعية', 'web', '2024-02-14 09:16:15', '2024-02-14 09:16:15'),
(41, 'تعديل الأنشطة الفرعية', 'web', '2024-02-14 09:16:15', '2024-02-14 09:16:15'),
(42, 'حذف الأنشطة الفرعية', 'web', '2024-02-14 09:16:15', '2024-02-14 09:16:15'),
(43, 'عرض قطاعات الأعمال', 'web', '2024-02-14 09:16:15', '2024-02-14 09:16:15'),
(44, 'إضافة قطاعات الأعمال', 'web', '2024-02-14 09:16:15', '2024-02-14 09:16:15'),
(45, 'تعديل قطاعات الأعمال', 'web', '2024-02-14 09:16:15', '2024-02-14 09:16:15'),
(46, 'حذف قطاعات الأعمال', 'web', '2024-02-14 09:16:15', '2024-02-14 09:16:15'),
(47, 'عرض التخصصات', 'web', '2024-02-14 09:16:15', '2024-02-14 09:16:15'),
(48, 'إضافة التخصصات', 'web', '2024-02-14 09:16:15', '2024-02-14 09:16:15'),
(49, 'تعديل التخصصات', 'web', '2024-02-14 09:16:15', '2024-02-14 09:16:15'),
(50, 'حذف التخصصات', 'web', '2024-02-14 09:16:15', '2024-02-14 09:16:15'),
(51, 'عرض المسميات الوظيفية', 'web', '2024-02-14 09:16:15', '2024-02-14 09:16:15'),
(52, 'إضافة المسميات الوظيفية', 'web', '2024-02-14 09:16:15', '2024-02-14 09:16:15'),
(53, 'تعديل المسميات الوظيفية', 'web', '2024-02-14 09:16:15', '2024-02-14 09:16:15'),
(54, 'حذف المسميات الوظيفية', 'web', '2024-02-14 09:16:15', '2024-02-14 09:16:15'),
(55, 'عرض الردود المحفوظة', 'web', '2024-02-14 09:16:15', '2024-02-14 09:16:15'),
(56, 'إضافة الردود المحفوظة', 'web', '2024-02-14 09:16:15', '2024-02-14 09:16:15'),
(57, 'تعديل الردود المحفوظة', 'web', '2024-02-14 09:16:16', '2024-02-14 09:16:16'),
(58, 'حذف الردود المحفوظة', 'web', '2024-02-14 09:16:16', '2024-02-14 09:16:16'),
(59, 'عرض تارجت الموظفين', 'web', '2024-02-14 09:16:16', '2024-02-14 09:16:16'),
(60, 'إضافة تارجت الموظفين', 'web', '2024-02-14 09:16:16', '2024-02-14 09:16:16'),
(61, 'تعديل تارجت الموظفين', 'web', '2024-02-14 09:16:16', '2024-02-14 09:16:16'),
(62, 'حذف تارجت الموظفين', 'web', '2024-02-14 09:16:16', '2024-02-14 09:16:16'),
(63, 'إدارة علاقات العملاء', 'web', '2024-02-14 09:16:16', '2024-02-14 09:16:16'),
(64, 'عرض جهات الإتصال', 'web', '2024-02-14 09:16:16', '2024-02-14 09:16:16'),
(65, 'إضافة جهات الإتصال', 'web', '2024-02-14 09:16:16', '2024-02-14 09:16:16'),
(66, 'تعديل جهات الإتصال', 'web', '2024-02-14 09:16:16', '2024-02-14 09:16:16'),
(67, 'حذف جهات الإتصال', 'web', '2024-02-14 09:16:16', '2024-02-14 09:16:16'),
(68, 'أرشفة جهات الإتصال', 'web', '2024-02-14 09:16:16', '2024-02-14 09:16:16'),
(69, 'تصدير جهات الإتصال', 'web', '2024-02-14 09:16:16', '2024-02-14 09:16:16'),
(70, 'إستيراد جهات الإتصال', 'web', '2024-02-14 09:16:16', '2024-02-14 09:16:16'),
(71, 'تغيير حالات تنشيط جهات الإتصال', 'web', '2024-02-14 09:16:16', '2024-02-14 09:16:16'),
(72, 'إرسال رسائل جهات الإتصال', 'web', '2024-02-14 09:16:16', '2024-02-14 09:16:16'),
(73, 'إضافة مكالمات جهات الإتصال', 'web', '2024-02-14 09:16:16', '2024-02-14 09:16:16'),
(74, 'عرض العملاء', 'web', '2024-02-14 09:16:16', '2024-02-14 09:16:16'),
(75, 'إضافة العملاء', 'web', '2024-02-14 09:16:16', '2024-02-14 09:16:16'),
(76, 'تعديل العملاء', 'web', '2024-02-14 09:16:16', '2024-02-14 09:16:16'),
(77, 'حذف العملاء', 'web', '2024-02-14 09:16:16', '2024-02-14 09:16:16'),
(78, 'إستيراد العملاء', 'web', '2024-02-14 09:16:16', '2024-02-14 09:16:16'),
(79, 'إضافة فواتير العملاء', 'web', '2024-02-14 09:16:16', '2024-02-14 09:16:16'),
(80, 'تعديل فواتير العملاء', 'web', '2024-02-14 09:16:16', '2024-02-14 09:16:16'),
(81, 'إضافة تذكيرات العملاء', 'web', '2024-02-14 09:16:16', '2024-02-14 09:16:16'),
(82, 'إضافة إعادة إستهداف العملاء', 'web', '2024-02-14 09:16:16', '2024-02-14 09:16:16'),
(83, 'إضافة عملاء مرتبط العملاء', 'web', '2024-02-14 09:16:16', '2024-02-14 09:16:16'),
(84, 'التسويق', 'web', '2024-02-14 09:16:16', '2024-02-14 09:16:16'),
(85, 'عرض الحملات', 'web', '2024-02-14 09:16:16', '2024-02-14 09:16:16'),
(86, 'إضافة الحملات', 'web', '2024-02-14 09:16:16', '2024-02-14 09:16:16'),
(87, 'تعديل الحملات', 'web', '2024-02-14 09:16:16', '2024-02-14 09:16:16'),
(88, 'حذف الحملات', 'web', '2024-02-14 09:16:16', '2024-02-14 09:16:16'),
(89, 'عرض أنظمة النقاط', 'web', '2024-02-14 09:16:16', '2024-02-14 09:16:16'),
(90, 'إضافة أنظمة النقاط', 'web', '2024-02-14 09:16:16', '2024-02-14 09:16:16'),
(91, 'تعديل أنظمة النقاط', 'web', '2024-02-14 09:16:16', '2024-02-14 09:16:16'),
(92, 'حذف أنظمة النقاط', 'web', '2024-02-14 09:16:16', '2024-02-14 09:16:16'),
(93, 'التقارير', 'web', '2024-02-14 09:16:16', '2024-02-14 09:16:16'),
(94, 'عرض تقارير المكالمات والزيارات', 'web', '2024-02-14 09:16:17', '2024-02-14 09:16:17'),
(95, 'عرض تقارير جهات الإتصال', 'web', '2024-02-14 09:16:17', '2024-02-14 09:16:17'),
(96, 'عرض تقارير مبيعات الموظفين', 'web', '2024-02-14 09:16:17', '2024-02-14 09:16:17'),
(97, 'عرض تقارير مبيعات الفروع', 'web', '2024-02-14 09:16:17', '2024-02-14 09:16:17'),
(98, 'عرض تقارير مبيعات الأنشظة', 'web', '2024-02-14 09:16:17', '2024-02-14 09:16:17'),
(99, 'التنبيهات', 'web', '2024-02-14 09:16:17', '2024-02-14 09:16:17'),
(100, 'عرض تذكيرات اليوم', 'web', '2024-02-14 09:16:17', '2024-02-14 09:16:17'),
(101, 'عرض تذكيرات الشهر', 'web', '2024-02-14 09:16:17', '2024-02-14 09:16:17'),
(102, 'عرض الإشعارات', 'web', '2024-02-14 09:16:17', '2024-02-14 09:16:17'),
(103, 'إضافة الإشعارات', 'web', '2024-02-14 09:16:17', '2024-02-14 09:16:17'),
(104, 'تعديل الإشعارات', 'web', '2024-02-14 09:16:17', '2024-02-14 09:16:17'),
(105, 'حذف الإشعارات', 'web', '2024-02-14 09:16:17', '2024-02-14 09:16:17'),
(106, 'الفريق', 'web', '2024-02-14 09:16:17', '2024-02-14 09:16:17'),
(107, 'عرض الفروع', 'web', '2024-02-14 09:16:17', '2024-02-14 09:16:17'),
(108, 'إضافة الفروع', 'web', '2024-02-14 09:16:17', '2024-02-14 09:16:17'),
(109, 'تعديل الفروع', 'web', '2024-02-14 09:16:17', '2024-02-14 09:16:17'),
(110, 'حذف الفروع', 'web', '2024-02-14 09:16:17', '2024-02-14 09:16:17'),
(111, 'عرض الأقسام', 'web', '2024-02-14 09:16:17', '2024-02-14 09:16:17'),
(112, 'إضافة الأقسام', 'web', '2024-02-14 09:16:17', '2024-02-14 09:16:17'),
(113, 'تعديل الأقسام', 'web', '2024-02-14 09:16:17', '2024-02-14 09:16:17'),
(114, 'حذف الأقسام', 'web', '2024-02-14 09:16:17', '2024-02-14 09:16:17'),
(115, 'عرض الصلاحيات', 'web', '2024-02-14 09:16:17', '2024-02-14 09:16:17'),
(116, 'إضافة الصلاحيات', 'web', '2024-02-14 09:16:17', '2024-02-14 09:16:17'),
(117, 'تعديل الصلاحيات', 'web', '2024-02-14 09:16:17', '2024-02-14 09:16:17'),
(118, 'حذف الصلاحيات', 'web', '2024-02-14 09:16:17', '2024-02-14 09:16:17'),
(119, 'عرض المستخدمين', 'web', '2024-02-14 09:16:17', '2024-02-14 09:16:17'),
(120, 'إضافة المستخدمين', 'web', '2024-02-14 09:16:17', '2024-02-14 09:16:17'),
(121, 'تعديل المستخدمين', 'web', '2024-02-14 09:16:17', '2024-02-14 09:16:17'),
(122, 'حذف المستخدمين', 'web', '2024-02-14 09:16:17', '2024-02-14 09:16:17');

-- --------------------------------------------------------

--
-- Table structure for table `personal_access_tokens`
--

CREATE TABLE `personal_access_tokens` (
  `id` bigint(20) UNSIGNED NOT NULL,
  `tokenable_type` varchar(255) COLLATE utf8mb4_unicode_ci NOT NULL,
  `tokenable_id` bigint(20) UNSIGNED NOT NULL,
  `name` varchar(255) COLLATE utf8mb4_unicode_ci NOT NULL,
  `token` varchar(64) COLLATE utf8mb4_unicode_ci NOT NULL,
  `abilities` text COLLATE utf8mb4_unicode_ci DEFAULT NULL,
  `last_used_at` timestamp NULL DEFAULT NULL,
  `created_at` timestamp NULL DEFAULT NULL,
  `updated_at` timestamp NULL DEFAULT NULL
) ENGINE=InnoDB DEFAULT CHARSET=utf8mb4 COLLATE=utf8mb4_unicode_ci;

-- --------------------------------------------------------

--
-- Table structure for table `points`
--

CREATE TABLE `points` (
  `id` bigint(20) UNSIGNED NOT NULL,
  `points` int(11) DEFAULT NULL,
  `expiry_date` date DEFAULT NULL,
  `activity_id` bigint(20) UNSIGNED DEFAULT NULL,
  `sub_activity_id` bigint(20) UNSIGNED DEFAULT NULL,
  `customer_id` bigint(20) UNSIGNED DEFAULT NULL,
  `created_at` timestamp NULL DEFAULT NULL,
  `updated_at` timestamp NULL DEFAULT NULL
) ENGINE=InnoDB DEFAULT CHARSET=utf8mb4 COLLATE=utf8mb4_unicode_ci;

--
-- Dumping data for table `points`
--

INSERT INTO `points` (`id`, `points`, `expiry_date`, `activity_id`, `sub_activity_id`, `customer_id`, `created_at`, `updated_at`) VALUES
(4, 1500, '2024-05-16', 1, 1, 8, '2024-02-06 09:44:10', '2024-02-06 09:44:10'),
(5, 40000, '2024-08-31', 2, 2, 9, '2024-02-13 09:20:48', '2024-02-13 09:20:48'),
(6, 3000, '2024-08-01', NULL, NULL, 11, '2024-04-23 10:29:15', '2024-04-23 10:29:15'),
(7, 3000, '2024-08-01', NULL, NULL, 11, '2024-04-23 10:29:15', '2024-04-23 10:29:15'),
(8, 3000, '2024-08-01', NULL, NULL, 11, '2024-04-23 10:30:22', '2024-04-23 10:30:22'),
(9, 3000, '2024-08-01', NULL, NULL, 11, '2024-04-23 10:30:22', '2024-04-23 10:30:22');

-- --------------------------------------------------------

--
-- Table structure for table `point_histories`
--

CREATE TABLE `point_histories` (
  `id` bigint(20) UNSIGNED NOT NULL,
  `points` int(11) NOT NULL,
  `expiry_date` date DEFAULT NULL,
  `customer_id` bigint(20) UNSIGNED DEFAULT NULL,
  `activity_id` bigint(20) UNSIGNED DEFAULT NULL,
  `sub_activity_id` bigint(20) UNSIGNED DEFAULT NULL,
  `created_at` timestamp NULL DEFAULT NULL,
  `updated_at` timestamp NULL DEFAULT NULL
) ENGINE=InnoDB DEFAULT CHARSET=utf8mb4 COLLATE=utf8mb4_unicode_ci;

-- --------------------------------------------------------

--
-- Table structure for table `point_settings`
--

CREATE TABLE `point_settings` (
  `id` bigint(20) UNSIGNED NOT NULL,
  `conversion_rate` decimal(8,2) DEFAULT NULL,
  `sales_conversion_rate` decimal(8,2) DEFAULT NULL,
  `points` int(11) DEFAULT NULL,
  `expiry_days` int(11) DEFAULT NULL,
  `activity_id` bigint(20) UNSIGNED DEFAULT NULL,
  `sub_activity_id` bigint(20) UNSIGNED DEFAULT NULL,
  `created_at` timestamp NULL DEFAULT NULL,
  `updated_at` timestamp NULL DEFAULT NULL,
  `deleted_at` timestamp NULL DEFAULT NULL
) ENGINE=InnoDB DEFAULT CHARSET=utf8mb4 COLLATE=utf8mb4_unicode_ci;

--
-- Dumping data for table `point_settings`
--

INSERT INTO `point_settings` (`id`, `conversion_rate`, `sales_conversion_rate`, `points`, `expiry_days`, `activity_id`, `sub_activity_id`, `created_at`, `updated_at`, `deleted_at`) VALUES
(1, '1.00', '1.00', 1, 100, 1, 1, '2024-01-30 11:11:44', '2024-01-30 11:11:44', NULL),
(2, '2.00', '2.00', 2, 200, 2, 2, '2024-01-30 11:11:44', '2024-01-30 11:11:44', NULL);

-- --------------------------------------------------------

--
-- Table structure for table `recorder_reminders`
--

CREATE TABLE `recorder_reminders` (
  `id` bigint(20) UNSIGNED NOT NULL,
  `reminder_type` varchar(255) COLLATE utf8mb4_unicode_ci DEFAULT NULL,
  `reminder_date` datetime DEFAULT NULL,
  `expected_amount` int(11) DEFAULT NULL,
  `is_completed` tinyint(1) DEFAULT 0,
  `activity_id` bigint(20) UNSIGNED DEFAULT NULL,
  `interest_id` bigint(20) UNSIGNED DEFAULT NULL,
  `customer_id` bigint(20) UNSIGNED DEFAULT NULL,
  `invoice_id` bigint(20) UNSIGNED DEFAULT NULL,
  `created_at` timestamp NULL DEFAULT NULL,
  `updated_at` timestamp NULL DEFAULT NULL,
  `deleted_at` timestamp NULL DEFAULT NULL
) ENGINE=InnoDB DEFAULT CHARSET=utf8mb4 COLLATE=utf8mb4_unicode_ci;

--
-- Dumping data for table `recorder_reminders`
--

INSERT INTO `recorder_reminders` (`id`, `reminder_type`, `reminder_date`, `expected_amount`, `is_completed`, `activity_id`, `interest_id`, `customer_id`, `invoice_id`, `created_at`, `updated_at`, `deleted_at`) VALUES
(2, NULL, '2024-02-13 00:00:00', 30000, 0, 1, 1, 9, NULL, '2024-02-13 09:27:44', '2024-02-13 09:27:44', NULL);

-- --------------------------------------------------------

--
-- Table structure for table `reorder_reminders`
--

CREATE TABLE `reorder_reminders` (
  `id` bigint(20) UNSIGNED NOT NULL,
  `reminder_type` varchar(255) COLLATE utf8mb4_unicode_ci DEFAULT NULL,
  `reminder_date` datetime NOT NULL,
  `is_completed` tinyint(1) NOT NULL DEFAULT 0,
  `expected_amount` bigint(20) UNSIGNED DEFAULT NULL,
  `invoice_id` bigint(20) UNSIGNED DEFAULT NULL,
  `customer_id` bigint(20) UNSIGNED DEFAULT NULL,
  `interest_id` bigint(20) UNSIGNED DEFAULT NULL,
  `activity_id` bigint(20) UNSIGNED DEFAULT NULL,
  `created_at` timestamp NULL DEFAULT NULL,
  `updated_at` timestamp NULL DEFAULT NULL
) ENGINE=InnoDB DEFAULT CHARSET=utf8mb4 COLLATE=utf8mb4_unicode_ci;

--
-- Dumping data for table `reorder_reminders`
--

INSERT INTO `reorder_reminders` (`id`, `reminder_type`, `reminder_date`, `is_completed`, `expected_amount`, `invoice_id`, `customer_id`, `interest_id`, `activity_id`, `created_at`, `updated_at`) VALUES
(1, NULL, '2024-04-13 00:00:00', 0, 1000, NULL, 10, 1, 1, '2024-04-13 18:49:05', '2024-04-21 12:43:02'),
(2, NULL, '2024-04-15 00:00:00', 1, 1000, NULL, 10, 2, 2, '2024-04-15 12:36:57', '2024-04-21 12:22:27'),
(3, NULL, '2024-04-15 00:00:00', 1, 100, NULL, 10, 1, 1, '2024-04-15 12:37:52', '2024-04-21 12:15:22'),
(4, NULL, '2024-04-17 00:00:00', 1, 100, NULL, 10, 1, 1, '2024-04-17 15:06:23', '2024-04-21 12:15:24'),
(5, NULL, '2024-05-11 00:00:00', 0, 1000, NULL, 10, 1, 1, '2024-04-21 11:50:47', '2024-04-21 11:50:47');

-- --------------------------------------------------------

--
-- Table structure for table `roles`
--

CREATE TABLE `roles` (
  `id` bigint(20) UNSIGNED NOT NULL,
  `name` varchar(255) COLLATE utf8mb4_unicode_ci NOT NULL,
  `guard_name` varchar(255) COLLATE utf8mb4_unicode_ci NOT NULL,
  `created_at` timestamp NULL DEFAULT NULL,
  `updated_at` timestamp NULL DEFAULT NULL
) ENGINE=InnoDB DEFAULT CHARSET=utf8mb4 COLLATE=utf8mb4_unicode_ci;

--
-- Dumping data for table `roles`
--

INSERT INTO `roles` (`id`, `name`, `guard_name`, `created_at`, `updated_at`) VALUES
(1, 'Admin', 'web', '2024-01-30 10:45:42', '2024-01-30 10:45:42'),
(2, 'موظف', 'web', '2024-02-19 10:45:26', '2024-02-19 10:45:26');

-- --------------------------------------------------------

--
-- Table structure for table `role_has_permissions`
--

CREATE TABLE `role_has_permissions` (
  `permission_id` bigint(20) UNSIGNED NOT NULL,
  `role_id` bigint(20) UNSIGNED NOT NULL
) ENGINE=InnoDB DEFAULT CHARSET=utf8mb4 COLLATE=utf8mb4_unicode_ci;

--
-- Dumping data for table `role_has_permissions`
--

INSERT INTO `role_has_permissions` (`permission_id`, `role_id`) VALUES
(1, 1),
(2, 1),
(3, 1),
(4, 1),
(5, 1),
(6, 1),
(7, 1),
(8, 1),
(9, 1),
(10, 1),
(11, 1),
(12, 1),
(13, 1),
(14, 1),
(15, 1),
(16, 1),
(17, 1),
(18, 1),
(19, 1),
(20, 1),
(21, 1),
(22, 1),
(23, 1),
(24, 1),
(25, 1),
(25, 2),
(26, 1),
(26, 2),
(27, 1),
(27, 2),
(28, 1),
(28, 2),
(29, 1),
(30, 1),
(30, 2),
(31, 1),
(31, 2),
(32, 1),
(32, 2),
(33, 1),
(34, 1),
(35, 1),
(36, 1),
(37, 1),
(38, 1),
(39, 1),
(40, 1),
(41, 1),
(42, 1),
(43, 1),
(44, 1),
(45, 1),
(46, 1),
(47, 1),
(48, 1),
(49, 1),
(50, 1),
(63, 2),
(64, 2),
(65, 2),
(66, 2),
(68, 2),
(69, 2),
(70, 2),
(71, 2),
(72, 2),
(73, 2),
(74, 2),
(75, 2),
(76, 2),
(78, 2),
(79, 2),
(81, 2),
(82, 2),
(83, 2),
(93, 2),
(94, 2),
(95, 2),
(96, 2),
(97, 2),
(98, 2),
(99, 2),
(100, 2),
(101, 2),
(102, 2);

-- --------------------------------------------------------

--
-- Table structure for table `saved_replies`
--

CREATE TABLE `saved_replies` (
  `id` bigint(20) UNSIGNED NOT NULL,
  `reply` varchar(255) COLLATE utf8mb4_unicode_ci DEFAULT NULL,
  `created_at` timestamp NULL DEFAULT NULL,
  `updated_at` timestamp NULL DEFAULT NULL,
  `deleted_at` timestamp NULL DEFAULT NULL
) ENGINE=InnoDB DEFAULT CHARSET=utf8mb4 COLLATE=utf8mb4_unicode_ci;

--
-- Dumping data for table `saved_replies`
--

INSERT INTO `saved_replies` (`id`, `reply`, `created_at`, `updated_at`, `deleted_at`) VALUES
(1, 'محتاج تأشيرة تجارية', '2024-01-30 11:00:01', '2024-02-02 13:53:45', NULL),
(2, 'محتاج برنامج خمس نجوم على ساحة الحرم - اطلالة', '2024-01-30 11:00:09', '2024-02-02 13:54:25', NULL),
(3, 'طلب حجز شهر عسل خمس نجوم', '2024-02-08 15:02:07', '2024-02-08 15:02:07', NULL);

-- --------------------------------------------------------

--
-- Table structure for table `targets`
--

CREATE TABLE `targets` (
  `id` bigint(20) UNSIGNED NOT NULL,
  `amount_target` decimal(10,2) DEFAULT NULL,
  `calls_target` int(11) DEFAULT NULL,
  `employee_id` bigint(20) UNSIGNED DEFAULT NULL,
  `employee_target_id` bigint(20) UNSIGNED DEFAULT NULL,
  `activity_id` bigint(20) UNSIGNED DEFAULT NULL,
  `interest_id` bigint(20) UNSIGNED DEFAULT NULL,
  `created_at` timestamp NULL DEFAULT NULL,
  `updated_at` timestamp NULL DEFAULT NULL,
  `deleted_at` timestamp NULL DEFAULT NULL
) ENGINE=InnoDB DEFAULT CHARSET=utf8mb4 COLLATE=utf8mb4_unicode_ci;

--
-- Dumping data for table `targets`
--

INSERT INTO `targets` (`id`, `amount_target`, `calls_target`, `employee_id`, `employee_target_id`, `activity_id`, `interest_id`, `created_at`, `updated_at`, `deleted_at`) VALUES
(1, '1000.00', 10, 1, 1, 1, NULL, '2024-01-30 11:03:42', '2024-01-30 11:03:42', NULL),
(2, '2000.00', 20, 2, 2, 2, NULL, '2024-01-30 11:04:09', '2024-01-30 11:04:09', NULL),
(3, '2000.00', 20, 3, 3, 2, NULL, '2024-01-30 11:04:46', '2024-01-30 11:04:46', NULL),
(4, '1000000.00', 50, 1, 4, 2, NULL, '2024-02-01 17:09:55', '2024-02-01 17:09:55', NULL),
(5, '1000000.00', 100, 2, 5, 1, NULL, '2024-02-09 16:39:18', '2024-02-09 16:39:18', NULL),
(6, '100000.00', 50, 2, 5, 3, NULL, '2024-02-09 16:39:18', '2024-02-09 16:39:18', NULL),
(7, '1000000.00', 100, 2, 6, 1, NULL, '2024-02-13 09:06:22', '2024-02-13 09:06:22', NULL),
(8, '500000.00', 50, 2, 6, 4, NULL, '2024-02-13 09:06:22', '2024-02-13 09:06:22', NULL),
(9, '100000.00', 100, 2, 7, 8, NULL, '2024-02-26 15:46:26', '2024-02-26 15:46:26', NULL),
(10, '100000.00', 100, 2, 7, 1, NULL, '2024-02-26 15:46:26', '2024-02-26 15:46:26', NULL);

-- --------------------------------------------------------

--
-- Table structure for table `tickets`
--

CREATE TABLE `tickets` (
  `id` bigint(20) UNSIGNED NOT NULL,
  `ticket_type` enum('Technical Issue','Inquiry','Request') COLLATE utf8mb4_unicode_ci NOT NULL,
  `description` text COLLATE utf8mb4_unicode_ci NOT NULL,
  `status` enum('Pending','Open','In-Progress','Resolved') COLLATE utf8mb4_unicode_ci NOT NULL,
  `priority` enum('Low','Medium','High') COLLATE utf8mb4_unicode_ci NOT NULL,
  `customer_id` bigint(20) UNSIGNED DEFAULT NULL,
  `activity_id` bigint(20) UNSIGNED DEFAULT NULL,
  `interest_id` bigint(20) UNSIGNED DEFAULT NULL,
  `assigned_agent_id` bigint(20) UNSIGNED DEFAULT NULL,
  `created_at` timestamp NULL DEFAULT NULL,
  `updated_at` timestamp NULL DEFAULT NULL
) ENGINE=InnoDB DEFAULT CHARSET=utf8mb4 COLLATE=utf8mb4_unicode_ci;

--
-- Dumping data for table `tickets`
--

INSERT INTO `tickets` (`id`, `ticket_type`, `description`, `status`, `priority`, `customer_id`, `activity_id`, `interest_id`, `assigned_agent_id`, `created_at`, `updated_at`) VALUES
(1, 'Inquiry', 'السعر كام', 'Pending', 'Low', 9, 1, 1, 2, '2024-02-19 10:23:16', '2024-04-09 02:22:31'),
(2, 'Technical Issue', 'اغغاىاغااغىاىغ', 'Pending', 'Low', 9, 1, 3, NULL, '2024-02-19 10:32:05', '2024-02-19 10:32:05'),
(3, 'Request', 'محتاج وجبات وانتقالات', 'Open', 'Low', 9, 1, 1, 1, '2024-02-19 12:39:34', '2024-02-19 12:41:53'),
(4, 'Request', 'description', 'Pending', 'Low', 9, 1, 1, NULL, '2024-03-17 02:55:50', '2024-03-17 02:55:50'),
(5, 'Inquiry', 'hello_bro', 'Pending', 'Low', 9, 1, 3, NULL, '2024-03-17 03:41:07', '2024-03-17 03:41:07'),
(6, 'Inquiry', 'hello_bro', 'Pending', 'Low', 9, 1, 3, NULL, '2024-03-17 03:59:11', '2024-03-17 03:59:11'),
(7, 'Inquiry', 'cadasdasddsa', 'Pending', 'Low', 9, 1, 1, NULL, '2024-03-17 04:50:42', '2024-03-17 04:50:42'),
(8, 'Inquiry', 'ggttt', 'Resolved', 'Low', 9, 1, 3, NULL, '2024-03-17 09:14:12', '2024-04-13 21:42:41'),
(9, 'Request', 'price', 'Open', 'Low', 9, 1, 1, NULL, '2024-03-19 01:49:44', '2024-04-15 11:34:34');

-- --------------------------------------------------------

--
-- Table structure for table `uploads`
--

CREATE TABLE `uploads` (
  `id` bigint(20) UNSIGNED NOT NULL,
  `name` varchar(255) COLLATE utf8mb4_unicode_ci DEFAULT NULL,
  `path` varchar(255) COLLATE utf8mb4_unicode_ci DEFAULT NULL,
  `extension` varchar(255) COLLATE utf8mb4_unicode_ci DEFAULT NULL,
  `caption` varchar(255) COLLATE utf8mb4_unicode_ci DEFAULT NULL,
  `hash` varchar(255) COLLATE utf8mb4_unicode_ci DEFAULT NULL,
  `public` tinyint(1) DEFAULT 0,
  `user_id` bigint(20) UNSIGNED DEFAULT NULL,
  `created_at` timestamp NULL DEFAULT NULL,
  `updated_at` timestamp NULL DEFAULT NULL,
  `deleted_at` timestamp NULL DEFAULT NULL
) ENGINE=InnoDB DEFAULT CHARSET=utf8mb4 COLLATE=utf8mb4_unicode_ci;

-- --------------------------------------------------------

--
-- Table structure for table `users`
--

CREATE TABLE `users` (
  `id` bigint(20) UNSIGNED NOT NULL,
  `name` varchar(255) COLLATE utf8mb4_unicode_ci NOT NULL,
  `email` varchar(255) COLLATE utf8mb4_unicode_ci NOT NULL,
  `email_verified_at` timestamp NULL DEFAULT NULL,
  `mobile` varchar(255) COLLATE utf8mb4_unicode_ci NOT NULL,
  `password` varchar(255) COLLATE utf8mb4_unicode_ci NOT NULL,
  `photo` varchar(255) COLLATE utf8mb4_unicode_ci DEFAULT NULL,
  `roles_name` text COLLATE utf8mb4_unicode_ci DEFAULT NULL,
  `status` tinyint(1) DEFAULT 1,
  `active` tinyint(1) DEFAULT 1,
  `type` varchar(255) COLLATE utf8mb4_unicode_ci DEFAULT 'Employee',
  `context_id` bigint(20) UNSIGNED DEFAULT NULL,
  `remember_token` varchar(100) COLLATE utf8mb4_unicode_ci DEFAULT NULL,
  `firebase_token` varchar(255) COLLATE utf8mb4_unicode_ci DEFAULT NULL,
  `created_at` timestamp NULL DEFAULT NULL,
  `updated_at` timestamp NULL DEFAULT NULL,
  `deleted_at` timestamp NULL DEFAULT NULL
) ENGINE=InnoDB DEFAULT CHARSET=utf8mb4 COLLATE=utf8mb4_unicode_ci;

--
-- Dumping data for table `users`
--

INSERT INTO `users` (`id`, `name`, `email`, `email_verified_at`, `mobile`, `password`, `photo`, `roles_name`, `status`, `active`, `type`, `context_id`, `remember_token`, `firebase_token`, `created_at`, `updated_at`, `deleted_at`) VALUES
(1, 'Ahmed Nabil', 'ahmednassag@gmail.com', NULL, '01016856433', '$2y$10$zE1wvKTZwYO8DeaGFYOjO.6bEJ8ZjCvtMwc8wxCAvUuUnWLGmFb0q', NULL, '[\"Admin\"]', 1, 1, 'Employee', 1, NULL, '12345678', '2024-01-30 10:45:42', '2024-04-17 13:17:25', NULL),
(2, 'رنا محمد', 'rana@mv-is.com', NULL, '01148602531', '$2y$10$CxyhOAkXsDJhrWVaH9UAgeqXphh3wPgo0152hYi8cEwuh1dkbHYEm', NULL, '[\"Admin\"]', 1, 1, 'Employee', 2, NULL, NULL, '2024-01-30 11:02:05', '2024-02-03 09:38:08', NULL),
(3, 'وليد الكيلاني', 'ceo@mv-is.com', NULL, '01119066040', '$2y$10$1SBklFT2Z8PgLlgBZBHk/Odf5h9SDJGytl7zO4LOz8sEk0uXBqi0m', NULL, '[\"Admin\"]', 1, 1, 'Employee', 3, NULL, NULL, '2024-01-30 11:03:17', '2024-02-03 09:39:56', NULL),
(11, 'ahmed', 'ahmed@email.com', NULL, '0123456789', '$2y$10$ljTDeUer8g.99ZKr1Ehat.L36avBvhBevlLQpraySyeah5AgDnlAq', NULL, '[\"\\u0645\\u0648\\u0638\\u0641\"]', 1, 1, 'Employee', 5, NULL, NULL, '2024-05-12 06:34:02', '2024-05-12 06:34:02', NULL);

--
-- Indexes for dumped tables
--

--
-- Indexes for table `activates`
--
ALTER TABLE `activates`
  ADD PRIMARY KEY (`id`);

--
-- Indexes for table `areas`
--
ALTER TABLE `areas`
  ADD PRIMARY KEY (`id`),
  ADD KEY `areas_city_id_foreign` (`city_id`);

--
-- Indexes for table `attachments`
--
ALTER TABLE `attachments`
  ADD PRIMARY KEY (`id`),
  ADD KEY `attachments_customer_id_foreign` (`customer_id`),
  ADD KEY `attachments_ticket_id_foreign` (`ticket_id`);

--
-- Indexes for table `branches`
--
ALTER TABLE `branches`
  ADD PRIMARY KEY (`id`);

--
-- Indexes for table `campaigns`
--
ALTER TABLE `campaigns`
  ADD PRIMARY KEY (`id`),
  ADD KEY `campaigns_activity_id_foreign` (`activity_id`),
  ADD KEY `campaigns_interest_id_foreign` (`interest_id`),
  ADD KEY `campaigns_contact_source_id_foreign` (`contact_source_id`);

--
-- Indexes for table `categories`
--
ALTER TABLE `categories`
  ADD PRIMARY KEY (`id`),
  ADD KEY `categories_parent_id_foreign` (`parent_id`);

--
-- Indexes for table `cities`
--
ALTER TABLE `cities`
  ADD PRIMARY KEY (`id`),
  ADD KEY `cities_country_id_foreign` (`country_id`);

--
-- Indexes for table `communication_logs`
--
ALTER TABLE `communication_logs`
  ADD PRIMARY KEY (`id`),
  ADD KEY `communication_logs_ticket_id_foreign` (`ticket_id`);

--
-- Indexes for table `contacts`
--
ALTER TABLE `contacts`
  ADD PRIMARY KEY (`id`),
  ADD KEY `contacts_city_id_foreign` (`city_id`),
  ADD KEY `contacts_area_id_foreign` (`area_id`),
  ADD KEY `contacts_contact_source_id_foreign` (`contact_source_id`),
  ADD KEY `contacts_contact_category_id_foreign` (`contact_category_id`),
  ADD KEY `contacts_job_title_id_foreign` (`job_title_id`),
  ADD KEY `contacts_industry_id_foreign` (`industry_id`),
  ADD KEY `contacts_major_id_foreign` (`major_id`),
  ADD KEY `contacts_employee_id_foreign` (`employee_id`),
  ADD KEY `contacts_activity_id_foreign` (`activity_id`),
  ADD KEY `contacts_interest_id_foreign` (`interest_id`),
  ADD KEY `contacts_customer_id_foreign` (`customer_id`),
  ADD KEY `contacts_campaign_id_foreign` (`campaign_id`),
  ADD KEY `contacts_created_by_foreign` (`created_by`),
  ADD KEY `contacts_branch_id_foreign` (`branch_id`);

--
-- Indexes for table `contact_categories`
--
ALTER TABLE `contact_categories`
  ADD PRIMARY KEY (`id`);

--
-- Indexes for table `contact_completions`
--
ALTER TABLE `contact_completions`
  ADD PRIMARY KEY (`id`),
  ADD KEY `contact_completions_contact_id_foreign` (`contact_id`),
  ADD KEY `contact_completions_completed_by_foreign` (`completed_by`);

--
-- Indexes for table `contact_sources`
--
ALTER TABLE `contact_sources`
  ADD PRIMARY KEY (`id`);

--
-- Indexes for table `countries`
--
ALTER TABLE `countries`
  ADD PRIMARY KEY (`id`);

--
-- Indexes for table `customers`
--
ALTER TABLE `customers`
  ADD PRIMARY KEY (`id`),
  ADD KEY `customers_city_id_foreign` (`city_id`),
  ADD KEY `customers_area_id_foreign` (`area_id`),
  ADD KEY `customers_contact_source_id_foreign` (`contact_source_id`),
  ADD KEY `customers_contact_category_id_foreign` (`contact_category_id`),
  ADD KEY `customers_job_title_id_foreign` (`job_title_id`),
  ADD KEY `customers_industry_id_foreign` (`industry_id`),
  ADD KEY `customers_major_id_foreign` (`major_id`),
  ADD KEY `customers_parent_id_foreign` (`parent_id`),
  ADD KEY `customers_activity_id_foreign` (`activity_id`),
  ADD KEY `customers_branch_id_foreign` (`branch_id`),
  ADD KEY `customers_created_by_foreign` (`created_by`);

--
-- Indexes for table `customer_categories`
--
ALTER TABLE `customer_categories`
  ADD PRIMARY KEY (`id`),
  ADD KEY `customer_categories_customer_category_id_foreign` (`customer_category_id`),
  ADD KEY `customer_categories_customer_id_foreign` (`customer_id`);

--
-- Indexes for table `departments`
--
ALTER TABLE `departments`
  ADD PRIMARY KEY (`id`);

--
-- Indexes for table `employees`
--
ALTER TABLE `employees`
  ADD PRIMARY KEY (`id`),
  ADD KEY `employees_dept_foreign` (`dept`),
  ADD KEY `employees_branch_id_foreign` (`branch_id`);

--
-- Indexes for table `employee_targets`
--
ALTER TABLE `employee_targets`
  ADD PRIMARY KEY (`id`),
  ADD KEY `employee_targets_employee_id_foreign` (`employee_id`);

--
-- Indexes for table `failed_jobs`
--
ALTER TABLE `failed_jobs`
  ADD PRIMARY KEY (`id`),
  ADD UNIQUE KEY `failed_jobs_uuid_unique` (`uuid`);

--
-- Indexes for table `industries`
--
ALTER TABLE `industries`
  ADD PRIMARY KEY (`id`);

--
-- Indexes for table `interests`
--
ALTER TABLE `interests`
  ADD PRIMARY KEY (`id`),
  ADD KEY `interests_activity_id_foreign` (`activity_id`);

--
-- Indexes for table `interest_meeting`
--
ALTER TABLE `interest_meeting`
  ADD PRIMARY KEY (`id`),
  ADD KEY `interest_meeting_interest_id_foreign` (`interest_id`),
  ADD KEY `interest_meeting_meeting_id_foreign` (`meeting_id`);

--
-- Indexes for table `invoices`
--
ALTER TABLE `invoices`
  ADD PRIMARY KEY (`id`),
  ADD KEY `invoices_customer_id_foreign` (`customer_id`),
  ADD KEY `invoices_activity_id_foreign` (`activity_id`),
  ADD KEY `invoices_interest_id_foreign` (`interest_id`),
  ADD KEY `invoices_created_by_foreign` (`created_by`);

--
-- Indexes for table `job_titles`
--
ALTER TABLE `job_titles`
  ADD PRIMARY KEY (`id`);

--
-- Indexes for table `la_configs`
--
ALTER TABLE `la_configs`
  ADD PRIMARY KEY (`id`);

--
-- Indexes for table `lead_categories`
--
ALTER TABLE `lead_categories`
  ADD PRIMARY KEY (`id`),
  ADD KEY `lead_categories_contact_id_foreign` (`contact_id`),
  ADD KEY `lead_categories_contact_category_id_foreign` (`contact_category_id`);

--
-- Indexes for table `lead_cteagories`
--
ALTER TABLE `lead_cteagories`
  ADD PRIMARY KEY (`id`),
  ADD KEY `lead_cteagories_contact_id_foreign` (`contact_id`),
  ADD KEY `lead_cteagories_contact_category_id_foreign` (`contact_category_id`);

--
-- Indexes for table `lead_histories`
--
ALTER TABLE `lead_histories`
  ADD PRIMARY KEY (`id`),
  ADD KEY `lead_histories_contact_id_foreign` (`contact_id`),
  ADD KEY `lead_histories_created_by_foreign` (`created_by`);

--
-- Indexes for table `majors`
--
ALTER TABLE `majors`
  ADD PRIMARY KEY (`id`),
  ADD KEY `majors_industry_id_foreign` (`industry_id`);

--
-- Indexes for table `media`
--
ALTER TABLE `media`
  ADD PRIMARY KEY (`id`);

--
-- Indexes for table `meetings`
--
ALTER TABLE `meetings`
  ADD PRIMARY KEY (`id`),
  ADD KEY `meetings_contact_id_foreign` (`contact_id`),
  ADD KEY `meetings_reply_id_foreign` (`reply_id`),
  ADD KEY `meetings_created_by_foreign` (`created_by`);

--
-- Indexes for table `meeting_notes`
--
ALTER TABLE `meeting_notes`
  ADD PRIMARY KEY (`id`),
  ADD KEY `meeting_notes_meeting_id_foreign` (`meeting_id`),
  ADD KEY `meeting_notes_created_by_foreign` (`created_by`);

--
-- Indexes for table `migrations`
--
ALTER TABLE `migrations`
  ADD PRIMARY KEY (`id`);

--
-- Indexes for table `model_has_permissions`
--
ALTER TABLE `model_has_permissions`
  ADD PRIMARY KEY (`permission_id`,`model_id`,`model_type`),
  ADD KEY `model_has_permissions_model_id_model_type_index` (`model_id`,`model_type`);

--
-- Indexes for table `model_has_roles`
--
ALTER TABLE `model_has_roles`
  ADD PRIMARY KEY (`role_id`,`model_id`,`model_type`),
  ADD KEY `model_has_roles_model_id_model_type_index` (`model_id`,`model_type`);

--
-- Indexes for table `notification`
--
ALTER TABLE `notification`
  ADD PRIMARY KEY (`id`),
  ADD KEY `notification_dept_foreign` (`dept`),
  ADD KEY `notification_employee_id_foreign` (`employee_id`),
  ADD KEY `notification_created_by_foreign` (`created_by`);

--
-- Indexes for table `notifications`
--
ALTER TABLE `notifications`
  ADD PRIMARY KEY (`id`),
  ADD KEY `notifications_notifiable_type_notifiable_id_index` (`notifiable_type`,`notifiable_id`);

--
-- Indexes for table `organizations`
--
ALTER TABLE `organizations`
  ADD PRIMARY KEY (`id`),
  ADD KEY `organizations_assigned_to_foreign` (`assigned_to`);

--
-- Indexes for table `password_resets`
--
ALTER TABLE `password_resets`
  ADD KEY `password_resets_email_index` (`email`);

--
-- Indexes for table `permissions`
--
ALTER TABLE `permissions`
  ADD PRIMARY KEY (`id`),
  ADD UNIQUE KEY `permissions_name_guard_name_unique` (`name`,`guard_name`);

--
-- Indexes for table `personal_access_tokens`
--
ALTER TABLE `personal_access_tokens`
  ADD PRIMARY KEY (`id`),
  ADD UNIQUE KEY `personal_access_tokens_token_unique` (`token`),
  ADD KEY `personal_access_tokens_tokenable_type_tokenable_id_index` (`tokenable_type`,`tokenable_id`);

--
-- Indexes for table `points`
--
ALTER TABLE `points`
  ADD PRIMARY KEY (`id`),
  ADD KEY `points_activity_id_foreign` (`activity_id`),
  ADD KEY `points_sub_activity_id_foreign` (`sub_activity_id`),
  ADD KEY `points_customer_id_foreign` (`customer_id`);

--
-- Indexes for table `point_histories`
--
ALTER TABLE `point_histories`
  ADD PRIMARY KEY (`id`),
  ADD KEY `point_histories_customer_id_foreign` (`customer_id`),
  ADD KEY `point_histories_activity_id_foreign` (`activity_id`),
  ADD KEY `point_histories_sub_activity_id_foreign` (`sub_activity_id`);

--
-- Indexes for table `point_settings`
--
ALTER TABLE `point_settings`
  ADD PRIMARY KEY (`id`),
  ADD KEY `point_settings_activity_id_foreign` (`activity_id`),
  ADD KEY `point_settings_sub_activity_id_foreign` (`sub_activity_id`);

--
-- Indexes for table `recorder_reminders`
--
ALTER TABLE `recorder_reminders`
  ADD PRIMARY KEY (`id`),
  ADD KEY `recorder_reminders_activity_id_foreign` (`activity_id`),
  ADD KEY `recorder_reminders_interest_id_foreign` (`interest_id`),
  ADD KEY `recorder_reminders_customer_id_foreign` (`customer_id`),
  ADD KEY `recorder_reminders_invoice_id_foreign` (`invoice_id`);

--
-- Indexes for table `reorder_reminders`
--
ALTER TABLE `reorder_reminders`
  ADD PRIMARY KEY (`id`),
  ADD KEY `reorder_reminders_invoice_id_foreign` (`invoice_id`),
  ADD KEY `reorder_reminders_customer_id_foreign` (`customer_id`),
  ADD KEY `reorder_reminders_interest_id_foreign` (`interest_id`),
  ADD KEY `reorder_reminders_activity_id_foreign` (`activity_id`);

--
-- Indexes for table `roles`
--
ALTER TABLE `roles`
  ADD PRIMARY KEY (`id`),
  ADD UNIQUE KEY `roles_name_guard_name_unique` (`name`,`guard_name`);

--
-- Indexes for table `role_has_permissions`
--
ALTER TABLE `role_has_permissions`
  ADD PRIMARY KEY (`permission_id`,`role_id`),
  ADD KEY `role_has_permissions_role_id_foreign` (`role_id`);

--
-- Indexes for table `saved_replies`
--
ALTER TABLE `saved_replies`
  ADD PRIMARY KEY (`id`);

--
-- Indexes for table `targets`
--
ALTER TABLE `targets`
  ADD PRIMARY KEY (`id`),
  ADD KEY `targets_employee_id_foreign` (`employee_id`),
  ADD KEY `targets_employee_target_id_foreign` (`employee_target_id`),
  ADD KEY `targets_activity_id_foreign` (`activity_id`),
  ADD KEY `targets_interest_id_foreign` (`interest_id`);

--
-- Indexes for table `tickets`
--
ALTER TABLE `tickets`
  ADD PRIMARY KEY (`id`),
  ADD KEY `tickets_customer_id_foreign` (`customer_id`),
  ADD KEY `tickets_activity_id_foreign` (`activity_id`),
  ADD KEY `tickets_interest_id_foreign` (`interest_id`),
  ADD KEY `tickets_assigned_agent_id_foreign` (`assigned_agent_id`);

--
-- Indexes for table `uploads`
--
ALTER TABLE `uploads`
  ADD PRIMARY KEY (`id`),
  ADD KEY `uploads_user_id_foreign` (`user_id`);

--
-- Indexes for table `users`
--
ALTER TABLE `users`
  ADD PRIMARY KEY (`id`),
  ADD UNIQUE KEY `users_email_unique` (`email`),
  ADD UNIQUE KEY `users_mobile_unique` (`mobile`),
  ADD KEY `users_context_id_foreign` (`context_id`);

--
-- AUTO_INCREMENT for dumped tables
--

--
-- AUTO_INCREMENT for table `activates`
--
ALTER TABLE `activates`
  MODIFY `id` bigint(20) UNSIGNED NOT NULL AUTO_INCREMENT, AUTO_INCREMENT=9;

--
-- AUTO_INCREMENT for table `areas`
--
ALTER TABLE `areas`
  MODIFY `id` bigint(20) UNSIGNED NOT NULL AUTO_INCREMENT, AUTO_INCREMENT=411;

--
-- AUTO_INCREMENT for table `attachments`
--
ALTER TABLE `attachments`
  MODIFY `id` bigint(20) UNSIGNED NOT NULL AUTO_INCREMENT;

--
-- AUTO_INCREMENT for table `branches`
--
ALTER TABLE `branches`
  MODIFY `id` bigint(20) UNSIGNED NOT NULL AUTO_INCREMENT, AUTO_INCREMENT=4;

--
-- AUTO_INCREMENT for table `campaigns`
--
ALTER TABLE `campaigns`
  MODIFY `id` bigint(20) UNSIGNED NOT NULL AUTO_INCREMENT, AUTO_INCREMENT=3;

--
-- AUTO_INCREMENT for table `categories`
--
ALTER TABLE `categories`
  MODIFY `id` bigint(20) UNSIGNED NOT NULL AUTO_INCREMENT;

--
-- AUTO_INCREMENT for table `cities`
--
ALTER TABLE `cities`
  MODIFY `id` bigint(20) UNSIGNED NOT NULL AUTO_INCREMENT, AUTO_INCREMENT=29;

--
-- AUTO_INCREMENT for table `communication_logs`
--
ALTER TABLE `communication_logs`
  MODIFY `id` bigint(20) UNSIGNED NOT NULL AUTO_INCREMENT, AUTO_INCREMENT=5;

--
-- AUTO_INCREMENT for table `contacts`
--
ALTER TABLE `contacts`
  MODIFY `id` bigint(20) UNSIGNED NOT NULL AUTO_INCREMENT, AUTO_INCREMENT=15;

--
-- AUTO_INCREMENT for table `contact_categories`
--
ALTER TABLE `contact_categories`
  MODIFY `id` bigint(20) UNSIGNED NOT NULL AUTO_INCREMENT, AUTO_INCREMENT=3;

--
-- AUTO_INCREMENT for table `contact_completions`
--
ALTER TABLE `contact_completions`
  MODIFY `id` bigint(20) UNSIGNED NOT NULL AUTO_INCREMENT, AUTO_INCREMENT=279;

--
-- AUTO_INCREMENT for table `contact_sources`
--
ALTER TABLE `contact_sources`
  MODIFY `id` bigint(20) UNSIGNED NOT NULL AUTO_INCREMENT, AUTO_INCREMENT=4;

--
-- AUTO_INCREMENT for table `countries`
--
ALTER TABLE `countries`
  MODIFY `id` bigint(20) UNSIGNED NOT NULL AUTO_INCREMENT, AUTO_INCREMENT=242;

--
-- AUTO_INCREMENT for table `customers`
--
ALTER TABLE `customers`
  MODIFY `id` bigint(20) UNSIGNED NOT NULL AUTO_INCREMENT, AUTO_INCREMENT=12;

--
-- AUTO_INCREMENT for table `customer_categories`
--
ALTER TABLE `customer_categories`
  MODIFY `id` bigint(20) UNSIGNED NOT NULL AUTO_INCREMENT;

--
-- AUTO_INCREMENT for table `departments`
--
ALTER TABLE `departments`
  MODIFY `id` bigint(20) UNSIGNED NOT NULL AUTO_INCREMENT, AUTO_INCREMENT=4;

--
-- AUTO_INCREMENT for table `employees`
--
ALTER TABLE `employees`
  MODIFY `id` bigint(20) UNSIGNED NOT NULL AUTO_INCREMENT, AUTO_INCREMENT=6;

--
-- AUTO_INCREMENT for table `employee_targets`
--
ALTER TABLE `employee_targets`
  MODIFY `id` bigint(20) UNSIGNED NOT NULL AUTO_INCREMENT, AUTO_INCREMENT=8;

--
-- AUTO_INCREMENT for table `failed_jobs`
--
ALTER TABLE `failed_jobs`
  MODIFY `id` bigint(20) UNSIGNED NOT NULL AUTO_INCREMENT;

--
-- AUTO_INCREMENT for table `industries`
--
ALTER TABLE `industries`
  MODIFY `id` bigint(20) UNSIGNED NOT NULL AUTO_INCREMENT, AUTO_INCREMENT=5;

--
-- AUTO_INCREMENT for table `interests`
--
ALTER TABLE `interests`
  MODIFY `id` bigint(20) UNSIGNED NOT NULL AUTO_INCREMENT, AUTO_INCREMENT=6;

--
-- AUTO_INCREMENT for table `interest_meeting`
--
ALTER TABLE `interest_meeting`
  MODIFY `id` bigint(20) UNSIGNED NOT NULL AUTO_INCREMENT, AUTO_INCREMENT=41;

--
-- AUTO_INCREMENT for table `invoices`
--
ALTER TABLE `invoices`
  MODIFY `id` bigint(20) UNSIGNED NOT NULL AUTO_INCREMENT, AUTO_INCREMENT=12;

--
-- AUTO_INCREMENT for table `job_titles`
--
ALTER TABLE `job_titles`
  MODIFY `id` bigint(20) UNSIGNED NOT NULL AUTO_INCREMENT, AUTO_INCREMENT=9;

--
-- AUTO_INCREMENT for table `la_configs`
--
ALTER TABLE `la_configs`
  MODIFY `id` bigint(20) UNSIGNED NOT NULL AUTO_INCREMENT, AUTO_INCREMENT=4;

--
-- AUTO_INCREMENT for table `lead_categories`
--
ALTER TABLE `lead_categories`
  MODIFY `id` bigint(20) UNSIGNED NOT NULL AUTO_INCREMENT;

--
-- AUTO_INCREMENT for table `lead_cteagories`
--
ALTER TABLE `lead_cteagories`
  MODIFY `id` bigint(20) UNSIGNED NOT NULL AUTO_INCREMENT;

--
-- AUTO_INCREMENT for table `lead_histories`
--
ALTER TABLE `lead_histories`
  MODIFY `id` bigint(20) UNSIGNED NOT NULL AUTO_INCREMENT, AUTO_INCREMENT=19;

--
-- AUTO_INCREMENT for table `majors`
--
ALTER TABLE `majors`
  MODIFY `id` bigint(20) UNSIGNED NOT NULL AUTO_INCREMENT, AUTO_INCREMENT=3;

--
-- AUTO_INCREMENT for table `media`
--
ALTER TABLE `media`
  MODIFY `id` bigint(20) UNSIGNED NOT NULL AUTO_INCREMENT, AUTO_INCREMENT=5;

--
-- AUTO_INCREMENT for table `meetings`
--
ALTER TABLE `meetings`
  MODIFY `id` bigint(20) UNSIGNED NOT NULL AUTO_INCREMENT, AUTO_INCREMENT=56;

--
-- AUTO_INCREMENT for table `meeting_notes`
--
ALTER TABLE `meeting_notes`
  MODIFY `id` bigint(20) UNSIGNED NOT NULL AUTO_INCREMENT, AUTO_INCREMENT=43;

--
-- AUTO_INCREMENT for table `migrations`
--
ALTER TABLE `migrations`
  MODIFY `id` int(10) UNSIGNED NOT NULL AUTO_INCREMENT, AUTO_INCREMENT=56;

--
-- AUTO_INCREMENT for table `notification`
--
ALTER TABLE `notification`
  MODIFY `id` bigint(20) UNSIGNED NOT NULL AUTO_INCREMENT, AUTO_INCREMENT=4;

--
-- AUTO_INCREMENT for table `organizations`
--
ALTER TABLE `organizations`
  MODIFY `id` bigint(20) UNSIGNED NOT NULL AUTO_INCREMENT;

--
-- AUTO_INCREMENT for table `permissions`
--
ALTER TABLE `permissions`
  MODIFY `id` bigint(20) UNSIGNED NOT NULL AUTO_INCREMENT, AUTO_INCREMENT=123;

--
-- AUTO_INCREMENT for table `personal_access_tokens`
--
ALTER TABLE `personal_access_tokens`
  MODIFY `id` bigint(20) UNSIGNED NOT NULL AUTO_INCREMENT;

--
-- AUTO_INCREMENT for table `points`
--
ALTER TABLE `points`
  MODIFY `id` bigint(20) UNSIGNED NOT NULL AUTO_INCREMENT, AUTO_INCREMENT=10;

--
-- AUTO_INCREMENT for table `point_histories`
--
ALTER TABLE `point_histories`
  MODIFY `id` bigint(20) UNSIGNED NOT NULL AUTO_INCREMENT;

--
-- AUTO_INCREMENT for table `point_settings`
--
ALTER TABLE `point_settings`
  MODIFY `id` bigint(20) UNSIGNED NOT NULL AUTO_INCREMENT, AUTO_INCREMENT=3;

--
-- AUTO_INCREMENT for table `recorder_reminders`
--
ALTER TABLE `recorder_reminders`
  MODIFY `id` bigint(20) UNSIGNED NOT NULL AUTO_INCREMENT, AUTO_INCREMENT=3;

--
-- AUTO_INCREMENT for table `reorder_reminders`
--
ALTER TABLE `reorder_reminders`
  MODIFY `id` bigint(20) UNSIGNED NOT NULL AUTO_INCREMENT, AUTO_INCREMENT=6;

--
-- AUTO_INCREMENT for table `roles`
--
ALTER TABLE `roles`
  MODIFY `id` bigint(20) UNSIGNED NOT NULL AUTO_INCREMENT, AUTO_INCREMENT=3;

--
-- AUTO_INCREMENT for table `saved_replies`
--
ALTER TABLE `saved_replies`
  MODIFY `id` bigint(20) UNSIGNED NOT NULL AUTO_INCREMENT, AUTO_INCREMENT=4;

--
-- AUTO_INCREMENT for table `targets`
--
ALTER TABLE `targets`
  MODIFY `id` bigint(20) UNSIGNED NOT NULL AUTO_INCREMENT, AUTO_INCREMENT=11;

--
-- AUTO_INCREMENT for table `tickets`
--
ALTER TABLE `tickets`
  MODIFY `id` bigint(20) UNSIGNED NOT NULL AUTO_INCREMENT, AUTO_INCREMENT=10;

--
-- AUTO_INCREMENT for table `uploads`
--
ALTER TABLE `uploads`
  MODIFY `id` bigint(20) UNSIGNED NOT NULL AUTO_INCREMENT;

--
-- AUTO_INCREMENT for table `users`
--
ALTER TABLE `users`
  MODIFY `id` bigint(20) UNSIGNED NOT NULL AUTO_INCREMENT, AUTO_INCREMENT=12;

--
-- Constraints for dumped tables
--

--
-- Constraints for table `areas`
--
ALTER TABLE `areas`
  ADD CONSTRAINT `areas_city_id_foreign` FOREIGN KEY (`city_id`) REFERENCES `cities` (`id`) ON DELETE CASCADE ON UPDATE CASCADE;

--
-- Constraints for table `attachments`
--
ALTER TABLE `attachments`
  ADD CONSTRAINT `attachments_customer_id_foreign` FOREIGN KEY (`customer_id`) REFERENCES `customers` (`id`) ON DELETE CASCADE ON UPDATE CASCADE,
  ADD CONSTRAINT `attachments_ticket_id_foreign` FOREIGN KEY (`ticket_id`) REFERENCES `tickets` (`id`) ON DELETE CASCADE ON UPDATE CASCADE;

--
-- Constraints for table `campaigns`
--
ALTER TABLE `campaigns`
  ADD CONSTRAINT `campaigns_activity_id_foreign` FOREIGN KEY (`activity_id`) REFERENCES `activates` (`id`) ON DELETE CASCADE ON UPDATE CASCADE,
  ADD CONSTRAINT `campaigns_contact_source_id_foreign` FOREIGN KEY (`contact_source_id`) REFERENCES `contact_sources` (`id`) ON DELETE CASCADE ON UPDATE CASCADE,
  ADD CONSTRAINT `campaigns_interest_id_foreign` FOREIGN KEY (`interest_id`) REFERENCES `interests` (`id`) ON DELETE CASCADE ON UPDATE CASCADE;

--
-- Constraints for table `categories`
--
ALTER TABLE `categories`
  ADD CONSTRAINT `categories_parent_id_foreign` FOREIGN KEY (`parent_id`) REFERENCES `categories` (`id`) ON DELETE CASCADE ON UPDATE CASCADE;

--
-- Constraints for table `cities`
--
ALTER TABLE `cities`
  ADD CONSTRAINT `cities_country_id_foreign` FOREIGN KEY (`country_id`) REFERENCES `countries` (`id`) ON DELETE CASCADE ON UPDATE CASCADE;

--
-- Constraints for table `communication_logs`
--
ALTER TABLE `communication_logs`
  ADD CONSTRAINT `communication_logs_ticket_id_foreign` FOREIGN KEY (`ticket_id`) REFERENCES `tickets` (`id`) ON DELETE CASCADE ON UPDATE CASCADE;

--
-- Constraints for table `contacts`
--
ALTER TABLE `contacts`
  ADD CONSTRAINT `contacts_activity_id_foreign` FOREIGN KEY (`activity_id`) REFERENCES `activates` (`id`) ON DELETE CASCADE ON UPDATE CASCADE,
  ADD CONSTRAINT `contacts_area_id_foreign` FOREIGN KEY (`area_id`) REFERENCES `areas` (`id`) ON DELETE CASCADE ON UPDATE CASCADE,
  ADD CONSTRAINT `contacts_branch_id_foreign` FOREIGN KEY (`branch_id`) REFERENCES `branches` (`id`) ON DELETE CASCADE ON UPDATE CASCADE,
  ADD CONSTRAINT `contacts_campaign_id_foreign` FOREIGN KEY (`campaign_id`) REFERENCES `campaigns` (`id`) ON DELETE CASCADE ON UPDATE CASCADE,
  ADD CONSTRAINT `contacts_city_id_foreign` FOREIGN KEY (`city_id`) REFERENCES `cities` (`id`) ON DELETE CASCADE ON UPDATE CASCADE,
  ADD CONSTRAINT `contacts_contact_category_id_foreign` FOREIGN KEY (`contact_category_id`) REFERENCES `contact_categories` (`id`) ON DELETE CASCADE ON UPDATE CASCADE,
  ADD CONSTRAINT `contacts_contact_source_id_foreign` FOREIGN KEY (`contact_source_id`) REFERENCES `contact_sources` (`id`) ON DELETE CASCADE ON UPDATE CASCADE,
  ADD CONSTRAINT `contacts_created_by_foreign` FOREIGN KEY (`created_by`) REFERENCES `employees` (`id`) ON DELETE CASCADE ON UPDATE CASCADE,
  ADD CONSTRAINT `contacts_customer_id_foreign` FOREIGN KEY (`customer_id`) REFERENCES `customers` (`id`) ON DELETE CASCADE ON UPDATE CASCADE,
  ADD CONSTRAINT `contacts_employee_id_foreign` FOREIGN KEY (`employee_id`) REFERENCES `employees` (`id`) ON DELETE CASCADE ON UPDATE CASCADE,
  ADD CONSTRAINT `contacts_industry_id_foreign` FOREIGN KEY (`industry_id`) REFERENCES `industries` (`id`) ON DELETE CASCADE ON UPDATE CASCADE,
  ADD CONSTRAINT `contacts_interest_id_foreign` FOREIGN KEY (`interest_id`) REFERENCES `interests` (`id`) ON DELETE CASCADE ON UPDATE CASCADE,
  ADD CONSTRAINT `contacts_job_title_id_foreign` FOREIGN KEY (`job_title_id`) REFERENCES `job_titles` (`id`) ON DELETE CASCADE ON UPDATE CASCADE,
  ADD CONSTRAINT `contacts_major_id_foreign` FOREIGN KEY (`major_id`) REFERENCES `majors` (`id`) ON DELETE CASCADE ON UPDATE CASCADE;

--
-- Constraints for table `contact_completions`
--
ALTER TABLE `contact_completions`
  ADD CONSTRAINT `contact_completions_completed_by_foreign` FOREIGN KEY (`completed_by`) REFERENCES `users` (`id`) ON DELETE CASCADE ON UPDATE CASCADE,
  ADD CONSTRAINT `contact_completions_contact_id_foreign` FOREIGN KEY (`contact_id`) REFERENCES `contacts` (`id`) ON DELETE CASCADE ON UPDATE CASCADE;

--
-- Constraints for table `customers`
--
ALTER TABLE `customers`
  ADD CONSTRAINT `customers_activity_id_foreign` FOREIGN KEY (`activity_id`) REFERENCES `activates` (`id`) ON DELETE CASCADE ON UPDATE CASCADE,
  ADD CONSTRAINT `customers_area_id_foreign` FOREIGN KEY (`area_id`) REFERENCES `areas` (`id`) ON DELETE CASCADE ON UPDATE CASCADE,
  ADD CONSTRAINT `customers_branch_id_foreign` FOREIGN KEY (`branch_id`) REFERENCES `branches` (`id`) ON DELETE CASCADE ON UPDATE CASCADE,
  ADD CONSTRAINT `customers_city_id_foreign` FOREIGN KEY (`city_id`) REFERENCES `cities` (`id`) ON DELETE CASCADE ON UPDATE CASCADE,
  ADD CONSTRAINT `customers_contact_category_id_foreign` FOREIGN KEY (`contact_category_id`) REFERENCES `contact_categories` (`id`) ON DELETE CASCADE ON UPDATE CASCADE,
  ADD CONSTRAINT `customers_contact_source_id_foreign` FOREIGN KEY (`contact_source_id`) REFERENCES `contact_sources` (`id`) ON DELETE CASCADE ON UPDATE CASCADE,
  ADD CONSTRAINT `customers_created_by_foreign` FOREIGN KEY (`created_by`) REFERENCES `employees` (`id`) ON DELETE CASCADE ON UPDATE CASCADE,
  ADD CONSTRAINT `customers_industry_id_foreign` FOREIGN KEY (`industry_id`) REFERENCES `industries` (`id`) ON DELETE CASCADE ON UPDATE CASCADE,
  ADD CONSTRAINT `customers_job_title_id_foreign` FOREIGN KEY (`job_title_id`) REFERENCES `job_titles` (`id`) ON DELETE CASCADE ON UPDATE CASCADE,
  ADD CONSTRAINT `customers_major_id_foreign` FOREIGN KEY (`major_id`) REFERENCES `majors` (`id`) ON DELETE CASCADE ON UPDATE CASCADE,
  ADD CONSTRAINT `customers_parent_id_foreign` FOREIGN KEY (`parent_id`) REFERENCES `customers` (`id`) ON DELETE CASCADE ON UPDATE CASCADE;

--
-- Constraints for table `customer_categories`
--
ALTER TABLE `customer_categories`
  ADD CONSTRAINT `customer_categories_customer_category_id_foreign` FOREIGN KEY (`customer_category_id`) REFERENCES `contact_categories` (`id`) ON DELETE CASCADE ON UPDATE CASCADE,
  ADD CONSTRAINT `customer_categories_customer_id_foreign` FOREIGN KEY (`customer_id`) REFERENCES `customers` (`id`) ON DELETE CASCADE ON UPDATE CASCADE;

--
-- Constraints for table `employees`
--
ALTER TABLE `employees`
  ADD CONSTRAINT `employees_branch_id_foreign` FOREIGN KEY (`branch_id`) REFERENCES `branches` (`id`) ON DELETE CASCADE ON UPDATE CASCADE,
  ADD CONSTRAINT `employees_dept_foreign` FOREIGN KEY (`dept`) REFERENCES `departments` (`id`) ON DELETE CASCADE ON UPDATE CASCADE;

--
-- Constraints for table `employee_targets`
--
ALTER TABLE `employee_targets`
  ADD CONSTRAINT `employee_targets_employee_id_foreign` FOREIGN KEY (`employee_id`) REFERENCES `employees` (`id`) ON DELETE CASCADE ON UPDATE CASCADE;

--
-- Constraints for table `interests`
--
ALTER TABLE `interests`
  ADD CONSTRAINT `interests_activity_id_foreign` FOREIGN KEY (`activity_id`) REFERENCES `activates` (`id`) ON DELETE CASCADE ON UPDATE CASCADE;

--
-- Constraints for table `interest_meeting`
--
ALTER TABLE `interest_meeting`
  ADD CONSTRAINT `interest_meeting_interest_id_foreign` FOREIGN KEY (`interest_id`) REFERENCES `interests` (`id`) ON DELETE CASCADE ON UPDATE CASCADE,
  ADD CONSTRAINT `interest_meeting_meeting_id_foreign` FOREIGN KEY (`meeting_id`) REFERENCES `meetings` (`id`) ON DELETE CASCADE ON UPDATE CASCADE;

--
-- Constraints for table `invoices`
--
ALTER TABLE `invoices`
  ADD CONSTRAINT `invoices_activity_id_foreign` FOREIGN KEY (`activity_id`) REFERENCES `activates` (`id`) ON DELETE CASCADE ON UPDATE CASCADE,
  ADD CONSTRAINT `invoices_created_by_foreign` FOREIGN KEY (`created_by`) REFERENCES `employees` (`id`) ON DELETE CASCADE ON UPDATE CASCADE,
  ADD CONSTRAINT `invoices_customer_id_foreign` FOREIGN KEY (`customer_id`) REFERENCES `customers` (`id`) ON DELETE CASCADE ON UPDATE CASCADE,
  ADD CONSTRAINT `invoices_interest_id_foreign` FOREIGN KEY (`interest_id`) REFERENCES `interests` (`id`) ON DELETE CASCADE ON UPDATE CASCADE;

--
-- Constraints for table `lead_categories`
--
ALTER TABLE `lead_categories`
  ADD CONSTRAINT `lead_categories_contact_category_id_foreign` FOREIGN KEY (`contact_category_id`) REFERENCES `contact_categories` (`id`) ON DELETE CASCADE ON UPDATE CASCADE,
  ADD CONSTRAINT `lead_categories_contact_id_foreign` FOREIGN KEY (`contact_id`) REFERENCES `contacts` (`id`) ON DELETE CASCADE ON UPDATE CASCADE;

--
-- Constraints for table `lead_cteagories`
--
ALTER TABLE `lead_cteagories`
  ADD CONSTRAINT `lead_cteagories_contact_category_id_foreign` FOREIGN KEY (`contact_category_id`) REFERENCES `contact_categories` (`id`) ON DELETE CASCADE ON UPDATE CASCADE,
  ADD CONSTRAINT `lead_cteagories_contact_id_foreign` FOREIGN KEY (`contact_id`) REFERENCES `contacts` (`id`) ON DELETE CASCADE ON UPDATE CASCADE;

--
-- Constraints for table `lead_histories`
--
ALTER TABLE `lead_histories`
  ADD CONSTRAINT `lead_histories_contact_id_foreign` FOREIGN KEY (`contact_id`) REFERENCES `contacts` (`id`) ON DELETE CASCADE ON UPDATE CASCADE,
  ADD CONSTRAINT `lead_histories_created_by_foreign` FOREIGN KEY (`created_by`) REFERENCES `employees` (`id`) ON DELETE CASCADE ON UPDATE CASCADE;

--
-- Constraints for table `majors`
--
ALTER TABLE `majors`
  ADD CONSTRAINT `majors_industry_id_foreign` FOREIGN KEY (`industry_id`) REFERENCES `industries` (`id`) ON DELETE CASCADE ON UPDATE CASCADE;

--
-- Constraints for table `meetings`
--
ALTER TABLE `meetings`
  ADD CONSTRAINT `meetings_contact_id_foreign` FOREIGN KEY (`contact_id`) REFERENCES `contacts` (`id`) ON DELETE CASCADE ON UPDATE CASCADE,
  ADD CONSTRAINT `meetings_created_by_foreign` FOREIGN KEY (`created_by`) REFERENCES `employees` (`id`) ON DELETE CASCADE ON UPDATE CASCADE,
  ADD CONSTRAINT `meetings_reply_id_foreign` FOREIGN KEY (`reply_id`) REFERENCES `saved_replies` (`id`) ON DELETE CASCADE ON UPDATE CASCADE;

--
-- Constraints for table `meeting_notes`
--
ALTER TABLE `meeting_notes`
  ADD CONSTRAINT `meeting_notes_created_by_foreign` FOREIGN KEY (`created_by`) REFERENCES `employees` (`id`) ON DELETE CASCADE ON UPDATE CASCADE,
  ADD CONSTRAINT `meeting_notes_meeting_id_foreign` FOREIGN KEY (`meeting_id`) REFERENCES `meetings` (`id`) ON DELETE CASCADE ON UPDATE CASCADE;

--
-- Constraints for table `model_has_permissions`
--
ALTER TABLE `model_has_permissions`
  ADD CONSTRAINT `model_has_permissions_permission_id_foreign` FOREIGN KEY (`permission_id`) REFERENCES `permissions` (`id`) ON DELETE CASCADE;

--
-- Constraints for table `model_has_roles`
--
ALTER TABLE `model_has_roles`
  ADD CONSTRAINT `model_has_roles_role_id_foreign` FOREIGN KEY (`role_id`) REFERENCES `roles` (`id`) ON DELETE CASCADE;

--
-- Constraints for table `notification`
--
ALTER TABLE `notification`
  ADD CONSTRAINT `notification_created_by_foreign` FOREIGN KEY (`created_by`) REFERENCES `employees` (`id`) ON DELETE CASCADE ON UPDATE CASCADE,
  ADD CONSTRAINT `notification_dept_foreign` FOREIGN KEY (`dept`) REFERENCES `departments` (`id`) ON DELETE CASCADE ON UPDATE CASCADE,
  ADD CONSTRAINT `notification_employee_id_foreign` FOREIGN KEY (`employee_id`) REFERENCES `employees` (`id`) ON DELETE CASCADE ON UPDATE CASCADE;

--
-- Constraints for table `organizations`
--
ALTER TABLE `organizations`
  ADD CONSTRAINT `organizations_assigned_to_foreign` FOREIGN KEY (`assigned_to`) REFERENCES `employees` (`id`) ON DELETE CASCADE ON UPDATE CASCADE;

--
-- Constraints for table `points`
--
ALTER TABLE `points`
  ADD CONSTRAINT `points_activity_id_foreign` FOREIGN KEY (`activity_id`) REFERENCES `activates` (`id`) ON DELETE CASCADE ON UPDATE CASCADE,
  ADD CONSTRAINT `points_customer_id_foreign` FOREIGN KEY (`customer_id`) REFERENCES `customers` (`id`) ON DELETE CASCADE ON UPDATE CASCADE,
  ADD CONSTRAINT `points_sub_activity_id_foreign` FOREIGN KEY (`sub_activity_id`) REFERENCES `interests` (`id`) ON DELETE CASCADE ON UPDATE CASCADE;

--
-- Constraints for table `point_histories`
--
ALTER TABLE `point_histories`
  ADD CONSTRAINT `point_histories_activity_id_foreign` FOREIGN KEY (`activity_id`) REFERENCES `activates` (`id`) ON DELETE CASCADE ON UPDATE CASCADE,
  ADD CONSTRAINT `point_histories_customer_id_foreign` FOREIGN KEY (`customer_id`) REFERENCES `customers` (`id`) ON DELETE CASCADE ON UPDATE CASCADE,
  ADD CONSTRAINT `point_histories_sub_activity_id_foreign` FOREIGN KEY (`sub_activity_id`) REFERENCES `interests` (`id`) ON DELETE CASCADE ON UPDATE CASCADE;

--
-- Constraints for table `point_settings`
--
ALTER TABLE `point_settings`
  ADD CONSTRAINT `point_settings_activity_id_foreign` FOREIGN KEY (`activity_id`) REFERENCES `activates` (`id`) ON DELETE CASCADE ON UPDATE CASCADE,
  ADD CONSTRAINT `point_settings_sub_activity_id_foreign` FOREIGN KEY (`sub_activity_id`) REFERENCES `interests` (`id`) ON DELETE CASCADE ON UPDATE CASCADE;

--
-- Constraints for table `recorder_reminders`
--
ALTER TABLE `recorder_reminders`
  ADD CONSTRAINT `recorder_reminders_activity_id_foreign` FOREIGN KEY (`activity_id`) REFERENCES `activates` (`id`) ON DELETE CASCADE ON UPDATE CASCADE,
  ADD CONSTRAINT `recorder_reminders_customer_id_foreign` FOREIGN KEY (`customer_id`) REFERENCES `customers` (`id`) ON DELETE CASCADE ON UPDATE CASCADE,
  ADD CONSTRAINT `recorder_reminders_interest_id_foreign` FOREIGN KEY (`interest_id`) REFERENCES `interests` (`id`) ON DELETE CASCADE ON UPDATE CASCADE,
  ADD CONSTRAINT `recorder_reminders_invoice_id_foreign` FOREIGN KEY (`invoice_id`) REFERENCES `invoices` (`id`) ON DELETE CASCADE ON UPDATE CASCADE;

--
-- Constraints for table `reorder_reminders`
--
ALTER TABLE `reorder_reminders`
  ADD CONSTRAINT `reorder_reminders_activity_id_foreign` FOREIGN KEY (`activity_id`) REFERENCES `activates` (`id`) ON DELETE CASCADE ON UPDATE CASCADE,
  ADD CONSTRAINT `reorder_reminders_customer_id_foreign` FOREIGN KEY (`customer_id`) REFERENCES `customers` (`id`) ON DELETE CASCADE ON UPDATE CASCADE,
  ADD CONSTRAINT `reorder_reminders_interest_id_foreign` FOREIGN KEY (`interest_id`) REFERENCES `interests` (`id`) ON DELETE CASCADE ON UPDATE CASCADE,
  ADD CONSTRAINT `reorder_reminders_invoice_id_foreign` FOREIGN KEY (`invoice_id`) REFERENCES `invoices` (`id`) ON DELETE CASCADE ON UPDATE CASCADE;

--
-- Constraints for table `role_has_permissions`
--
ALTER TABLE `role_has_permissions`
  ADD CONSTRAINT `role_has_permissions_permission_id_foreign` FOREIGN KEY (`permission_id`) REFERENCES `permissions` (`id`) ON DELETE CASCADE,
  ADD CONSTRAINT `role_has_permissions_role_id_foreign` FOREIGN KEY (`role_id`) REFERENCES `roles` (`id`) ON DELETE CASCADE;

--
-- Constraints for table `targets`
--
ALTER TABLE `targets`
  ADD CONSTRAINT `targets_activity_id_foreign` FOREIGN KEY (`activity_id`) REFERENCES `activates` (`id`) ON DELETE CASCADE ON UPDATE CASCADE,
  ADD CONSTRAINT `targets_employee_id_foreign` FOREIGN KEY (`employee_id`) REFERENCES `employees` (`id`) ON DELETE CASCADE ON UPDATE CASCADE,
  ADD CONSTRAINT `targets_employee_target_id_foreign` FOREIGN KEY (`employee_target_id`) REFERENCES `employee_targets` (`id`) ON DELETE CASCADE ON UPDATE CASCADE,
  ADD CONSTRAINT `targets_interest_id_foreign` FOREIGN KEY (`interest_id`) REFERENCES `interests` (`id`) ON DELETE CASCADE ON UPDATE CASCADE;

--
-- Constraints for table `tickets`
--
ALTER TABLE `tickets`
  ADD CONSTRAINT `tickets_activity_id_foreign` FOREIGN KEY (`activity_id`) REFERENCES `activates` (`id`) ON DELETE CASCADE ON UPDATE CASCADE,
  ADD CONSTRAINT `tickets_assigned_agent_id_foreign` FOREIGN KEY (`assigned_agent_id`) REFERENCES `employees` (`id`) ON DELETE CASCADE ON UPDATE CASCADE,
  ADD CONSTRAINT `tickets_customer_id_foreign` FOREIGN KEY (`customer_id`) REFERENCES `customers` (`id`) ON DELETE CASCADE ON UPDATE CASCADE,
  ADD CONSTRAINT `tickets_interest_id_foreign` FOREIGN KEY (`interest_id`) REFERENCES `interests` (`id`) ON DELETE CASCADE ON UPDATE CASCADE;

--
-- Constraints for table `uploads`
--
ALTER TABLE `uploads`
  ADD CONSTRAINT `uploads_user_id_foreign` FOREIGN KEY (`user_id`) REFERENCES `users` (`id`) ON DELETE CASCADE ON UPDATE CASCADE;

--
-- Constraints for table `users`
--
ALTER TABLE `users`
  ADD CONSTRAINT `users_context_id_foreign` FOREIGN KEY (`context_id`) REFERENCES `employees` (`id`) ON DELETE CASCADE ON UPDATE CASCADE;
COMMIT;

/*!40101 SET CHARACTER_SET_CLIENT=@OLD_CHARACTER_SET_CLIENT */;
/*!40101 SET CHARACTER_SET_RESULTS=@OLD_CHARACTER_SET_RESULTS */;
/*!40101 SET COLLATION_CONNECTION=@OLD_COLLATION_CONNECTION */;
