-- phpMyAdmin SQL Dump
-- version 5.2.1
-- https://www.phpmyadmin.net/
--
-- Host: 127.0.0.1
-- Generation Time: Jul 23, 2024 at 10:59 AM
-- Server version: 10.4.32-MariaDB
-- PHP Version: 8.2.12

SET SQL_MODE = "NO_AUTO_VALUE_ON_ZERO";
START TRANSACTION;
SET time_zone = "+00:00";


/*!40101 SET @OLD_CHARACTER_SET_CLIENT=@@CHARACTER_SET_CLIENT */;
/*!40101 SET @OLD_CHARACTER_SET_RESULTS=@@CHARACTER_SET_RESULTS */;
/*!40101 SET @OLD_COLLATION_CONNECTION=@@COLLATION_CONNECTION */;
/*!40101 SET NAMES utf8mb4 */;

--
-- Database: `new_crm`
--

-- --------------------------------------------------------

--
-- Table structure for table `activates`
--

CREATE TABLE `activates` (
  `id` bigint(20) UNSIGNED NOT NULL,
  `name` varchar(255) DEFAULT NULL,
  `created_at` timestamp NULL DEFAULT NULL,
  `updated_at` timestamp NULL DEFAULT NULL,
  `deleted_at` timestamp NULL DEFAULT NULL
) ENGINE=InnoDB DEFAULT CHARSET=utf8mb4 COLLATE=utf8mb4_unicode_ci;

--
-- Dumping data for table `activates`
--

INSERT INTO `activates` (`id`, `name`, `created_at`, `updated_at`, `deleted_at`) VALUES
(1, 'السياحة الدينية', '2024-01-30 10:57:43', '2024-02-02 13:45:49', NULL),
(2, 'السياحة الداخلية', '2024-01-30 10:57:54', '2024-02-02 13:46:05', NULL),
(3, 'التأشيرات', '2024-02-08 12:06:32', '2024-02-08 12:06:32', NULL),
(4, 'حجز طيران', '2024-02-08 12:06:47', '2024-02-08 12:07:10', NULL),
(5, 'حجز فنادق', '2024-02-08 12:06:59', '2024-02-08 12:06:59', NULL),
(6, 'تنظيم مؤتمرات', '2024-02-08 12:07:36', '2024-02-08 12:07:36', NULL),
(7, 'السياحة الخارجية', '2024-02-13 09:00:45', '2024-02-13 09:00:45', NULL),
(8, 'المطهرات', '2024-02-26 15:43:53', '2024-02-26 15:43:53', NULL);

-- --------------------------------------------------------

--
-- Table structure for table `areas`
--

CREATE TABLE `areas` (
  `id` bigint(20) UNSIGNED NOT NULL,
  `name` varchar(255) DEFAULT NULL,
  `city_id` bigint(20) UNSIGNED DEFAULT NULL,
  `created_at` timestamp NULL DEFAULT NULL,
  `updated_at` timestamp NULL DEFAULT NULL,
  `deleted_at` timestamp NULL DEFAULT NULL
) ENGINE=InnoDB DEFAULT CHARSET=utf8mb4 COLLATE=utf8mb4_unicode_ci;

--
-- Dumping data for table `areas`
--

INSERT INTO `areas` (`id`, `name`, `city_id`, `created_at`, `updated_at`, `deleted_at`) VALUES
(1, '15 مايو', 1, '2023-09-18 11:24:39', '2023-09-18 11:24:39', NULL),
(2, 'الازبكية', 1, '2023-09-18 11:24:39', '2023-09-18 11:24:39', NULL),
(3, 'البساتين', 1, '2023-09-18 11:24:39', '2023-09-18 11:24:39', NULL),
(4, 'التبين', 1, '2023-09-18 11:24:39', '2023-09-18 11:24:39', NULL),
(5, 'الخليفة', 1, '2023-09-18 11:24:39', '2023-09-18 11:24:39', NULL),
(6, 'الدراسة', 1, '2023-09-18 11:24:39', '2023-09-18 11:24:39', NULL),
(7, 'الدرب الاحمر', 1, '2023-09-18 11:24:39', '2023-09-18 11:24:39', NULL),
(8, 'الزاوية الحمراء', 1, '2023-09-18 11:24:39', '2023-09-18 11:24:39', NULL),
(9, 'الزيتون', 1, '2023-09-18 11:24:39', '2023-09-18 11:24:39', NULL),
(10, 'الساحل', 1, '2023-09-18 11:24:39', '2023-09-18 11:24:39', NULL),
(11, 'السلام', 1, '2023-09-18 11:24:39', '2023-09-18 11:24:39', NULL),
(12, 'السيدة زينب', 1, '2023-09-18 11:24:39', '2023-09-18 11:24:39', NULL),
(13, 'الشرابية', 1, '2023-09-18 11:24:39', '2023-09-18 11:24:39', NULL),
(14, 'مدينة الشروق', 1, '2023-09-18 11:24:39', '2023-09-18 11:24:39', NULL),
(15, 'الظاهر', 1, '2023-09-18 11:24:39', '2023-09-18 11:24:39', NULL),
(16, 'العتبة', 1, '2023-09-18 11:24:39', '2023-09-18 11:24:39', NULL),
(17, 'القاهرة الجديدة', 1, '2023-09-18 11:24:39', '2023-09-18 11:24:39', NULL),
(18, 'المرج', 1, '2023-09-18 11:24:39', '2023-09-18 11:24:39', NULL),
(19, 'عزبة النخل', 1, '2023-09-18 11:24:39', '2023-09-18 11:24:39', NULL),
(20, 'المطرية', 1, '2023-09-18 11:24:39', '2023-09-18 11:24:39', NULL),
(21, 'المعادى', 1, '2023-09-18 11:24:39', '2023-09-18 11:24:39', NULL),
(22, 'المعصرة', 1, '2023-09-18 11:24:39', '2023-09-18 11:24:39', NULL),
(23, 'المقطم', 1, '2023-09-18 11:24:39', '2023-09-18 11:24:39', NULL),
(24, 'المنيل', 1, '2023-09-18 11:24:39', '2023-09-18 11:24:39', NULL),
(25, 'الموسكى', 1, '2023-09-18 11:24:39', '2023-09-18 11:24:39', NULL),
(26, 'النزهة', 1, '2023-09-18 11:24:39', '2023-09-18 11:24:39', NULL),
(27, 'الوايلى', 1, '2023-09-18 11:24:39', '2023-09-18 11:24:39', NULL),
(28, 'باب الشعرية', 1, '2023-09-18 11:24:39', '2023-09-18 11:24:39', NULL),
(29, 'بولاق', 1, '2023-09-18 11:24:39', '2023-09-18 11:24:39', NULL),
(30, 'جاردن سيتى', 1, '2023-09-18 11:24:39', '2023-09-18 11:24:39', NULL),
(31, 'حدائق القبة', 1, '2023-09-18 11:24:39', '2023-09-18 11:24:39', NULL),
(32, 'حلوان', 1, '2023-09-18 11:24:39', '2023-09-18 11:24:39', NULL),
(33, 'دار السلام', 1, '2023-09-18 11:24:39', '2023-09-18 11:24:39', NULL),
(34, 'شبرا', 1, '2023-09-18 11:24:39', '2023-09-18 11:24:39', NULL),
(35, 'طره', 1, '2023-09-18 11:24:39', '2023-09-18 11:24:39', NULL),
(36, 'عابدين', 1, '2023-09-18 11:24:39', '2023-09-18 11:24:39', NULL),
(37, 'عباسية', 1, '2023-09-18 11:24:39', '2023-09-18 11:24:39', NULL),
(38, 'عين شمس', 1, '2023-09-18 11:24:39', '2023-09-18 11:24:39', NULL),
(39, 'مدينة نصر', 1, '2023-09-18 11:24:39', '2023-09-18 11:24:39', NULL),
(40, 'مصر الجديدة', 1, '2023-09-18 11:24:39', '2023-09-18 11:24:39', NULL),
(41, 'مصر القديمة', 1, '2023-09-18 11:24:39', '2023-09-18 11:24:39', NULL),
(42, 'منشية ناصر', 1, '2023-09-18 11:24:39', '2023-09-18 11:24:39', NULL),
(43, 'مدينة بدر', 1, '2023-09-18 11:24:39', '2023-09-18 11:24:39', NULL),
(44, 'مدينة العبور', 1, '2023-09-18 11:24:39', '2023-09-18 11:24:39', NULL),
(45, 'وسط البلد', 1, '2023-09-18 11:24:39', '2023-09-18 11:24:39', NULL),
(46, 'الزمالك', 1, '2023-09-18 11:24:39', '2023-09-18 11:24:39', NULL),
(47, 'قصر النيل', 1, '2023-09-18 11:24:39', '2023-09-18 11:24:39', NULL),
(48, 'الرحاب', 1, '2023-09-18 11:24:39', '2023-09-18 11:24:39', NULL),
(49, 'القطامية', 1, '2023-09-18 11:24:39', '2023-09-18 11:24:39', NULL),
(50, 'مدينتي', 1, '2023-09-18 11:24:39', '2023-09-18 11:24:39', NULL),
(51, 'روض الفرج', 1, '2023-09-18 11:24:39', '2023-09-18 11:24:39', NULL),
(52, 'شيراتون', 1, '2023-09-18 11:24:39', '2023-09-18 11:24:39', NULL),
(53, 'الجمالية', 1, '2023-09-18 11:24:39', '2023-09-18 11:24:39', NULL),
(54, 'العاشر من رمضان', 1, '2023-09-18 11:24:39', '2023-09-18 11:24:39', NULL),
(55, 'الحلمية', 1, '2023-09-18 11:24:39', '2023-09-18 11:24:39', NULL),
(56, 'النزهة الجديدة', 1, '2023-09-18 11:24:39', '2023-09-18 11:24:39', NULL),
(57, 'العاصمة الإدارية', 1, '2023-09-18 11:24:39', '2023-09-18 11:24:39', NULL),
(58, 'الجيزة', 2, '2023-09-18 11:24:39', '2023-09-18 11:24:39', NULL),
(59, 'السادس من أكتوبر', 2, '2023-09-18 11:24:39', '2023-09-18 11:24:39', NULL),
(60, 'الشيخ زايد', 2, '2023-09-18 11:24:39', '2023-09-18 11:24:39', NULL),
(61, 'الحوامدية', 2, '2023-09-18 11:24:39', '2023-09-18 11:24:39', NULL),
(62, 'البدرشين', 2, '2023-09-18 11:24:39', '2023-09-18 11:24:39', NULL),
(63, 'الصف', 2, '2023-09-18 11:24:39', '2023-09-18 11:24:39', NULL),
(64, 'أطفيح', 2, '2023-09-18 11:24:39', '2023-09-18 11:24:39', NULL),
(65, 'العياط', 2, '2023-09-18 11:24:39', '2023-09-18 11:24:39', NULL),
(66, 'الباويطي', 2, '2023-09-18 11:24:39', '2023-09-18 11:24:39', NULL),
(67, 'منشأة القناطر', 2, '2023-09-18 11:24:39', '2023-09-18 11:24:39', NULL),
(68, 'أوسيم', 2, '2023-09-18 11:24:39', '2023-09-18 11:24:39', NULL),
(69, 'كرداسة', 2, '2023-09-18 11:24:39', '2023-09-18 11:24:39', NULL),
(70, 'أبو النمرس', 2, '2023-09-18 11:24:39', '2023-09-18 11:24:39', NULL),
(71, 'كفر غطاطي', 2, '2023-09-18 11:24:39', '2023-09-18 11:24:39', NULL),
(72, 'منشأة البكاري', 2, '2023-09-18 11:24:39', '2023-09-18 11:24:39', NULL),
(73, 'الدقى', 2, '2023-09-18 11:24:39', '2023-09-18 11:24:39', NULL),
(74, 'العجوزة', 2, '2023-09-18 11:24:39', '2023-09-18 11:24:39', NULL),
(75, 'الهرم', 2, '2023-09-18 11:24:39', '2023-09-18 11:24:39', NULL),
(76, 'الوراق', 2, '2023-09-18 11:24:39', '2023-09-18 11:24:39', NULL),
(77, 'امبابة', 2, '2023-09-18 11:24:39', '2023-09-18 11:24:39', NULL),
(78, 'بولاق الدكرور', 2, '2023-09-18 11:24:39', '2023-09-18 11:24:39', NULL),
(79, 'الواحات البحرية', 2, '2023-09-18 11:24:39', '2023-09-18 11:24:39', NULL),
(80, 'العمرانية', 2, '2023-09-18 11:24:39', '2023-09-18 11:24:39', NULL),
(81, 'المنيب', 2, '2023-09-18 11:24:39', '2023-09-18 11:24:39', NULL),
(82, 'بين السرايات', 2, '2023-09-18 11:24:39', '2023-09-18 11:24:39', NULL),
(83, 'الكيت كات', 2, '2023-09-18 11:24:40', '2023-09-18 11:24:40', NULL),
(84, 'المهندسين', 2, '2023-09-18 11:24:40', '2023-09-18 11:24:40', NULL),
(85, 'فيصل', 2, '2023-09-18 11:24:40', '2023-09-18 11:24:40', NULL),
(86, 'أبو رواش', 2, '2023-09-18 11:24:40', '2023-09-18 11:24:40', NULL),
(87, 'حدائق الأهرام', 2, '2023-09-18 11:24:40', '2023-09-18 11:24:40', NULL),
(88, 'الحرانية', 2, '2023-09-18 11:24:40', '2023-09-18 11:24:40', NULL),
(89, 'حدائق اكتوبر', 2, '2023-09-18 11:24:40', '2023-09-18 11:24:40', NULL),
(90, 'صفط اللبن', 2, '2023-09-18 11:24:40', '2023-09-18 11:24:40', NULL),
(91, 'القرية الذكية', 2, '2023-09-18 11:24:40', '2023-09-18 11:24:40', NULL),
(92, 'ارض اللواء', 2, '2023-09-18 11:24:40', '2023-09-18 11:24:40', NULL),
(93, 'ابو قير', 3, '2023-09-18 11:24:40', '2023-09-18 11:24:40', NULL),
(94, 'الابراهيمية', 3, '2023-09-18 11:24:40', '2023-09-18 11:24:40', NULL),
(95, 'الأزاريطة', 3, '2023-09-18 11:24:40', '2023-09-18 11:24:40', NULL),
(96, 'الانفوشى', 3, '2023-09-18 11:24:40', '2023-09-18 11:24:40', NULL),
(97, 'الدخيلة', 3, '2023-09-18 11:24:40', '2023-09-18 11:24:40', NULL),
(98, 'السيوف', 3, '2023-09-18 11:24:40', '2023-09-18 11:24:40', NULL),
(99, 'العامرية', 3, '2023-09-18 11:24:40', '2023-09-18 11:24:40', NULL),
(100, 'اللبان', 3, '2023-09-18 11:24:40', '2023-09-18 11:24:40', NULL),
(101, 'المفروزة', 3, '2023-09-18 11:24:40', '2023-09-18 11:24:40', NULL),
(102, 'المنتزه', 3, '2023-09-18 11:24:40', '2023-09-18 11:24:40', NULL),
(103, 'المنشية', 3, '2023-09-18 11:24:40', '2023-09-18 11:24:40', NULL),
(104, 'الناصرية', 3, '2023-09-18 11:24:40', '2023-09-18 11:24:40', NULL),
(105, 'امبروزو', 3, '2023-09-18 11:24:40', '2023-09-18 11:24:40', NULL),
(106, 'باب شرق', 3, '2023-09-18 11:24:40', '2023-09-18 11:24:40', NULL),
(107, 'برج العرب', 3, '2023-09-18 11:24:40', '2023-09-18 11:24:40', NULL),
(108, 'ستانلى', 3, '2023-09-18 11:24:40', '2023-09-18 11:24:40', NULL),
(109, 'سموحة', 3, '2023-09-18 11:24:40', '2023-09-18 11:24:40', NULL),
(110, 'سيدى بشر', 3, '2023-09-18 11:24:40', '2023-09-18 11:24:40', NULL),
(111, 'شدس', 3, '2023-09-18 11:24:40', '2023-09-18 11:24:40', NULL),
(112, 'غيط العنب', 3, '2023-09-18 11:24:40', '2023-09-18 11:24:40', NULL),
(113, 'فلمينج', 3, '2023-09-18 11:24:40', '2023-09-18 11:24:40', NULL),
(114, 'فيكتوريا', 3, '2023-09-18 11:24:40', '2023-09-18 11:24:40', NULL),
(115, 'كامب شيزار', 3, '2023-09-18 11:24:40', '2023-09-18 11:24:40', NULL),
(116, 'كرموز', 3, '2023-09-18 11:24:40', '2023-09-18 11:24:40', NULL),
(117, 'محطة الرمل', 3, '2023-09-18 11:24:40', '2023-09-18 11:24:40', NULL),
(118, 'مينا البصل', 3, '2023-09-18 11:24:40', '2023-09-18 11:24:40', NULL),
(119, 'العصافرة', 3, '2023-09-18 11:24:40', '2023-09-18 11:24:40', NULL),
(120, 'العجمي', 3, '2023-09-18 11:24:40', '2023-09-18 11:24:40', NULL),
(121, 'بكوس', 3, '2023-09-18 11:24:40', '2023-09-18 11:24:40', NULL),
(122, 'بولكلي', 3, '2023-09-18 11:24:40', '2023-09-18 11:24:40', NULL),
(123, 'كليوباترا', 3, '2023-09-18 11:24:40', '2023-09-18 11:24:40', NULL),
(124, 'جليم', 3, '2023-09-18 11:24:40', '2023-09-18 11:24:40', NULL),
(125, 'المعمورة', 3, '2023-09-18 11:24:40', '2023-09-18 11:24:40', NULL),
(126, 'المندرة', 3, '2023-09-18 11:24:40', '2023-09-18 11:24:40', NULL),
(127, 'محرم بك', 3, '2023-09-18 11:24:40', '2023-09-18 11:24:40', NULL),
(128, 'الشاطبي', 3, '2023-09-18 11:24:40', '2023-09-18 11:24:40', NULL),
(129, 'سيدي جابر', 3, '2023-09-18 11:24:40', '2023-09-18 11:24:40', NULL),
(130, 'الساحل الشمالي', 3, '2023-09-18 11:24:40', '2023-09-18 11:24:40', NULL),
(131, 'الحضرة', 3, '2023-09-18 11:24:40', '2023-09-18 11:24:40', NULL),
(132, 'العطارين', 3, '2023-09-18 11:24:40', '2023-09-18 11:24:40', NULL),
(133, 'سيدي كرير', 3, '2023-09-18 11:24:40', '2023-09-18 11:24:40', NULL),
(134, 'الجمرك', 3, '2023-09-18 11:24:40', '2023-09-18 11:24:40', NULL),
(135, 'المكس', 3, '2023-09-18 11:24:40', '2023-09-18 11:24:40', NULL),
(136, 'مارينا', 3, '2023-09-18 11:24:40', '2023-09-18 11:24:40', NULL),
(137, 'المنصورة', 4, '2023-09-18 11:24:40', '2023-09-18 11:24:40', NULL),
(138, 'طلخا', 4, '2023-09-18 11:24:40', '2023-09-18 11:24:40', NULL),
(139, 'ميت غمر', 4, '2023-09-18 11:24:40', '2023-09-18 11:24:40', NULL),
(140, 'دكرنس', 4, '2023-09-18 11:24:40', '2023-09-18 11:24:40', NULL),
(141, 'أجا', 4, '2023-09-18 11:24:40', '2023-09-18 11:24:40', NULL),
(142, 'منية النصر', 4, '2023-09-18 11:24:40', '2023-09-18 11:24:40', NULL),
(143, 'السنبلاوين', 4, '2023-09-18 11:24:40', '2023-09-18 11:24:40', NULL),
(144, 'الكردي', 4, '2023-09-18 11:24:40', '2023-09-18 11:24:40', NULL),
(145, 'بني عبيد', 4, '2023-09-18 11:24:40', '2023-09-18 11:24:40', NULL),
(146, 'المنزلة', 4, '2023-09-18 11:24:40', '2023-09-18 11:24:40', NULL),
(147, 'تمي الأمديد', 4, '2023-09-18 11:24:40', '2023-09-18 11:24:40', NULL),
(148, 'الجمالية', 4, '2023-09-18 11:24:40', '2023-09-18 11:24:40', NULL),
(149, 'شربين', 4, '2023-09-18 11:24:40', '2023-09-18 11:24:40', NULL),
(150, 'المطرية', 4, '2023-09-18 11:24:40', '2023-09-18 11:24:40', NULL),
(151, 'بلقاس', 4, '2023-09-18 11:24:40', '2023-09-18 11:24:40', NULL),
(152, 'ميت سلسيل', 4, '2023-09-18 11:24:40', '2023-09-18 11:24:40', NULL),
(153, 'جمصة', 4, '2023-09-18 11:24:40', '2023-09-18 11:24:40', NULL),
(154, 'محلة دمنة', 4, '2023-09-18 11:24:40', '2023-09-18 11:24:40', NULL),
(155, 'نبروه', 4, '2023-09-18 11:24:40', '2023-09-18 11:24:40', NULL),
(156, 'الغردقة', 5, '2023-09-18 11:24:40', '2023-09-18 11:24:40', NULL),
(157, 'رأس غارب', 5, '2023-09-18 11:24:40', '2023-09-18 11:24:40', NULL),
(158, 'سفاجا', 5, '2023-09-18 11:24:40', '2023-09-18 11:24:40', NULL),
(159, 'القصير', 5, '2023-09-18 11:24:40', '2023-09-18 11:24:40', NULL),
(160, 'مرسى علم', 5, '2023-09-18 11:24:40', '2023-09-18 11:24:40', NULL),
(161, 'الشلاتين', 5, '2023-09-18 11:24:40', '2023-09-18 11:24:40', NULL),
(162, 'حلايب', 5, '2023-09-18 11:24:40', '2023-09-18 11:24:40', NULL),
(163, 'الدهار', 5, '2023-09-18 11:24:40', '2023-09-18 11:24:40', NULL),
(164, 'دمنهور', 6, '2023-09-18 11:24:40', '2023-09-18 11:24:40', NULL),
(165, 'كفر الدوار', 6, '2023-09-18 11:24:40', '2023-09-18 11:24:40', NULL),
(166, 'رشيد', 6, '2023-09-18 11:24:40', '2023-09-18 11:24:40', NULL),
(167, 'إدكو', 6, '2023-09-18 11:24:40', '2023-09-18 11:24:40', NULL),
(168, 'أبو المطامير', 6, '2023-09-18 11:24:40', '2023-09-18 11:24:40', NULL),
(169, 'أبو حمص', 6, '2023-09-18 11:24:40', '2023-09-18 11:24:40', NULL),
(170, 'الدلنجات', 6, '2023-09-18 11:24:40', '2023-09-18 11:24:40', NULL),
(171, 'المحمودية', 6, '2023-09-18 11:24:40', '2023-09-18 11:24:40', NULL),
(172, 'الرحمانية', 6, '2023-09-18 11:24:40', '2023-09-18 11:24:40', NULL),
(173, 'إيتاي البارود', 6, '2023-09-18 11:24:40', '2023-09-18 11:24:40', NULL),
(174, 'حوش عيسى', 6, '2023-09-18 11:24:40', '2023-09-18 11:24:40', NULL),
(175, 'شبراخيت', 6, '2023-09-18 11:24:40', '2023-09-18 11:24:40', NULL),
(176, 'كوم حمادة', 6, '2023-09-18 11:24:40', '2023-09-18 11:24:40', NULL),
(177, 'بدر', 6, '2023-09-18 11:24:40', '2023-09-18 11:24:40', NULL),
(178, 'وادي النطرون', 6, '2023-09-18 11:24:40', '2023-09-18 11:24:40', NULL),
(179, 'النوبارية الجديدة', 6, '2023-09-18 11:24:40', '2023-09-18 11:24:40', NULL),
(180, 'النوبارية', 6, '2023-09-18 11:24:40', '2023-09-18 11:24:40', NULL),
(181, 'الفيوم', 7, '2023-09-18 11:24:40', '2023-09-18 11:24:40', NULL),
(182, 'الفيوم الجديدة', 7, '2023-09-18 11:24:40', '2023-09-18 11:24:40', NULL),
(183, 'طامية', 7, '2023-09-18 11:24:40', '2023-09-18 11:24:40', NULL),
(184, 'سنورس', 7, '2023-09-18 11:24:40', '2023-09-18 11:24:40', NULL),
(185, 'إطسا', 7, '2023-09-18 11:24:40', '2023-09-18 11:24:40', NULL),
(186, 'إبشواي', 7, '2023-09-18 11:24:40', '2023-09-18 11:24:40', NULL),
(187, 'يوسف الصديق', 7, '2023-09-18 11:24:40', '2023-09-18 11:24:40', NULL),
(188, 'الحادقة', 7, '2023-09-18 11:24:40', '2023-09-18 11:24:40', NULL),
(189, 'اطسا', 7, '2023-09-18 11:24:40', '2023-09-18 11:24:40', NULL),
(190, 'الجامعة', 7, '2023-09-18 11:24:40', '2023-09-18 11:24:40', NULL),
(191, 'السيالة', 7, '2023-09-18 11:24:40', '2023-09-18 11:24:40', NULL),
(192, 'طنطا', 8, '2023-09-18 11:24:40', '2023-09-18 11:24:40', NULL),
(193, 'المحلة الكبرى', 8, '2023-09-18 11:24:40', '2023-09-18 11:24:40', NULL),
(194, 'كفر الزيات', 8, '2023-09-18 11:24:40', '2023-09-18 11:24:40', NULL),
(195, 'زفتى', 8, '2023-09-18 11:24:40', '2023-09-18 11:24:40', NULL),
(196, 'السنطة', 8, '2023-09-18 11:24:40', '2023-09-18 11:24:40', NULL),
(197, 'قطور', 8, '2023-09-18 11:24:40', '2023-09-18 11:24:40', NULL),
(198, 'بسيون', 8, '2023-09-18 11:24:40', '2023-09-18 11:24:40', NULL),
(199, 'سمنود', 8, '2023-09-18 11:24:40', '2023-09-18 11:24:40', NULL),
(200, 'الإسماعيلية', 9, '2023-09-18 11:24:40', '2023-09-18 11:24:40', NULL),
(201, 'فايد', 9, '2023-09-18 11:24:40', '2023-09-18 11:24:40', NULL),
(202, 'القنطرة شرق', 9, '2023-09-18 11:24:40', '2023-09-18 11:24:40', NULL),
(203, 'القنطرة غرب', 9, '2023-09-18 11:24:40', '2023-09-18 11:24:40', NULL),
(204, 'التل الكبير', 9, '2023-09-18 11:24:40', '2023-09-18 11:24:40', NULL),
(205, 'أبو صوير', 9, '2023-09-18 11:24:40', '2023-09-18 11:24:40', NULL),
(206, 'القصاصين الجديدة', 9, '2023-09-18 11:24:40', '2023-09-18 11:24:40', NULL),
(207, 'نفيشة', 9, '2023-09-18 11:24:40', '2023-09-18 11:24:40', NULL),
(208, 'الشيخ زايد', 9, '2023-09-18 11:24:40', '2023-09-18 11:24:40', NULL),
(209, 'شبين الكوم', 10, '2023-09-18 11:24:40', '2023-09-18 11:24:40', NULL),
(210, 'مدينة السادات', 10, '2023-09-18 11:24:40', '2023-09-18 11:24:40', NULL),
(211, 'منوف', 10, '2023-09-18 11:24:40', '2023-09-18 11:24:40', NULL),
(212, 'سرس الليان', 10, '2023-09-18 11:24:40', '2023-09-18 11:24:40', NULL),
(213, 'أشمون', 10, '2023-09-18 11:24:40', '2023-09-18 11:24:40', NULL),
(214, 'الباجور', 10, '2023-09-18 11:24:40', '2023-09-18 11:24:40', NULL),
(215, 'قويسنا', 10, '2023-09-18 11:24:40', '2023-09-18 11:24:40', NULL),
(216, 'بركة السبع', 10, '2023-09-18 11:24:40', '2023-09-18 11:24:40', NULL),
(217, 'تلا', 10, '2023-09-18 11:24:40', '2023-09-18 11:24:40', NULL),
(218, 'الشهداء', 10, '2023-09-18 11:24:40', '2023-09-18 11:24:40', NULL),
(219, 'المنيا', 11, '2023-09-18 11:24:40', '2023-09-18 11:24:40', NULL),
(220, 'المنيا الجديدة', 11, '2023-09-18 11:24:40', '2023-09-18 11:24:40', NULL),
(221, 'العدوة', 11, '2023-09-18 11:24:40', '2023-09-18 11:24:40', NULL),
(222, 'مغاغة', 11, '2023-09-18 11:24:40', '2023-09-18 11:24:40', NULL),
(223, 'بني مزار', 11, '2023-09-18 11:24:40', '2023-09-18 11:24:40', NULL),
(224, 'مطاي', 11, '2023-09-18 11:24:40', '2023-09-18 11:24:40', NULL),
(225, 'سمالوط', 11, '2023-09-18 11:24:40', '2023-09-18 11:24:40', NULL),
(226, 'المدينة الفكرية', 11, '2023-09-18 11:24:40', '2023-09-18 11:24:40', NULL),
(227, 'ملوي', 11, '2023-09-18 11:24:40', '2023-09-18 11:24:40', NULL),
(228, 'دير مواس', 11, '2023-09-18 11:24:40', '2023-09-18 11:24:40', NULL),
(229, 'ابو قرقاص', 11, '2023-09-18 11:24:40', '2023-09-18 11:24:40', NULL),
(230, 'ارض سلطان', 11, '2023-09-18 11:24:40', '2023-09-18 11:24:40', NULL),
(231, 'بنها', 12, '2023-09-18 11:24:40', '2023-09-18 11:24:40', NULL),
(232, 'قليوب', 12, '2023-09-18 11:24:40', '2023-09-18 11:24:40', NULL),
(233, 'شبرا الخيمة', 12, '2023-09-18 11:24:40', '2023-09-18 11:24:40', NULL),
(234, 'القناطر الخيرية', 12, '2023-09-18 11:24:40', '2023-09-18 11:24:40', NULL),
(235, 'الخانكة', 12, '2023-09-18 11:24:40', '2023-09-18 11:24:40', NULL),
(236, 'كفر شكر', 12, '2023-09-18 11:24:40', '2023-09-18 11:24:40', NULL),
(237, 'طوخ', 12, '2023-09-18 11:24:40', '2023-09-18 11:24:40', NULL),
(238, 'قها', 12, '2023-09-18 11:24:40', '2023-09-18 11:24:40', NULL),
(239, 'العبور', 12, '2023-09-18 11:24:40', '2023-09-18 11:24:40', NULL),
(240, 'الخصوص', 12, '2023-09-18 11:24:40', '2023-09-18 11:24:40', NULL),
(241, 'شبين القناطر', 12, '2023-09-18 11:24:40', '2023-09-18 11:24:40', NULL),
(242, 'مسطرد', 12, '2023-09-18 11:24:40', '2023-09-18 11:24:40', NULL),
(243, 'الخارجة', 13, '2023-09-18 11:24:40', '2023-09-18 11:24:40', NULL),
(244, 'باريس', 13, '2023-09-18 11:24:40', '2023-09-18 11:24:40', NULL),
(245, 'موط', 13, '2023-09-18 11:24:40', '2023-09-18 11:24:40', NULL),
(246, 'الفرافرة', 13, '2023-09-18 11:24:40', '2023-09-18 11:24:40', NULL),
(247, 'بلاط', 13, '2023-09-18 11:24:40', '2023-09-18 11:24:40', NULL),
(248, 'الداخلة', 13, '2023-09-18 11:24:40', '2023-09-18 11:24:40', NULL),
(249, 'السويس', 14, '2023-09-18 11:24:40', '2023-09-18 11:24:40', NULL),
(250, 'الجناين', 14, '2023-09-18 11:24:40', '2023-09-18 11:24:40', NULL),
(251, 'عتاقة', 14, '2023-09-18 11:24:40', '2023-09-18 11:24:40', NULL),
(252, 'العين السخنة', 14, '2023-09-18 11:24:40', '2023-09-18 11:24:40', NULL),
(253, 'فيصل', 14, '2023-09-18 11:24:40', '2023-09-18 11:24:40', NULL),
(254, 'أسوان', 15, '2023-09-18 11:24:40', '2023-09-18 11:24:40', NULL),
(255, 'أسوان الجديدة', 15, '2023-09-18 11:24:40', '2023-09-18 11:24:40', NULL),
(256, 'دراو', 15, '2023-09-18 11:24:40', '2023-09-18 11:24:40', NULL),
(257, 'كوم أمبو', 15, '2023-09-18 11:24:40', '2023-09-18 11:24:40', NULL),
(258, 'نصر النوبة', 15, '2023-09-18 11:24:40', '2023-09-18 11:24:40', NULL),
(259, 'كلابشة', 15, '2023-09-18 11:24:40', '2023-09-18 11:24:40', NULL),
(260, 'إدفو', 15, '2023-09-18 11:24:40', '2023-09-18 11:24:40', NULL),
(261, 'الرديسية', 15, '2023-09-18 11:24:40', '2023-09-18 11:24:40', NULL),
(262, 'البصيلية', 15, '2023-09-18 11:24:40', '2023-09-18 11:24:40', NULL),
(263, 'السباعية', 15, '2023-09-18 11:24:40', '2023-09-18 11:24:40', NULL),
(264, 'ابوسمبل السياحية', 15, '2023-09-18 11:24:40', '2023-09-18 11:24:40', NULL),
(265, 'مرسى علم', 15, '2023-09-18 11:24:40', '2023-09-18 11:24:40', NULL),
(266, 'أسيوط', 16, '2023-09-18 11:24:40', '2023-09-18 11:24:40', NULL),
(267, 'أسيوط الجديدة', 16, '2023-09-18 11:24:40', '2023-09-18 11:24:40', NULL),
(268, 'ديروط', 16, '2023-09-18 11:24:40', '2023-09-18 11:24:40', NULL),
(269, 'منفلوط', 16, '2023-09-18 11:24:40', '2023-09-18 11:24:40', NULL),
(270, 'القوصية', 16, '2023-09-18 11:24:40', '2023-09-18 11:24:40', NULL),
(271, 'أبنوب', 16, '2023-09-18 11:24:40', '2023-09-18 11:24:40', NULL),
(272, 'أبو تيج', 16, '2023-09-18 11:24:40', '2023-09-18 11:24:40', NULL),
(273, 'الغنايم', 16, '2023-09-18 11:24:40', '2023-09-18 11:24:40', NULL),
(274, 'ساحل سليم', 16, '2023-09-18 11:24:40', '2023-09-18 11:24:40', NULL),
(275, 'البداري', 16, '2023-09-18 11:24:40', '2023-09-18 11:24:40', NULL),
(276, 'صدفا', 16, '2023-09-18 11:24:40', '2023-09-18 11:24:40', NULL),
(277, 'بني سويف', 17, '2023-09-18 11:24:40', '2023-09-18 11:24:40', NULL),
(278, 'بني سويف الجديدة', 17, '2023-09-18 11:24:40', '2023-09-18 11:24:40', NULL),
(279, 'الواسطى', 17, '2023-09-18 11:24:40', '2023-09-18 11:24:40', NULL),
(280, 'ناصر', 17, '2023-09-18 11:24:40', '2023-09-18 11:24:40', NULL),
(281, 'إهناسيا', 17, '2023-09-18 11:24:40', '2023-09-18 11:24:40', NULL),
(282, 'ببا', 17, '2023-09-18 11:24:40', '2023-09-18 11:24:40', NULL),
(283, 'الفشن', 17, '2023-09-18 11:24:40', '2023-09-18 11:24:40', NULL),
(284, 'سمسطا', 17, '2023-09-18 11:24:40', '2023-09-18 11:24:40', NULL),
(285, 'الاباصيرى', 17, '2023-09-18 11:24:40', '2023-09-18 11:24:40', NULL),
(286, 'مقبل', 17, '2023-09-18 11:24:40', '2023-09-18 11:24:40', NULL),
(287, 'بورسعيد', 18, '2023-09-18 11:24:40', '2023-09-18 11:24:40', NULL),
(288, 'بورفؤاد', 18, '2023-09-18 11:24:40', '2023-09-18 11:24:40', NULL),
(289, 'العرب', 18, '2023-09-18 11:24:40', '2023-09-18 11:24:40', NULL),
(290, 'حى الزهور', 18, '2023-09-18 11:24:40', '2023-09-18 11:24:40', NULL),
(291, 'حى الشرق', 18, '2023-09-18 11:24:40', '2023-09-18 11:24:40', NULL),
(292, 'حى الضواحى', 18, '2023-09-18 11:24:40', '2023-09-18 11:24:40', NULL),
(293, 'حى المناخ', 18, '2023-09-18 11:24:40', '2023-09-18 11:24:40', NULL),
(294, 'حى مبارك', 18, '2023-09-18 11:24:40', '2023-09-18 11:24:40', NULL),
(295, 'دمياط', 19, '2023-09-18 11:24:40', '2023-09-18 11:24:40', NULL),
(296, 'دمياط الجديدة', 19, '2023-09-18 11:24:40', '2023-09-18 11:24:40', NULL),
(297, 'رأس البر', 19, '2023-09-18 11:24:40', '2023-09-18 11:24:40', NULL),
(298, 'فارسكور', 19, '2023-09-18 11:24:40', '2023-09-18 11:24:40', NULL),
(299, 'الزرقا', 19, '2023-09-18 11:24:40', '2023-09-18 11:24:40', NULL),
(300, 'السرو', 19, '2023-09-18 11:24:40', '2023-09-18 11:24:40', NULL),
(301, 'الروضة', 19, '2023-09-18 11:24:40', '2023-09-18 11:24:40', NULL),
(302, 'كفر البطيخ', 19, '2023-09-18 11:24:40', '2023-09-18 11:24:40', NULL),
(303, 'عزبة البرج', 19, '2023-09-18 11:24:40', '2023-09-18 11:24:40', NULL),
(304, 'ميت أبو غالب', 19, '2023-09-18 11:24:40', '2023-09-18 11:24:40', NULL),
(305, 'كفر سعد', 19, '2023-09-18 11:24:40', '2023-09-18 11:24:40', NULL),
(306, 'الزقازيق', 20, '2023-09-18 11:24:40', '2023-09-18 11:24:40', NULL),
(307, 'العاشر من رمضان', 20, '2023-09-18 11:24:40', '2023-09-18 11:24:40', NULL),
(308, 'منيا القمح', 20, '2023-09-18 11:24:40', '2023-09-18 11:24:40', NULL),
(309, 'بلبيس', 20, '2023-09-18 11:24:40', '2023-09-18 11:24:40', NULL),
(310, 'مشتول السوق', 20, '2023-09-18 11:24:40', '2023-09-18 11:24:40', NULL),
(311, 'القنايات', 20, '2023-09-18 11:24:40', '2023-09-18 11:24:40', NULL),
(312, 'أبو حماد', 20, '2023-09-18 11:24:40', '2023-09-18 11:24:40', NULL),
(313, 'القرين', 20, '2023-09-18 11:24:40', '2023-09-18 11:24:40', NULL),
(314, 'ههيا', 20, '2023-09-18 11:24:40', '2023-09-18 11:24:40', NULL),
(315, 'أبو كبير', 20, '2023-09-18 11:24:40', '2023-09-18 11:24:40', NULL),
(316, 'فاقوس', 20, '2023-09-18 11:24:40', '2023-09-18 11:24:40', NULL),
(317, 'الصالحية الجديدة', 20, '2023-09-18 11:24:40', '2023-09-18 11:24:40', NULL),
(318, 'الإبراهيمية', 20, '2023-09-18 11:24:40', '2023-09-18 11:24:40', NULL),
(319, 'ديرب نجم', 20, '2023-09-18 11:24:40', '2023-09-18 11:24:40', NULL),
(320, 'كفر صقر', 20, '2023-09-18 11:24:40', '2023-09-18 11:24:40', NULL),
(321, 'أولاد صقر', 20, '2023-09-18 11:24:40', '2023-09-18 11:24:40', NULL),
(322, 'الحسينية', 20, '2023-09-18 11:24:40', '2023-09-18 11:24:40', NULL),
(323, 'صان الحجر القبلية', 20, '2023-09-18 11:24:40', '2023-09-18 11:24:40', NULL),
(324, 'منشأة أبو عمر', 20, '2023-09-18 11:24:40', '2023-09-18 11:24:40', NULL),
(325, 'الطور', 21, '2023-09-18 11:24:40', '2023-09-18 11:24:40', NULL),
(326, 'شرم الشيخ', 21, '2023-09-18 11:24:40', '2023-09-18 11:24:40', NULL),
(327, 'دهب', 21, '2023-09-18 11:24:40', '2023-09-18 11:24:40', NULL),
(328, 'نويبع', 21, '2023-09-18 11:24:40', '2023-09-18 11:24:40', NULL),
(329, 'طابا', 21, '2023-09-18 11:24:40', '2023-09-18 11:24:40', NULL),
(330, 'سانت كاترين', 21, '2023-09-18 11:24:40', '2023-09-18 11:24:40', NULL),
(331, 'أبو رديس', 21, '2023-09-18 11:24:40', '2023-09-18 11:24:40', NULL),
(332, 'أبو زنيمة', 21, '2023-09-18 11:24:40', '2023-09-18 11:24:40', NULL),
(333, 'رأس سدر', 21, '2023-09-18 11:24:40', '2023-09-18 11:24:40', NULL),
(334, 'كفر الشيخ', 22, '2023-09-18 11:24:40', '2023-09-18 11:24:40', NULL),
(335, 'وسط البلد كفر الشيخ', 22, '2023-09-18 11:24:40', '2023-09-18 11:24:40', NULL),
(336, 'دسوق', 22, '2023-09-18 11:24:40', '2023-09-18 11:24:40', NULL),
(337, 'فوه', 22, '2023-09-18 11:24:40', '2023-09-18 11:24:40', NULL),
(338, 'مطوبس', 22, '2023-09-18 11:24:40', '2023-09-18 11:24:40', NULL),
(339, 'برج البرلس', 22, '2023-09-18 11:24:40', '2023-09-18 11:24:40', NULL),
(340, 'بلطيم', 22, '2023-09-18 11:24:40', '2023-09-18 11:24:40', NULL),
(341, 'مصيف بلطيم', 22, '2023-09-18 11:24:40', '2023-09-18 11:24:40', NULL),
(342, 'الحامول', 22, '2023-09-18 11:24:40', '2023-09-18 11:24:40', NULL),
(343, 'بيلا', 22, '2023-09-18 11:24:40', '2023-09-18 11:24:40', NULL),
(344, 'الرياض', 22, '2023-09-18 11:24:40', '2023-09-18 11:24:40', NULL),
(345, 'سيدي سالم', 22, '2023-09-18 11:24:40', '2023-09-18 11:24:40', NULL),
(346, 'قلين', 22, '2023-09-18 11:24:40', '2023-09-18 11:24:40', NULL),
(347, 'سيدي غازي', 22, '2023-09-18 11:24:40', '2023-09-18 11:24:40', NULL),
(348, 'مرسى مطروح', 23, '2023-09-18 11:24:40', '2023-09-18 11:24:40', NULL),
(349, 'الحمام', 23, '2023-09-18 11:24:40', '2023-09-18 11:24:40', NULL),
(350, 'العلمين', 23, '2023-09-18 11:24:40', '2023-09-18 11:24:40', NULL),
(351, 'الضبعة', 23, '2023-09-18 11:24:40', '2023-09-18 11:24:40', NULL),
(352, 'النجيلة', 23, '2023-09-18 11:24:40', '2023-09-18 11:24:40', NULL),
(353, 'سيدي براني', 23, '2023-09-18 11:24:40', '2023-09-18 11:24:40', NULL),
(354, 'السلوم', 23, '2023-09-18 11:24:40', '2023-09-18 11:24:40', NULL),
(355, 'سيوة', 23, '2023-09-18 11:24:40', '2023-09-18 11:24:40', NULL),
(356, 'مارينا', 23, '2023-09-18 11:24:40', '2023-09-18 11:24:40', NULL),
(357, 'الساحل الشمالى', 23, '2023-09-18 11:24:40', '2023-09-18 11:24:40', NULL),
(358, 'الأقصر', 24, '2023-09-18 11:24:40', '2023-09-18 11:24:40', NULL),
(359, 'الأقصر الجديدة', 24, '2023-09-18 11:24:40', '2023-09-18 11:24:40', NULL),
(360, 'إسنا', 24, '2023-09-18 11:24:40', '2023-09-18 11:24:40', NULL),
(361, 'طيبة الجديدة', 24, '2023-09-18 11:24:40', '2023-09-18 11:24:40', NULL),
(362, 'الزينية', 24, '2023-09-18 11:24:40', '2023-09-18 11:24:40', NULL),
(363, 'البياضية', 24, '2023-09-18 11:24:40', '2023-09-18 11:24:40', NULL),
(364, 'القرنة', 24, '2023-09-18 11:24:40', '2023-09-18 11:24:40', NULL),
(365, 'أرمنت', 24, '2023-09-18 11:24:40', '2023-09-18 11:24:40', NULL),
(366, 'الطود', 24, '2023-09-18 11:24:40', '2023-09-18 11:24:40', NULL),
(367, 'قنا', 25, '2023-09-18 11:24:40', '2023-09-18 11:24:40', NULL),
(368, 'قنا الجديدة', 25, '2023-09-18 11:24:40', '2023-09-18 11:24:40', NULL),
(369, 'ابو طشت', 25, '2023-09-18 11:24:40', '2023-09-18 11:24:40', NULL),
(370, 'نجع حمادي', 25, '2023-09-18 11:24:40', '2023-09-18 11:24:40', NULL),
(371, 'دشنا', 25, '2023-09-18 11:24:40', '2023-09-18 11:24:40', NULL),
(372, 'الوقف', 25, '2023-09-18 11:24:40', '2023-09-18 11:24:40', NULL),
(373, 'قفط', 25, '2023-09-18 11:24:40', '2023-09-18 11:24:40', NULL),
(374, 'نقادة', 25, '2023-09-18 11:24:41', '2023-09-18 11:24:41', NULL),
(375, 'فرشوط', 25, '2023-09-18 11:24:41', '2023-09-18 11:24:41', NULL),
(376, 'قوص', 25, '2023-09-18 11:24:41', '2023-09-18 11:24:41', NULL),
(377, 'العريش', 26, '2023-09-18 11:24:41', '2023-09-18 11:24:41', NULL),
(378, 'الشيخ زويد', 26, '2023-09-18 11:24:41', '2023-09-18 11:24:41', NULL),
(379, 'نخل', 26, '2023-09-18 11:24:41', '2023-09-18 11:24:41', NULL),
(380, 'رفح', 26, '2023-09-18 11:24:41', '2023-09-18 11:24:41', NULL),
(381, 'بئر العبد', 26, '2023-09-18 11:24:41', '2023-09-18 11:24:41', NULL),
(382, 'الحسنة', 26, '2023-09-18 11:24:41', '2023-09-18 11:24:41', NULL),
(383, 'سوهاج', 27, '2023-09-18 11:24:41', '2023-09-18 11:24:41', NULL),
(384, 'سوهاج الجديدة', 27, '2023-09-18 11:24:41', '2023-09-18 11:24:41', NULL),
(385, 'أخميم', 27, '2023-09-18 11:24:41', '2023-09-18 11:24:41', NULL),
(386, 'أخميم الجديدة', 27, '2023-09-18 11:24:41', '2023-09-18 11:24:41', NULL),
(387, 'البلينا', 27, '2023-09-18 11:24:41', '2023-09-18 11:24:41', NULL),
(388, 'المراغة', 27, '2023-09-18 11:24:41', '2023-09-18 11:24:41', NULL),
(389, 'المنشأة', 27, '2023-09-18 11:24:41', '2023-09-18 11:24:41', NULL),
(390, 'دار السلام', 27, '2023-09-18 11:24:41', '2023-09-18 11:24:41', NULL),
(391, 'جرجا', 27, '2023-09-18 11:24:41', '2023-09-18 11:24:41', NULL),
(392, 'جهينة الغربية', 27, '2023-09-18 11:24:41', '2023-09-18 11:24:41', NULL),
(393, 'ساقلته', 27, '2023-09-18 11:24:41', '2023-09-18 11:24:41', NULL),
(394, 'طما', 27, '2023-09-18 11:24:41', '2023-09-18 11:24:41', NULL),
(395, 'طهطا', 27, '2023-09-18 11:24:41', '2023-09-18 11:24:41', NULL),
(396, 'الكوثر', 27, '2023-09-18 11:24:41', '2023-09-18 11:24:41', NULL),
(397, 'مدينة نصر', 1, '2023-11-30 07:06:17', '2023-11-30 07:06:17', NULL),
(398, '', 1, '2023-11-30 10:19:43', '2023-11-30 10:19:43', NULL),
(399, 'مصر الجديدة', 1, '2023-11-30 11:56:24', '2023-11-30 11:56:24', NULL),
(404, 'المعادي', 1, '2023-12-15 22:29:04', '2023-12-15 22:29:04', NULL),
(405, 'مدينة الرحب', 1, '2023-12-15 22:29:04', '2023-12-15 22:29:04', NULL),
(406, 'مدينة  نصر', 1, '2023-12-15 22:29:04', '2023-12-15 22:29:04', NULL),
(407, 'الزيتون', 1, '2023-12-18 07:37:09', '2023-12-18 07:37:09', NULL),
(408, 'اخري', 1, '2023-12-18 10:13:17', '2023-12-18 10:13:17', NULL),
(411, 'المعادي', 1, NULL, NULL, NULL),
(412, 'مصر الجديدة', 1, NULL, NULL, NULL),
(413, 'مدينة نصر', 1, NULL, NULL, NULL),
(414, 'الزمالك', 1, NULL, NULL, NULL),
(415, 'وسط البلد', 1, NULL, NULL, NULL),
(416, 'المقطم', 1, NULL, NULL, NULL),
(417, 'مدينة الرحاب', 1, NULL, NULL, NULL),
(418, 'التجمع الخامس', 1, NULL, NULL, NULL),
(419, 'عين شمس', 1, NULL, NULL, NULL),
(420, 'حلوان', 1, NULL, NULL, NULL),
(421, 'شبرا', 1, NULL, NULL, NULL),
(422, 'المرج', 1, NULL, NULL, NULL),
(423, 'مدينة بدر', 1, NULL, NULL, NULL),
(424, 'المعادى الجديدة', 1, NULL, NULL, NULL),
(425, 'النزهة', 1, NULL, NULL, NULL),
(426, 'حدائق القبة', 1, NULL, NULL, NULL),
(427, 'العباسية', 1, NULL, NULL, NULL),
(428, 'المنيل', 1, NULL, NULL, NULL),
(429, 'دار السلام', 1, NULL, NULL, NULL),
(430, 'الظاهر', 1, NULL, NULL, NULL),
(431, 'عزبة النخل', 1, NULL, NULL, NULL),
(432, 'السيدة زينب', 1, NULL, NULL, NULL),
(433, 'الدراسة', 1, NULL, NULL, NULL),
(434, 'باب الشعرية', 1, NULL, NULL, NULL),
(435, 'الزاوية الحمراء', 1, NULL, NULL, NULL),
(436, 'الشرابية', 1, NULL, NULL, NULL),
(437, 'القلعة', 1, NULL, NULL, NULL),
(438, 'المنيرة', 1, NULL, NULL, NULL),
(439, 'المرج الجديدة', 1, NULL, NULL, NULL),
(440, 'منشية ناصر', 1, NULL, NULL, NULL),
(441, 'حدائق حلوان', 1, NULL, NULL, NULL),
(442, 'الحلمية', 1, NULL, NULL, NULL),
(443, 'الفسطاط', 1, NULL, NULL, NULL),
(444, 'الوراق', 1, NULL, NULL, NULL),
(445, 'أرض اللواء', 1, NULL, NULL, NULL),
(446, 'المرج القديمة', 1, NULL, NULL, NULL),
(447, 'روض الفرج', 1, NULL, NULL, NULL),
(448, 'الكيت كات', 1, NULL, NULL, NULL),
(449, 'حى السفارات', 1, NULL, NULL, NULL),
(450, 'التجمع الأول', 1, NULL, NULL, NULL),
(451, 'الشيخ زايد', 1, NULL, NULL, NULL),
(452, 'الشروق', 1, NULL, NULL, NULL),
(453, 'القطامية', 1, NULL, NULL, NULL),
(454, 'المعراج', 1, NULL, NULL, NULL),
(455, 'عين شمس الغربية', 1, NULL, NULL, NULL),
(456, 'عرب غنيم', 1, NULL, NULL, NULL),
(457, 'حى الزيتون', 1, NULL, NULL, NULL),
(458, 'حى المعادى', 1, NULL, NULL, NULL),
(459, 'حى غرب القاهرة', 1, NULL, NULL, NULL),
(460, 'سموحة', 30, NULL, NULL, NULL),
(461, 'العصافرة', 30, NULL, NULL, NULL),
(462, 'المنشية', 30, NULL, NULL, NULL),
(463, 'محرم بك', 30, NULL, NULL, NULL),
(464, 'سان ستيفانو', 30, NULL, NULL, NULL),
(465, 'الجمرك', 30, NULL, NULL, NULL),
(466, 'المنتزه', 30, NULL, NULL, NULL),
(467, 'كامب شيزار', 30, NULL, NULL, NULL),
(468, 'سموحة الجديدة', 30, NULL, NULL, NULL),
(469, 'المعمورة', 30, NULL, NULL, NULL),
(470, 'العامرية', 30, NULL, NULL, NULL),
(471, 'الدخيلة', 30, NULL, NULL, NULL),
(472, 'السيوف', 30, NULL, NULL, NULL),
(473, 'باب شرق', 30, NULL, NULL, NULL),
(474, 'الساحل', 30, NULL, NULL, NULL),
(475, 'الشاطبى', 30, NULL, NULL, NULL),
(476, 'كرموز', 30, NULL, NULL, NULL),
(477, 'العامرية الجديدة', 30, NULL, NULL, NULL),
(478, 'أبوقير', 30, NULL, NULL, NULL),
(479, 'العوايد', 30, NULL, NULL, NULL),
(480, 'محطة الرمل', 30, NULL, NULL, NULL),
(481, 'الأنفوشى', 30, NULL, NULL, NULL),
(482, 'علي بن أبي طالب', 30, NULL, NULL, NULL),
(483, 'السان ستيفانو', 30, NULL, NULL, NULL),
(484, 'حى المنتزه', 30, NULL, NULL, NULL),
(485, 'المكس', 30, NULL, NULL, NULL),
(486, 'الدقي', 2, NULL, NULL, NULL),
(487, 'الهرم', 2, NULL, NULL, NULL),
(488, 'فيصل', 2, NULL, NULL, NULL),
(489, 'المهندسين', 2, NULL, NULL, NULL),
(490, '6 أكتوبر', 2, NULL, NULL, NULL),
(491, 'الشيخ زايد', 2, NULL, NULL, NULL),
(492, 'العجوزة', 2, NULL, NULL, NULL),
(493, 'البدرشين', 2, NULL, NULL, NULL),
(494, 'الحوامدية', 2, NULL, NULL, NULL),
(495, 'كرداسة', 2, NULL, NULL, NULL),
(496, 'أبو النمرس', 2, NULL, NULL, NULL),
(497, 'أوسيم', 2, NULL, NULL, NULL),
(498, 'الوراق', 2, NULL, NULL, NULL),
(499, 'صفط اللبن', 2, NULL, NULL, NULL),
(500, 'أبو رواش', 2, NULL, NULL, NULL),
(501, 'المنيب', 2, NULL, NULL, NULL),
(502, 'الجيزة الجديدة', 2, NULL, NULL, NULL),
(503, 'منشأة القناطر', 2, NULL, NULL, NULL),
(504, 'القرية الذكية', 2, NULL, NULL, NULL),
(505, 'أرض اللواء', 2, NULL, NULL, NULL),
(506, 'الكيت كات', 2, NULL, NULL, NULL),
(507, 'البرك', 2, NULL, NULL, NULL),
(508, 'ساقية مكى', 2, NULL, NULL, NULL),
(509, 'ناهيا', 2, NULL, NULL, NULL),
(510, 'دهشور', 2, NULL, NULL, NULL),
(511, 'الربوة', 57, NULL, NULL, NULL),
(512, 'الملز', 57, NULL, NULL, NULL),
(513, 'العليا', 57, NULL, NULL, NULL),
(514, 'النسيم', 57, NULL, NULL, NULL),
(515, 'العزيزية', 57, NULL, NULL, NULL),
(516, 'السليمانية', 57, NULL, NULL, NULL),
(517, 'الشفا', 57, NULL, NULL, NULL),
(518, 'الشميسي', 57, NULL, NULL, NULL),
(519, 'الوزارات', 57, NULL, NULL, NULL),
(520, 'البلد', 58, NULL, NULL, NULL),
(521, 'الروضة', 58, NULL, NULL, NULL),
(522, 'الفيصلية', 58, NULL, NULL, NULL),
(523, 'الحمراء', 58, NULL, NULL, NULL),
(524, 'السلامة', 58, NULL, NULL, NULL),
(525, 'النهضة', 58, NULL, NULL, NULL),
(526, 'الشاطئ', 58, NULL, NULL, NULL),
(527, 'الحرة', 58, NULL, NULL, NULL),
(528, 'الكندرة', 58, NULL, NULL, NULL),
(529, 'العزيزية', 59, NULL, NULL, NULL),
(530, 'الشرائع', 59, NULL, NULL, NULL),
(531, 'الخالدية', 59, NULL, NULL, NULL),
(532, 'المنسك', 59, NULL, NULL, NULL),
(533, 'النزلة', 59, NULL, NULL, NULL),
(534, 'الفيحاء', 59, NULL, NULL, NULL),
(535, 'الحرة', 59, NULL, NULL, NULL),
(536, 'الحمراء', 59, NULL, NULL, NULL),
(537, 'المرور', 82, NULL, NULL, NULL),
(538, 'المركز', 82, NULL, NULL, NULL),
(539, 'النادي السياحي', 82, NULL, NULL, NULL),
(540, 'البطين', 82, NULL, NULL, NULL),
(541, 'المرس', 82, NULL, NULL, NULL),
(542, 'الظفرة', 82, NULL, NULL, NULL),
(543, 'الخالدية', 82, NULL, NULL, NULL),
(544, 'الرمة', 82, NULL, NULL, NULL),
(545, 'الزاهية', 82, NULL, NULL, NULL),
(546, 'بر دبي', 83, NULL, NULL, NULL),
(547, 'دبي مارينا', 83, NULL, NULL, NULL),
(548, 'البرشاء', 83, NULL, NULL, NULL),
(549, 'القوز', 83, NULL, NULL, NULL),
(550, 'الجميرا', 83, NULL, NULL, NULL),
(551, 'الساتوا', 83, NULL, NULL, NULL),
(552, 'الخليج التجاري', 83, NULL, NULL, NULL),
(553, 'الشارقة القديمة', 84, NULL, NULL, NULL),
(554, 'النهدة', 84, NULL, NULL, NULL),
(555, 'النهدة', 84, NULL, NULL, NULL),
(556, 'الحلية', 84, NULL, NULL, NULL),
(557, 'الرحمانية', 84, NULL, NULL, NULL),
(558, 'النعيمية', 85, NULL, NULL, NULL),
(559, 'الراشدية', 85, NULL, NULL, NULL),
(560, 'الجرف', 85, NULL, NULL, NULL),
(561, 'الحميدية', 85, NULL, NULL, NULL),
(562, 'النخيل', 86, NULL, NULL, NULL),
(563, 'المعامير', 86, NULL, NULL, NULL),
(564, 'المعيريج', 86, NULL, NULL, NULL),
(565, 'خزان', 86, NULL, NULL, NULL),
(566, 'الفجيرة', 87, NULL, NULL, NULL),
(567, 'دبا الفجيرة', 87, NULL, NULL, NULL),
(568, 'مسافي', 87, NULL, NULL, NULL),
(569, 'أم القيوين', 88, NULL, NULL, NULL),
(570, 'الرميثية', 88, NULL, NULL, NULL),
(571, 'الراشدية', 88, NULL, NULL, NULL);

-- --------------------------------------------------------

--
-- Table structure for table `attachments`
--

CREATE TABLE `attachments` (
  `id` bigint(20) UNSIGNED NOT NULL,
  `attachment_name` varchar(255) DEFAULT NULL,
  `attachment` varchar(255) DEFAULT '0',
  `customer_id` bigint(20) UNSIGNED DEFAULT 0,
  `created_at` timestamp NULL DEFAULT NULL,
  `updated_at` timestamp NULL DEFAULT NULL,
  `deleted_at` timestamp NULL DEFAULT NULL,
  `type` varchar(255) DEFAULT NULL,
  `size` varchar(255) DEFAULT NULL,
  `ticket_reply_id` bigint(20) UNSIGNED DEFAULT NULL,
  `ticket_id` bigint(20) UNSIGNED DEFAULT NULL
) ENGINE=InnoDB DEFAULT CHARSET=utf8mb4 COLLATE=utf8mb4_unicode_ci;

-- --------------------------------------------------------

--
-- Table structure for table `branches`
--

CREATE TABLE `branches` (
  `id` bigint(20) UNSIGNED NOT NULL,
  `name` varchar(255) DEFAULT NULL,
  `code` varchar(192) DEFAULT NULL,
  `created_at` timestamp NULL DEFAULT NULL,
  `updated_at` timestamp NULL DEFAULT NULL,
  `deleted_at` timestamp NULL DEFAULT NULL
) ENGINE=InnoDB DEFAULT CHARSET=utf8mb4 COLLATE=utf8mb4_unicode_ci;

--
-- Dumping data for table `branches`
--

INSERT INTO `branches` (`id`, `name`, `code`, `created_at`, `updated_at`, `deleted_at`) VALUES
(1, 'المركز الرئيسي', '01', '2024-01-30 11:00:40', '2024-02-03 09:38:28', NULL),
(2, 'المعادي', '02', '2024-01-30 11:00:49', '2024-02-03 09:38:39', NULL),
(3, 'الاسكندرية', '03', '2024-02-08 13:09:13', '2024-02-08 13:09:13', NULL);

-- --------------------------------------------------------

--
-- Table structure for table `campaigns`
--

CREATE TABLE `campaigns` (
  `id` bigint(20) UNSIGNED NOT NULL,
  `name` varchar(255) DEFAULT NULL,
  `url` varchar(255) DEFAULT NULL,
  `activity_id` bigint(20) UNSIGNED DEFAULT NULL,
  `interest_id` bigint(20) UNSIGNED DEFAULT NULL,
  `contact_source_id` bigint(20) UNSIGNED DEFAULT NULL,
  `created_at` timestamp NULL DEFAULT NULL,
  `updated_at` timestamp NULL DEFAULT NULL,
  `deleted_at` timestamp NULL DEFAULT NULL
) ENGINE=InnoDB DEFAULT CHARSET=utf8mb4 COLLATE=utf8mb4_unicode_ci;

--
-- Dumping data for table `campaigns`
--

INSERT INTO `campaigns` (`id`, `name`, `url`, `activity_id`, `interest_id`, `contact_source_id`, `created_at`, `updated_at`, `deleted_at`) VALUES
(1, 'campaign 1', 'url', 1, 1, 1, '2024-01-30 11:09:27', '2024-01-30 11:09:27', NULL),
(2, 'campaign 2', 'url 2', 2, 2, 2, '2024-01-30 11:09:27', '2024-01-30 11:09:27', NULL);

-- --------------------------------------------------------

--
-- Table structure for table `categories`
--

CREATE TABLE `categories` (
  `id` bigint(20) UNSIGNED NOT NULL,
  `name` varchar(255) DEFAULT NULL,
  `parent_id` bigint(20) UNSIGNED DEFAULT NULL,
  `created_at` timestamp NULL DEFAULT NULL,
  `updated_at` timestamp NULL DEFAULT NULL
) ENGINE=InnoDB DEFAULT CHARSET=utf8mb4 COLLATE=utf8mb4_unicode_ci;

-- --------------------------------------------------------

--
-- Table structure for table `cities`
--

CREATE TABLE `cities` (
  `id` bigint(20) UNSIGNED NOT NULL,
  `name` varchar(255) DEFAULT NULL,
  `country_id` bigint(20) UNSIGNED DEFAULT NULL,
  `created_at` timestamp NULL DEFAULT NULL,
  `updated_at` timestamp NULL DEFAULT NULL,
  `deleted_at` timestamp NULL DEFAULT NULL
) ENGINE=InnoDB DEFAULT CHARSET=utf8mb4 COLLATE=utf8mb4_unicode_ci;

--
-- Dumping data for table `cities`
--

INSERT INTO `cities` (`id`, `name`, `country_id`, `created_at`, `updated_at`, `deleted_at`) VALUES
(1, 'القاهرة', 63, NULL, NULL, NULL),
(2, 'الجيزة', 63, NULL, NULL, NULL),
(3, 'الأسكندرية', 63, NULL, NULL, NULL),
(4, 'الدقهلية', 63, NULL, NULL, NULL),
(5, 'البحر الأحمر', 63, NULL, NULL, NULL),
(6, 'البحيرة', 63, NULL, NULL, NULL),
(7, 'الفيوم', 63, NULL, NULL, NULL),
(8, 'الغربية', 63, NULL, NULL, NULL),
(9, 'الإسماعلية', 63, NULL, NULL, NULL),
(10, 'المنوفية', 63, NULL, NULL, NULL),
(11, 'المنيا', 63, NULL, NULL, NULL),
(12, 'القليوبية', 63, NULL, NULL, NULL),
(13, 'الوادي الجديد', 63, NULL, NULL, NULL),
(14, 'السويس', 63, NULL, NULL, NULL),
(15, 'اسوان', 63, NULL, NULL, NULL),
(16, 'اسيوط', 63, NULL, NULL, NULL),
(17, 'بني سويف', 63, NULL, NULL, NULL),
(18, 'بورسعيد', 63, NULL, NULL, NULL),
(19, 'دمياط', 63, NULL, NULL, NULL),
(20, 'الشرقية', 63, NULL, NULL, NULL),
(21, 'جنوب سيناء', 63, NULL, NULL, NULL),
(22, 'كفر الشيخ', 63, NULL, NULL, NULL),
(23, 'مطروح', 63, NULL, NULL, NULL),
(24, 'الأقصر', 63, NULL, NULL, NULL),
(25, 'قنا', 63, NULL, NULL, NULL),
(26, 'شمال سيناء', 63, NULL, NULL, NULL),
(27, 'سوهاج', 63, NULL, NULL, NULL),
(28, '', 63, '2023-11-30 10:19:43', '2023-11-30 10:19:43', NULL),
(29, 'القاهرة', 242, NULL, NULL, NULL),
(30, 'الإسكندرية', 242, NULL, NULL, NULL),
(31, 'الجيزة', 242, NULL, NULL, NULL),
(32, 'السويس', 242, NULL, NULL, NULL),
(33, 'المنصورة', 242, NULL, NULL, NULL),
(34, 'طنطا', 242, NULL, NULL, NULL),
(35, 'الأقصر', 242, NULL, NULL, NULL),
(36, 'أسوان', 242, NULL, NULL, NULL),
(37, 'شرم الشيخ', 242, NULL, NULL, NULL),
(38, 'الغردقة', 242, NULL, NULL, NULL),
(39, 'بورسعيد', 242, NULL, NULL, NULL),
(40, 'دمياط', 242, NULL, NULL, NULL),
(41, 'الإسماعيلية', 242, NULL, NULL, NULL),
(42, 'العريش', 242, NULL, NULL, NULL),
(43, 'الفيوم', 242, NULL, NULL, NULL),
(44, 'بني سويف', 242, NULL, NULL, NULL),
(45, 'المنيا', 242, NULL, NULL, NULL),
(46, 'سوهاج', 242, NULL, NULL, NULL),
(47, 'قنا', 242, NULL, NULL, NULL),
(48, 'مرسى مطروح', 242, NULL, NULL, NULL),
(49, 'السويس', 242, NULL, NULL, NULL),
(50, 'دمنهور', 242, NULL, NULL, NULL),
(51, 'الزقازيق', 242, NULL, NULL, NULL),
(52, 'أسيوط', 242, NULL, NULL, NULL),
(53, 'كفر الشيخ', 242, NULL, NULL, NULL),
(54, 'المنوفية', 242, NULL, NULL, NULL),
(55, 'بنها', 242, NULL, NULL, NULL),
(56, 'السويس', 242, NULL, NULL, NULL),
(57, 'الرياض', 243, NULL, NULL, NULL),
(58, 'جدة', 243, NULL, NULL, NULL),
(59, 'مكة المكرمة', 243, NULL, NULL, NULL),
(60, 'المدينة المنورة', 243, NULL, NULL, NULL),
(61, 'الدمام', 243, NULL, NULL, NULL),
(62, 'الأحساء', 243, NULL, NULL, NULL),
(63, 'القطيف', 243, NULL, NULL, NULL),
(64, 'خميس مشيط', 243, NULL, NULL, NULL),
(65, 'حائل', 243, NULL, NULL, NULL),
(66, 'الطائف', 243, NULL, NULL, NULL),
(67, 'تبوك', 243, NULL, NULL, NULL),
(68, 'الخبر', 243, NULL, NULL, NULL),
(69, 'أبها', 243, NULL, NULL, NULL),
(70, 'نجران', 243, NULL, NULL, NULL),
(71, 'ينبع', 243, NULL, NULL, NULL),
(72, 'بريدة', 243, NULL, NULL, NULL),
(73, 'القصيم', 243, NULL, NULL, NULL),
(74, 'الجبيل', 243, NULL, NULL, NULL),
(75, 'حفر الباطن', 243, NULL, NULL, NULL),
(76, 'الخرج', 243, NULL, NULL, NULL),
(77, 'عرعر', 243, NULL, NULL, NULL),
(78, 'النماص', 243, NULL, NULL, NULL),
(79, 'جيزان', 243, NULL, NULL, NULL),
(80, 'الباحة', 243, NULL, NULL, NULL),
(81, 'الظهران', 243, NULL, NULL, NULL),
(82, 'أبوظبي', 244, NULL, NULL, NULL),
(83, 'دبي', 244, NULL, NULL, NULL),
(84, 'الشارقة', 244, NULL, NULL, NULL),
(85, 'عجمان', 244, NULL, NULL, NULL),
(86, 'رأس الخيمة', 244, NULL, NULL, NULL),
(87, 'الفجيرة', 244, NULL, NULL, NULL),
(88, 'أم القيوين', 244, NULL, NULL, NULL);

-- --------------------------------------------------------

--
-- Table structure for table `communication_logs`
--

CREATE TABLE `communication_logs` (
  `id` bigint(20) UNSIGNED NOT NULL,
  `user_type` enum('customer','agent') NOT NULL,
  `comment` text NOT NULL,
  `ticket_id` bigint(20) UNSIGNED DEFAULT NULL,
  `user_id` varchar(255) DEFAULT NULL,
  `created_at` timestamp NULL DEFAULT NULL,
  `updated_at` timestamp NULL DEFAULT NULL
) ENGINE=InnoDB DEFAULT CHARSET=utf8mb4 COLLATE=utf8mb4_unicode_ci;

--
-- Dumping data for table `communication_logs`
--

INSERT INTO `communication_logs` (`id`, `user_type`, `comment`, `ticket_id`, `user_id`, `created_at`, `updated_at`) VALUES
(1, 'customer', 'cvvssdv', 1, '9', '2024-04-23 11:52:46', '2024-04-23 11:52:46'),
(2, 'customer', 'cvvssdv', 9, '9', '2024-04-23 11:55:38', '2024-04-23 11:55:38'),
(3, 'agent', 'sadsasd', 9, '1', '2024-04-23 11:55:49', '2024-04-23 11:55:49'),
(4, 'customer', 'cvvssdvss', 9, '9', '2024-04-23 11:55:56', '2024-04-23 11:55:56');

-- --------------------------------------------------------

--
-- Table structure for table `contacts`
--

CREATE TABLE `contacts` (
  `id` bigint(20) UNSIGNED NOT NULL,
  `name` varchar(255) DEFAULT NULL,
  `mobile` varchar(255) DEFAULT NULL,
  `mobile2` varchar(255) DEFAULT NULL,
  `email` varchar(255) DEFAULT NULL,
  `company_name` varchar(255) DEFAULT NULL,
  `notes` varchar(255) DEFAULT NULL,
  `gender` varchar(255) DEFAULT NULL,
  `status` enum('new','contacted','qualified','converted') DEFAULT 'new',
  `is_trashed` tinyint(1) DEFAULT 0,
  `birth_date` date DEFAULT NULL,
  `national_id` varchar(255) DEFAULT NULL,
  `is_active` tinyint(1) DEFAULT 1,
  `custom_attributes` text DEFAULT NULL,
  `code` varchar(255) DEFAULT NULL,
  `city_id` bigint(20) UNSIGNED DEFAULT NULL,
  `area_id` bigint(20) UNSIGNED DEFAULT NULL,
  `contact_source_id` bigint(20) UNSIGNED DEFAULT NULL,
  `contact_category_id` bigint(20) UNSIGNED DEFAULT NULL,
  `job_title_id` bigint(20) UNSIGNED DEFAULT NULL,
  `industry_id` bigint(20) UNSIGNED DEFAULT NULL,
  `major_id` bigint(20) UNSIGNED DEFAULT NULL,
  `employee_id` bigint(20) UNSIGNED DEFAULT NULL,
  `activity_id` bigint(20) UNSIGNED DEFAULT NULL,
  `interest_id` bigint(20) UNSIGNED DEFAULT NULL,
  `customer_id` bigint(20) UNSIGNED DEFAULT NULL,
  `campaign_id` bigint(20) UNSIGNED DEFAULT NULL,
  `created_by` bigint(20) UNSIGNED DEFAULT NULL,
  `created_at` timestamp NULL DEFAULT NULL,
  `updated_at` timestamp NULL DEFAULT NULL,
  `deleted_at` timestamp NULL DEFAULT NULL,
  `address` varchar(255) DEFAULT NULL,
  `religion` enum('muslim','christian','other') DEFAULT NULL,
  `branch_id` bigint(20) UNSIGNED DEFAULT NULL
) ENGINE=InnoDB DEFAULT CHARSET=utf8mb4 COLLATE=utf8mb4_unicode_ci;

--
-- Dumping data for table `contacts`
--

INSERT INTO `contacts` (`id`, `name`, `mobile`, `mobile2`, `email`, `company_name`, `notes`, `gender`, `status`, `is_trashed`, `birth_date`, `national_id`, `is_active`, `custom_attributes`, `code`, `city_id`, `area_id`, `contact_source_id`, `contact_category_id`, `job_title_id`, `industry_id`, `major_id`, `employee_id`, `activity_id`, `interest_id`, `customer_id`, `campaign_id`, `created_by`, `created_at`, `updated_at`, `deleted_at`, `address`, `religion`, `branch_id`) VALUES
(7, 'دينا محمود علي', '01234567893', NULL, 'dinamahmoud@gmail.com', NULL, NULL, 'Female', 'contacted', 0, NULL, NULL, 1, NULL, NULL, 1, 30, 2, NULL, NULL, 2, 2, 2, 2, 2, NULL, NULL, 1, '2024-02-06 09:29:15', '2024-02-19 10:15:23', NULL, NULL, NULL, NULL),
(9, 'احمد فاروق', '01234567891x', NULL, NULL, NULL, NULL, 'Male', 'new', 0, NULL, '', 1, NULL, NULL, 3, 109, 1, NULL, NULL, 2, 2, 2, 1, 1, NULL, NULL, 1, '2024-02-08 14:54:56', '2024-04-21 04:18:33', '2024-04-21 04:18:33', NULL, NULL, NULL),
(10, 'احمد ابراهيم', '01234567892', NULL, NULL, NULL, NULL, 'Male', 'converted', 1, NULL, NULL, 1, NULL, NULL, 3, 117, 2, NULL, NULL, 1, 1, 2, 2, 2, 9, NULL, 1, '2024-02-08 14:56:02', '2024-04-16 12:33:05', NULL, NULL, NULL, NULL),
(11, 'علي عمر', '01007020762x', NULL, NULL, NULL, NULL, 'Male', 'contacted', 0, NULL, '', 1, NULL, NULL, NULL, NULL, 1, NULL, NULL, NULL, NULL, NULL, 1, 3, NULL, NULL, 1, '2024-02-19 12:03:27', '2024-04-21 04:38:00', '2024-04-21 04:38:00', NULL, NULL, NULL),
(12, 'بلال محمد', '01060934566', NULL, NULL, NULL, NULL, 'Male', 'qualified', 0, NULL, NULL, 0, NULL, NULL, NULL, NULL, 1, NULL, NULL, NULL, NULL, NULL, 1, 3, NULL, NULL, 1, '2024-04-09 02:19:24', '2024-04-21 08:04:48', NULL, NULL, NULL, NULL),
(13, 'محمد علي', '01156879716', '8888', 'rrrrrr@gmail.com', 'frhh', 'ccbb', 'Male', 'converted', 0, '2000-01-01', '22555', 1, NULL, NULL, 9, 204, 1, NULL, 3, NULL, NULL, NULL, 1, 1, 11, NULL, 1, '2024-04-21 05:36:53', '2024-04-23 10:29:15', NULL, NULL, NULL, NULL),
(14, 'Ahmed Nabil Esmail', '01016856433', NULL, 'ahmednassag@gmail.com', NULL, NULL, 'Male', 'new', 0, NULL, '1234567891011.', 1, NULL, NULL, NULL, NULL, 1, NULL, NULL, NULL, NULL, NULL, 1, 1, NULL, NULL, 1, '2024-05-20 09:58:06', '2024-05-20 10:25:45', NULL, NULL, NULL, NULL),
(15, 'Amela Sandoval', '12332222', '3232323232', 'pasinypog@mailinator.com', 'Hinton and Baker Plc', 'Quos sed irure debit', 'Male', 'new', 0, '1983-10-07', '3232323232', 1, NULL, NULL, NULL, NULL, 1, NULL, NULL, NULL, NULL, NULL, 7, 4, NULL, NULL, 1, '2024-07-14 10:24:07', '2024-07-14 10:24:07', NULL, 'Et odio a adipisicin', 'muslim', 1),
(16, 'Christopher May', '54554545', NULL, 'darigoza@mailinator.com', 'Henson and Mooney Plc', NULL, 'Male', 'new', 0, '2000-11-08', NULL, 1, NULL, NULL, NULL, NULL, 2, NULL, NULL, NULL, NULL, NULL, 2, 2, NULL, NULL, 1, '2024-07-14 10:25:05', '2024-07-14 10:25:05', NULL, 'Deleniti sapiente vo', 'muslim', 2),
(17, 'Remedios Flynn', '3443333444', NULL, 'tijymi@mailinator.com', 'Moore Byers Plc', 'Et ex quo eos ut an', 'Male', 'new', 0, '2016-12-05', NULL, 1, NULL, NULL, NULL, NULL, 1, NULL, NULL, NULL, NULL, NULL, 1, 1, NULL, NULL, 1, '2024-07-14 10:28:37', '2024-07-14 10:28:37', NULL, 'In temporibus qui do', 'muslim', 1),
(18, 'Christen Hobbs', '242344334', NULL, 'tuhiwyqal@mailinator.com', 'Eaton and Sims Trading', 'Commodi ad dolorem a', 'Male', 'converted', 0, '1997-07-09', NULL, 1, NULL, '00/24/000001', NULL, NULL, 1, NULL, NULL, NULL, NULL, NULL, 1, 1, 13, NULL, 1, '2024-07-14 10:29:40', '2024-07-15 11:06:06', NULL, 'Et aperiam dolorum q', 'muslim', 2),
(19, 'Fallon Patel', '01234567894', NULL, 'vogy@mailinator.com', 'Pickett Roberts Associates', NULL, 'Male', 'new', 0, '2011-06-30', NULL, 1, NULL, '00/24/000002', NULL, NULL, 1, NULL, NULL, NULL, NULL, NULL, 2, 2, NULL, NULL, 1, '2024-07-14 10:49:24', '2024-07-14 10:49:24', NULL, 'Est ad sunt exceptur', 'muslim', 1),
(20, 'Jorden Whitfield', '123489658', NULL, 'tamonifyle@mailinator.com', 'Madden and Mathis Co', 'Ad eos nisi ut fuga', 'Male', 'new', 0, '1976-12-14', NULL, 1, NULL, '03/24/000001', NULL, NULL, 1, NULL, NULL, NULL, NULL, NULL, 1, 1, NULL, NULL, 1, '2024-07-14 10:51:04', '2024-07-14 10:51:04', NULL, 'Aut aute magna autem', 'muslim', 3),
(24, 'contact 2', '01141090116', '01016856434', 'contact2@email.com', 'company name', '', NULL, 'new', 0, NULL, NULL, 1, NULL, NULL, NULL, NULL, 1, NULL, 11, NULL, NULL, 1, 1, 1, NULL, NULL, 1, '2024-07-15 07:02:53', '2024-07-15 07:02:53', NULL, NULL, NULL, NULL),
(25, 'جهة الإتصال2', '010168564333', NULL, NULL, NULL, '', NULL, 'new', 0, NULL, NULL, 1, NULL, NULL, NULL, NULL, 1, NULL, NULL, 23, 73, 1, 1, 1, NULL, NULL, 1, '2024-07-15 07:10:04', '2024-07-15 07:10:04', NULL, NULL, NULL, NULL),
(26, 'abc', '123', NULL, NULL, NULL, '', NULL, 'new', 0, NULL, NULL, 1, NULL, NULL, NULL, NULL, 1, NULL, NULL, 23, 73, 1, 1, 1, NULL, NULL, 1, '2024-07-15 07:10:04', '2024-07-15 07:10:04', NULL, NULL, NULL, NULL),
(27, 'contact name', '01067222427', NULL, NULL, NULL, NULL, 'Male', 'new', 0, NULL, NULL, 1, NULL, '01/24/000001', 1, NULL, 1, NULL, NULL, 23, 73, 1, 1, 1, NULL, NULL, 1, '2024-07-15 07:10:04', '2024-07-16 09:52:05', NULL, NULL, 'muslim', 1),
(28, 'contact 2', '2024-11-20', NULL, 'contact2@email.com', NULL, '', NULL, 'converted', 0, NULL, NULL, 1, NULL, NULL, NULL, NULL, 2, NULL, 11, NULL, 74, 1, 2, 2, 12, NULL, 1, '2024-07-15 07:29:30', '2024-07-15 07:36:10', NULL, NULL, NULL, NULL),
(29, 'contact', '57258785887', NULL, 'xuvyceboju@mailinator.com', NULL, 'Illum consectetur', 'Male', 'new', 0, '1976-06-05', NULL, 1, NULL, '01/24/000002', 1, 1, 1, NULL, NULL, NULL, NULL, NULL, 1, 1, NULL, NULL, 1, '2024-07-17 07:40:49', '2024-07-17 07:40:49', NULL, 'Est sed ullamco accu', 'muslim', 1),
(30, 'contact name', '01016856430', NULL, NULL, NULL, '', NULL, 'new', 0, NULL, NULL, 1, NULL, NULL, NULL, NULL, 1, NULL, NULL, NULL, NULL, 1, 1, 1, NULL, NULL, 1, '2024-07-17 08:35:37', '2024-07-17 08:35:37', NULL, NULL, NULL, NULL),
(31, 'جهة الإتصال2', '5555', NULL, NULL, NULL, '', NULL, 'new', 0, NULL, NULL, 1, NULL, NULL, NULL, NULL, 2, NULL, NULL, NULL, NULL, 1, 2, 2, NULL, NULL, 1, '2024-07-17 08:39:57', '2024-07-17 08:39:57', NULL, NULL, NULL, NULL),
(32, 'contact name', '56165165', NULL, NULL, NULL, '', NULL, 'new', 0, NULL, NULL, 1, NULL, NULL, NULL, NULL, 2, NULL, NULL, NULL, NULL, 1, 2, 2, NULL, NULL, 1, '2024-07-17 08:39:57', '2024-07-17 08:39:57', NULL, NULL, NULL, NULL),
(33, 'Ahmed  fatmy', '1003366550', NULL, NULL, NULL, '', NULL, 'new', 0, NULL, NULL, 1, NULL, NULL, NULL, NULL, 3, NULL, NULL, NULL, NULL, 1, 2, 2, NULL, NULL, 1, '2024-07-17 08:41:35', '2024-07-17 08:41:35', NULL, NULL, NULL, NULL),
(34, 'mohamed  dsdsads', '1003366551', NULL, NULL, NULL, '', NULL, 'new', 0, NULL, NULL, 1, NULL, NULL, NULL, NULL, 3, NULL, NULL, NULL, NULL, 1, 2, 2, NULL, NULL, 1, '2024-07-17 08:41:35', '2024-07-17 08:41:35', NULL, NULL, NULL, NULL),
(35, 'mokhtarrr sdsd', '1003366552', NULL, NULL, NULL, '', NULL, 'new', 0, NULL, NULL, 1, NULL, NULL, NULL, NULL, 3, NULL, NULL, NULL, NULL, 1, 2, 2, NULL, NULL, 1, '2024-07-17 08:41:35', '2024-07-17 08:41:35', NULL, NULL, NULL, NULL),
(36, 'fawzy trttt', '1003366553', NULL, NULL, NULL, '', NULL, 'new', 0, NULL, NULL, 1, NULL, NULL, NULL, NULL, 3, NULL, NULL, NULL, NULL, 1, 2, 2, NULL, NULL, 1, '2024-07-17 08:41:35', '2024-07-17 08:41:35', NULL, NULL, NULL, NULL),
(37, 'ibrahim rrtrt', '1003366554', NULL, NULL, NULL, '', NULL, 'new', 0, NULL, NULL, 1, NULL, NULL, NULL, NULL, 3, NULL, NULL, NULL, NULL, 1, 2, 2, NULL, NULL, 1, '2024-07-17 08:41:35', '2024-07-17 08:41:35', NULL, NULL, NULL, NULL),
(38, 'nabil tgrgtrg', '1003366555', NULL, NULL, NULL, '', NULL, 'new', 0, NULL, NULL, 1, NULL, NULL, NULL, NULL, 3, NULL, NULL, NULL, NULL, 1, 2, 2, NULL, NULL, 1, '2024-07-17 08:41:35', '2024-07-17 08:41:35', NULL, NULL, NULL, NULL),
(39, 'nagy  trggr', '1003366556', NULL, NULL, NULL, '', NULL, 'new', 0, NULL, NULL, 1, NULL, NULL, NULL, NULL, 3, NULL, NULL, NULL, NULL, 1, 2, 2, NULL, NULL, 1, '2024-07-17 08:41:35', '2024-07-17 08:41:35', NULL, NULL, NULL, NULL),
(40, 'mostafa', '1003366557', NULL, NULL, NULL, '', NULL, 'new', 0, NULL, NULL, 1, NULL, NULL, NULL, NULL, 3, NULL, NULL, NULL, NULL, 1, 2, 2, NULL, NULL, 1, '2024-07-17 08:41:35', '2024-07-17 08:41:35', NULL, NULL, NULL, NULL),
(41, 'dahab', '1003366558', NULL, NULL, NULL, '', NULL, 'new', 0, NULL, NULL, 1, NULL, NULL, NULL, NULL, 3, NULL, NULL, NULL, NULL, 1, 2, 2, NULL, NULL, 1, '2024-07-17 08:41:35', '2024-07-17 08:41:35', NULL, NULL, NULL, NULL),
(42, 'noor', '1003366559', NULL, NULL, NULL, '', NULL, 'new', 0, NULL, NULL, 1, NULL, NULL, NULL, NULL, 3, NULL, NULL, NULL, NULL, 1, 2, 2, NULL, NULL, 1, '2024-07-17 08:41:35', '2024-07-17 08:41:35', NULL, NULL, NULL, NULL),
(43, 'nesma', '1003366560', NULL, NULL, NULL, '', NULL, 'new', 0, NULL, NULL, 1, NULL, NULL, NULL, NULL, 3, NULL, NULL, NULL, NULL, 1, 2, 2, NULL, NULL, 1, '2024-07-17 08:41:35', '2024-07-17 08:41:35', NULL, NULL, NULL, NULL),
(44, 'Ahmed  fahmy', '1003366561', NULL, NULL, NULL, '', NULL, 'new', 0, NULL, NULL, 1, NULL, NULL, NULL, NULL, 3, NULL, NULL, NULL, NULL, 1, 2, 2, NULL, NULL, 1, '2024-07-17 08:41:35', '2024-07-17 08:41:35', NULL, NULL, NULL, NULL),
(45, 'mohamed taysseer', '1003366562', NULL, NULL, NULL, '', NULL, 'new', 0, NULL, NULL, 1, NULL, NULL, NULL, NULL, 3, NULL, NULL, NULL, NULL, 1, 2, 2, NULL, NULL, 1, '2024-07-17 08:41:35', '2024-07-17 08:41:35', NULL, NULL, NULL, NULL),
(46, 'mokhtar ahmed', '1003366563', NULL, NULL, NULL, '', NULL, 'new', 0, NULL, NULL, 1, NULL, NULL, NULL, NULL, 3, NULL, NULL, NULL, NULL, 1, 2, 2, NULL, NULL, 1, '2024-07-17 08:41:35', '2024-07-17 08:41:35', NULL, NULL, NULL, NULL),
(47, 'fawzy fathy', '1003366534', NULL, NULL, NULL, '', NULL, 'new', 0, NULL, NULL, 1, NULL, NULL, NULL, NULL, 3, NULL, NULL, NULL, NULL, 1, 2, 2, NULL, NULL, 1, '2024-07-17 08:41:35', '2024-07-17 08:41:35', NULL, NULL, NULL, NULL),
(48, 'ibrahim tamer', '1003366565', NULL, NULL, NULL, '', NULL, 'new', 0, NULL, NULL, 1, NULL, NULL, NULL, NULL, 3, NULL, NULL, NULL, NULL, 1, 2, 2, NULL, NULL, 1, '2024-07-17 08:41:35', '2024-07-17 08:41:35', NULL, NULL, NULL, NULL),
(49, 'nabil ebid', '1003366566', NULL, NULL, NULL, '', NULL, 'new', 0, NULL, NULL, 1, NULL, NULL, NULL, NULL, 3, NULL, NULL, NULL, NULL, 1, 2, 2, NULL, NULL, 1, '2024-07-17 08:41:35', '2024-07-17 08:41:35', NULL, NULL, NULL, NULL),
(50, 'nagy  mokhtar', '1003366567', NULL, NULL, NULL, '', NULL, 'new', 0, NULL, NULL, 1, NULL, NULL, NULL, NULL, 3, NULL, NULL, NULL, NULL, 1, 2, 2, NULL, NULL, 1, '2024-07-17 08:41:35', '2024-07-17 08:41:35', NULL, NULL, NULL, NULL),
(51, 'mostafa mohamed', '100336655068', NULL, NULL, NULL, '', NULL, 'new', 0, NULL, NULL, 1, NULL, NULL, NULL, NULL, 3, NULL, NULL, NULL, NULL, 1, 2, 2, NULL, NULL, 1, '2024-07-17 08:41:35', '2024-07-17 08:41:35', NULL, NULL, NULL, NULL),
(52, 'dahab ayman', '1003366569', NULL, NULL, NULL, '', NULL, 'new', 0, NULL, NULL, 1, NULL, NULL, NULL, NULL, 3, NULL, NULL, NULL, NULL, 1, 2, 2, NULL, NULL, 1, '2024-07-17 08:41:35', '2024-07-17 08:41:35', NULL, NULL, NULL, NULL),
(53, 'noor ahmed', '1003366570', NULL, NULL, NULL, '', NULL, 'new', 0, NULL, NULL, 1, NULL, NULL, NULL, NULL, 3, NULL, NULL, NULL, NULL, 1, 2, 2, NULL, NULL, 1, '2024-07-17 08:41:35', '2024-07-17 08:41:35', NULL, NULL, NULL, NULL),
(54, 'nesma khalil', '1003366571', NULL, NULL, NULL, '', NULL, 'new', 0, NULL, NULL, 1, NULL, NULL, NULL, NULL, 3, NULL, NULL, NULL, NULL, 1, 2, 2, NULL, NULL, 1, '2024-07-17 08:41:35', '2024-07-17 08:41:35', NULL, NULL, NULL, NULL),
(55, 'agus sida', '62 812 1923 1197', NULL, 'agussida30@gmail.com', 'pt medina mecca wisata', ' <br /> - <b>Nama :</b> Awad', NULL, 'new', 0, NULL, NULL, 1, NULL, NULL, NULL, NULL, 2, NULL, 13, NULL, NULL, 1, 2, 2, NULL, NULL, 1, '2024-07-17 08:44:16', '2024-07-17 08:44:16', NULL, NULL, NULL, NULL),
(56, 'jordan sultana bell', '62 812 8796 6217', NULL, 'sultanatravelindo@gmail.com', 'sultana travelindo', ' <br /> - <b>Nama :</b> Osama', NULL, 'new', 0, NULL, NULL, 1, NULL, NULL, NULL, NULL, 2, NULL, 14, NULL, NULL, 1, 2, 2, NULL, NULL, 1, '2024-07-17 08:44:16', '2024-07-17 08:44:16', NULL, NULL, NULL, NULL),
(57, 'tien gustini', '62 813 2164 6396', NULL, 'tien@greyfurttour.com', 'greyfurttour', ' <br /> - <b>Nama :</b> Wael', NULL, 'new', 0, NULL, NULL, 1, NULL, NULL, NULL, NULL, 2, NULL, 15, NULL, NULL, 1, 2, 2, NULL, NULL, 1, '2024-07-17 08:44:16', '2024-07-17 08:44:16', NULL, NULL, NULL, NULL),
(58, 'vivian selfiana', '62 877 8229 3020', NULL, 'sorsindonesia@sorstravel.com', 'sors travel services', ' <br /> - <b>Nama :</b> Muahmmad', NULL, 'new', 0, NULL, NULL, 1, NULL, NULL, NULL, NULL, 2, NULL, 16, NULL, NULL, 1, 2, 2, NULL, NULL, 1, '2024-07-17 08:44:16', '2024-07-17 08:44:16', NULL, NULL, NULL, NULL),
(59, 'h syawqi', '62 811 8899 033', NULL, NULL, 'daafi umroh&hajj services', ' <br /> - <b>Nama :</b> Admin', NULL, 'new', 0, NULL, NULL, 1, NULL, NULL, NULL, NULL, 2, NULL, 17, NULL, NULL, 1, 2, 2, NULL, NULL, 1, '2024-07-17 08:44:16', '2024-07-17 08:44:16', NULL, NULL, NULL, NULL),
(60, 'roudhotul jannah', '62 85280500119', NULL, 'jannahtour_jkr@yahoo.com', 'pt jannah wista travel', ' <br /> - <b>Nama :</b> ', NULL, 'new', 0, NULL, NULL, 1, NULL, NULL, NULL, NULL, 2, NULL, 18, NULL, NULL, 1, 2, 2, NULL, NULL, 1, '2024-07-17 08:44:16', '2024-07-17 08:44:16', NULL, NULL, NULL, NULL),
(61, 'sri dianti', '62 877 909 80 900', NULL, 'dianti@indofadhiltour.com', 'pt indofadhil tour&travel', ' <br /> - <b>Nama :</b> ', NULL, 'new', 0, NULL, NULL, 1, NULL, NULL, NULL, NULL, 2, NULL, 14, NULL, NULL, 1, 2, 2, NULL, NULL, 1, '2024-07-17 08:44:16', '2024-07-17 08:44:16', NULL, NULL, NULL, NULL),
(62, 'sri wahyuni', '62 815 1113 2666', '62 815 1163 7711', 'nra@cbn.net.id sunduseng@yahoo.com', 'pt nur rima al waali', ' <br /> - <b>Nama :</b> ', NULL, 'new', 0, NULL, NULL, 1, NULL, NULL, NULL, NULL, 2, NULL, 19, NULL, NULL, 1, 2, 2, NULL, NULL, 1, '2024-07-17 08:44:16', '2024-07-17 08:44:16', NULL, NULL, NULL, NULL),
(63, 'drh zakiah', '62 838 9485 5587', NULL, 'khya.ptriamandiriwisata@gmail.com', 'pt khya patria mandiri', ' <br /> - <b>Nama :</b> ', NULL, 'new', 0, NULL, NULL, 1, NULL, NULL, NULL, NULL, 2, NULL, 18, NULL, NULL, 1, 2, 2, NULL, NULL, 1, '2024-07-17 08:44:16', '2024-07-17 08:44:16', NULL, NULL, NULL, NULL),
(64, 'putri ramadhani', '62 822 1386 0617', NULL, 'snhtravelofficial@gmail.com', 'sakinah nur hidayah', ' <br /> - <b>Nama :</b> ', NULL, 'new', 0, NULL, NULL, 1, NULL, NULL, NULL, NULL, 2, NULL, 20, NULL, NULL, 1, 2, 2, NULL, NULL, 1, '2024-07-17 08:44:16', '2024-07-17 08:44:16', NULL, NULL, NULL, NULL),
(65, 'rosyid ahmad', '62 853 6642 2111', NULL, 'alhasantraveljbi@gmail.com', 'alhasan tour umroh hajj', ' <br /> - <b>Nama :</b> ', NULL, 'new', 0, NULL, NULL, 1, NULL, NULL, NULL, NULL, 2, NULL, 12, NULL, NULL, 1, 2, 2, NULL, NULL, 1, '2024-07-17 08:44:16', '2024-07-17 08:44:16', NULL, NULL, NULL, NULL),
(66, 'diah', '62 821 1253 98596', NULL, 'diah.oka28@yahoo.com', 'megacitra umroh hajj', ' <br /> - <b>Nama :</b> ', NULL, 'new', 0, NULL, NULL, 1, NULL, NULL, NULL, NULL, 2, NULL, 21, NULL, NULL, 1, 2, 2, NULL, NULL, 1, '2024-07-17 08:44:16', '2024-07-17 08:44:16', NULL, NULL, NULL, NULL),
(67, 'dini marita', '62 838 7170 2331', NULL, NULL, 'pt maysan travel and tours', ' <br /> - <b>Nama :</b> ', NULL, 'new', 0, NULL, NULL, 1, NULL, NULL, NULL, NULL, 2, NULL, 22, NULL, NULL, 1, 2, 2, NULL, NULL, 1, '2024-07-17 08:44:16', '2024-07-17 08:44:16', NULL, NULL, NULL, NULL),
(68, 'anief yulianati', '62 877 8497 6280', NULL, 'meccatour@gmail.com', 'pt mecca sukses intarnasional', ' <br /> - <b>Nama :</b> ', NULL, 'new', 0, NULL, NULL, 1, NULL, NULL, NULL, NULL, 2, NULL, 18, NULL, NULL, 1, 2, 2, NULL, NULL, 1, '2024-07-17 08:44:16', '2024-07-17 08:44:16', NULL, NULL, NULL, NULL),
(69, 'abdullatif alwiny - moh iqbal rachman', '62 815 14522 278', '62 813 5742 0205', 'daehaturakunting@gmail.com', 'daehatur ekspres tour&travel', ' <br /> - <b>Nama :</b> ', NULL, 'new', 0, NULL, NULL, 1, NULL, NULL, NULL, NULL, 2, NULL, 23, NULL, NULL, 1, 2, 2, NULL, NULL, 1, '2024-07-17 08:44:16', '2024-07-17 08:44:16', NULL, NULL, NULL, NULL),
(70, 'katrin devi', '62 818 8327 59', '62 821 2593 0945', 'katrindevi@yahoo.com', 'pt alamir toue and travel', ' <br /> - <b>Nama :</b> ', NULL, 'new', 0, NULL, NULL, 1, NULL, NULL, NULL, NULL, 2, NULL, 12, NULL, NULL, 1, 2, 2, NULL, NULL, 1, '2024-07-17 08:44:16', '2024-07-17 08:44:16', NULL, NULL, NULL, NULL),
(71, 'airin siregar', '62 85 8837 09355', NULL, 'attaqwatours@gmail.com', 'pt attaqwa tour', ' <br /> - <b>Nama :</b> ', NULL, 'new', 0, NULL, NULL, 1, NULL, NULL, NULL, NULL, 2, NULL, 24, NULL, NULL, 1, 2, 2, NULL, NULL, 1, '2024-07-17 08:44:16', '2024-07-17 08:44:16', NULL, NULL, NULL, NULL),
(72, 'giant', '62 859 5984 1155', NULL, 'atinatour67@gmail.com athilamifzal20@gmail.com', 'pt atina barokah wisata', ' <br /> - <b>Nama :</b> ', NULL, 'new', 0, NULL, NULL, 1, NULL, NULL, NULL, NULL, 2, NULL, 12, NULL, NULL, 1, 2, 2, NULL, NULL, 1, '2024-07-17 08:44:16', '2024-07-17 08:44:16', NULL, NULL, NULL, NULL),
(73, 'hj fatma kartika sari', '62 838 9942 7214', NULL, 'gadika_travel@yahoo.com fatma_gadika@yahoo.com', 'pt gadika expressindo tour travel', ' <br /> - <b>Nama :</b> ', NULL, 'new', 0, NULL, NULL, 1, NULL, NULL, NULL, NULL, 2, NULL, 25, NULL, NULL, 1, 2, 2, NULL, NULL, 1, '2024-07-17 08:44:16', '2024-07-17 08:44:16', NULL, NULL, NULL, NULL),
(74, 'dwi haryanti', '62 8560 2000 048', NULL, 'aghits.star@gmail.com', 'aghits star group', ' <br /> - <b>Nama :</b> ', NULL, 'new', 0, NULL, NULL, 1, NULL, NULL, NULL, NULL, 2, NULL, 14, NULL, NULL, 1, 2, 2, NULL, NULL, 1, '2024-07-17 08:44:16', '2024-07-17 08:44:16', NULL, NULL, NULL, NULL),
(75, 'alit supramono', '62 8212 1188 505', NULL, 'qowamtours@gmail.com', 'qowam tour&travel', ' <br /> - <b>Nama :</b> ', NULL, 'new', 0, NULL, NULL, 1, NULL, NULL, NULL, NULL, 2, NULL, 12, NULL, NULL, 1, 2, 2, NULL, NULL, 1, '2024-07-17 08:44:16', '2024-07-17 08:44:16', NULL, NULL, NULL, NULL),
(76, 'nur ali mehdi', '62 896 6408 9512', NULL, NULL, 'pt attiin nabila utama', ' <br /> - <b>Nama :</b> ', NULL, 'new', 0, NULL, NULL, 1, NULL, NULL, NULL, NULL, 2, NULL, 26, NULL, NULL, 1, 2, 2, NULL, NULL, 1, '2024-07-17 08:44:16', '2024-07-17 08:44:16', NULL, NULL, NULL, NULL),
(77, 'irvan nur hidayat', '62 818 0745 7409', NULL, 'reservation@ms-aishah.com', 'pt ms aishah mandiri', ' <br /> - <b>Nama :</b> ', NULL, 'new', 0, NULL, NULL, 1, NULL, NULL, NULL, NULL, 2, NULL, 27, NULL, NULL, 1, 2, 2, NULL, NULL, 1, '2024-07-17 08:44:16', '2024-07-17 08:44:16', NULL, NULL, NULL, NULL),
(78, 'yuli masruroh zein', '62 819 1093 5666', NULL, 'adamalkhairina@gmail.com', 'adam alkhair indonesia', ' <br /> - <b>Nama :</b> ', NULL, 'new', 0, NULL, NULL, 1, NULL, NULL, NULL, NULL, 2, NULL, 28, NULL, NULL, 1, 2, 2, NULL, NULL, 1, '2024-07-17 08:44:16', '2024-07-17 08:44:16', NULL, NULL, NULL, NULL),
(79, 'berliana lailia haris', '62 822 8032 0837', NULL, 'berlianalailia14@gmail.com dzahabifairuz.alharis2009@gmail.com', 'pt dzahabi fairuz alharis', ' <br /> - <b>Nama :</b> ', NULL, 'new', 0, NULL, NULL, 1, NULL, NULL, NULL, NULL, 2, NULL, 29, NULL, NULL, 1, 2, 2, NULL, NULL, 1, '2024-07-17 08:44:16', '2024-07-17 08:44:16', NULL, NULL, NULL, NULL),
(80, 'h sakiyah', '62 812 1851 582', NULL, 'travel@sariramada.com', 'pt sari ramada arifah', ' <br /> - <b>Nama :</b> ', NULL, 'new', 0, NULL, NULL, 1, NULL, NULL, NULL, NULL, 2, NULL, 30, NULL, NULL, 1, 2, 2, NULL, NULL, 1, '2024-07-17 08:44:16', '2024-07-17 08:44:16', NULL, NULL, NULL, NULL),
(81, 'nely ruslinawa', '62 813 1112 1442', NULL, NULL, 'darussalam tour', ' <br /> - <b>Nama :</b> ', NULL, 'new', 0, NULL, NULL, 1, NULL, NULL, NULL, NULL, 2, NULL, 31, NULL, NULL, 1, 2, 2, NULL, NULL, 1, '2024-07-17 08:44:16', '2024-07-17 08:44:16', NULL, NULL, NULL, NULL),
(82, 'zara zetira anwar', '62 877 5960 9093', NULL, 'zarra.zettira@tyaratour.id', 'tyaratour umroh hajj', ' <br /> - <b>Nama :</b> ', NULL, 'new', 0, NULL, NULL, 1, NULL, NULL, NULL, NULL, 2, NULL, 31, NULL, NULL, 1, 2, 2, NULL, NULL, 1, '2024-07-17 08:44:16', '2024-07-17 08:44:16', NULL, NULL, NULL, NULL),
(83, 'tyas', '62 895 2333 8325', NULL, 'tyas@maysantravel.sa', 'pt maysan travel and tours', ' <br /> - <b>Nama :</b> ', NULL, 'new', 0, NULL, NULL, 1, NULL, NULL, NULL, NULL, 2, NULL, 32, NULL, NULL, 1, 2, 2, NULL, NULL, 1, '2024-07-17 08:44:16', '2024-07-17 08:44:16', NULL, NULL, NULL, NULL),
(84, 'lilis aminah', '62 813 1731 0008', NULL, NULL, 'nasya tour travel', ' <br /> - <b>Nama :</b> ', NULL, 'new', 0, NULL, NULL, 1, NULL, NULL, NULL, NULL, 2, NULL, 18, NULL, NULL, 1, 2, 2, NULL, NULL, 1, '2024-07-17 08:44:16', '2024-07-17 08:44:16', NULL, NULL, NULL, NULL),
(85, 'edi waluyo', '62 811 98 1122', NULL, 'edi@daytama.id', 'daytama sinergi wisata', ' <br /> - <b>Nama :</b> ', NULL, 'new', 0, NULL, NULL, 1, NULL, NULL, NULL, NULL, 2, NULL, 33, NULL, NULL, 1, 2, 2, NULL, NULL, 1, '2024-07-17 08:44:16', '2024-07-17 08:44:16', NULL, NULL, NULL, NULL),
(86, 'muhammad saleh alex', '62 813 8643 1544', NULL, 'cs@znhtravel.com', 'znh travel', ' <br /> - <b>Nama :</b> ', NULL, 'new', 0, NULL, NULL, 1, NULL, NULL, NULL, NULL, 2, NULL, 34, NULL, NULL, 1, 2, 2, NULL, NULL, 1, '2024-07-17 08:44:16', '2024-07-17 08:44:16', NULL, NULL, NULL, NULL),
(87, 'syahril ritonga', '62 822 3073 2010', NULL, 'tabassam.syahri@gmail.com', 'tabassam tour and travel', ' <br /> - <b>Nama :</b> ', NULL, 'new', 0, NULL, NULL, 1, NULL, NULL, NULL, NULL, 2, NULL, 14, NULL, NULL, 1, 2, 2, NULL, NULL, 1, '2024-07-17 08:44:16', '2024-07-17 08:44:16', NULL, NULL, NULL, NULL),
(88, 'renny aslam', '62 812 1242 0332', NULL, 'renny.a@gsmgroup.id', 'pt globalindo sukses maksima', ' <br /> - <b>Nama :</b> ', NULL, 'new', 0, NULL, NULL, 1, NULL, NULL, NULL, NULL, 2, NULL, 24, NULL, NULL, 1, 2, 2, NULL, NULL, 1, '2024-07-17 08:44:16', '2024-07-17 08:44:16', NULL, NULL, NULL, NULL),
(89, 'muhammad nur firdaus izrullah', '62 8193 103 1806', NULL, NULL, 'pt adita altahir', ' <br /> - <b>Nama :</b> ', NULL, 'new', 0, NULL, NULL, 1, NULL, NULL, NULL, NULL, 2, NULL, 14, NULL, NULL, 1, 2, 2, NULL, NULL, 1, '2024-07-17 08:44:16', '2024-07-17 08:44:16', NULL, NULL, NULL, NULL),
(90, 'julian usman', '62 813 1610 6366', NULL, NULL, 'nekoi wisata', ' <br /> - <b>Nama :</b> ', NULL, 'new', 0, NULL, NULL, 1, NULL, NULL, NULL, NULL, 2, NULL, 12, NULL, NULL, 1, 2, 2, NULL, NULL, 1, '2024-07-17 08:44:16', '2024-07-17 08:44:16', NULL, NULL, NULL, NULL),
(91, 'm syukur slamet', '62 8123 8910 212', NULL, 'syukurslamet@ayohaji.id', 'pt budi luhur abadi', ' <br /> - <b>Nama :</b> ', NULL, 'new', 0, NULL, NULL, 1, NULL, NULL, NULL, NULL, 2, NULL, 35, NULL, NULL, 1, 2, 2, NULL, NULL, 1, '2024-07-17 08:44:16', '2024-07-17 08:44:16', NULL, NULL, NULL, NULL),
(92, 'uswatun hasanah', '62 878 1540 1450', NULL, 'ushiza3@gmail.com', 'pt uswa hisan zahra', ' <br /> - <b>Nama :</b> ', NULL, 'new', 0, NULL, NULL, 1, NULL, NULL, NULL, NULL, 2, NULL, 17, NULL, NULL, 1, 2, 2, NULL, NULL, 1, '2024-07-17 08:44:16', '2024-07-17 08:44:16', NULL, NULL, NULL, NULL),
(93, 'dee yuni', '62 821 2100 0172', NULL, 'menaramakkahalbadegel@gmail.com', 'pt menara mekkah intarnasional wisata', ' <br /> - <b>Nama :</b> ', NULL, 'new', 0, NULL, NULL, 1, NULL, NULL, NULL, NULL, 2, NULL, 36, NULL, NULL, 1, 2, 2, NULL, NULL, 1, '2024-07-17 08:44:16', '2024-07-17 08:44:16', NULL, NULL, NULL, NULL),
(94, 'farah adibah', '62 896 2615 7818', '62 812 1366 4343', 'alfida_jkr@yahoo.co.id alfidatours@yahoo.co.id', 'alfida tour travel', ' <br /> - <b>Nama :</b> ', NULL, 'new', 0, NULL, NULL, 1, NULL, NULL, NULL, NULL, 2, NULL, 14, NULL, NULL, 1, 2, 2, NULL, NULL, 1, '2024-07-17 08:44:16', '2024-07-17 08:44:16', NULL, NULL, NULL, NULL),
(95, 'hj indah favorita', '62 8788 299 2200', NULL, 'alrazafa_selma@yahoo.com', 'pt selma indah fortuna', ' <br /> - <b>Nama :</b> ', NULL, 'new', 0, NULL, NULL, 1, NULL, NULL, NULL, NULL, 2, NULL, 25, NULL, NULL, 1, 2, 2, NULL, NULL, 1, '2024-07-17 08:44:16', '2024-07-17 08:44:16', NULL, NULL, NULL, NULL),
(96, 'abdullah haris', '62 812 9370 0863', NULL, 'hagatama.gm@gmail.com', 'hagatama intarnasional', ' <br /> - <b>Nama :</b> ', NULL, 'new', 0, NULL, NULL, 1, NULL, NULL, NULL, NULL, 2, NULL, 35, NULL, NULL, 1, 2, 2, NULL, NULL, 1, '2024-07-17 08:44:16', '2024-07-17 08:44:16', NULL, NULL, NULL, NULL),
(97, 'ines rina kurniawati', '62 812 9408 9298', NULL, 'sales1.daniyalbarokah@gmail.com', 'pt danyal barokah travel', ' <br /> - <b>Nama :</b> ', NULL, 'new', 0, NULL, NULL, 1, NULL, NULL, NULL, NULL, 2, NULL, 37, NULL, NULL, 1, 2, 2, NULL, NULL, 1, '2024-07-17 08:44:16', '2024-07-17 08:44:16', NULL, NULL, NULL, NULL),
(98, 'kh umar andri suprianto', '62 811 2233 0007', NULL, NULL, 'pt amisya mubarokah dauly', ' <br /> - <b>Nama :</b> ', NULL, 'new', 0, NULL, NULL, 1, NULL, NULL, NULL, NULL, 2, NULL, 18, NULL, NULL, 1, 2, 2, NULL, NULL, 1, '2024-07-17 08:44:16', '2024-07-17 08:44:16', NULL, NULL, NULL, NULL),
(99, 'ahmad makky', '62 819 1353 1695', NULL, NULL, 'pt saudi alharamain makky', ' <br /> - <b>Nama :</b> ', NULL, 'new', 0, NULL, NULL, 1, NULL, NULL, NULL, NULL, 2, NULL, 25, NULL, NULL, 1, 2, 2, NULL, NULL, 1, '2024-07-17 08:44:16', '2024-07-17 08:44:16', NULL, NULL, NULL, NULL),
(100, 'mohamad a halim', '62 821 2338 6661', NULL, 'm.abdulhalem@outlook.com', 'buraq united intarnasional', ' <br /> - <b>Nama :</b> ', NULL, 'new', 0, NULL, NULL, 1, NULL, NULL, NULL, NULL, 2, NULL, 38, NULL, NULL, 1, 2, 2, NULL, NULL, 1, '2024-07-17 08:44:16', '2024-07-17 08:44:16', NULL, NULL, NULL, NULL),
(101, 'allen suryaman', '62 812 8348 1760', NULL, 'info@tanurmuthmainnah.com', 'pt tanur muthmainnah tour', ' <br /> - <b>Nama :</b> ', NULL, 'new', 0, NULL, NULL, 1, NULL, NULL, NULL, NULL, 2, NULL, 39, NULL, NULL, 1, 2, 2, NULL, NULL, 1, '2024-07-17 08:44:16', '2024-07-17 08:44:16', NULL, NULL, NULL, NULL),
(102, 'abd ghaffar rafie haj', '62 8123 456 0165', NULL, 'almashyratourtravel@gmail.com', 'pt almashyra tour travel', ' <br /> - <b>Nama :</b> ', NULL, 'new', 0, NULL, NULL, 1, NULL, NULL, NULL, NULL, 2, NULL, 40, NULL, NULL, 1, 2, 2, NULL, NULL, 1, '2024-07-17 08:44:16', '2024-07-17 08:44:16', NULL, NULL, NULL, NULL),
(103, 'lailyani padhilah', '62 877 7748 0270', NULL, 'lail.sevillatour@gmail.com', 'pt sevilla wisata muslim', ' <br /> - <b>Nama :</b> ', NULL, 'new', 0, NULL, NULL, 1, NULL, NULL, NULL, NULL, 2, NULL, 41, NULL, NULL, 1, 2, 2, NULL, NULL, 1, '2024-07-17 08:44:16', '2024-07-17 08:44:16', NULL, NULL, NULL, NULL),
(104, 'abdul hakim fouad', '62 818 845 200', NULL, 'faryha.lar@gmail.com', 'faryha hajj umroh', ' <br /> - <b>Nama :</b> ', NULL, 'new', 0, NULL, NULL, 1, NULL, NULL, NULL, NULL, 2, NULL, 12, NULL, NULL, 1, 2, 2, NULL, NULL, 1, '2024-07-17 08:44:16', '2024-07-17 08:44:16', NULL, NULL, NULL, NULL),
(105, 'reifiana ardhiaty', '62 812 8856 3013', NULL, 'lamindath@gmail.com', 'pt laminda travelindo mandiri', ' <br /> - <b>Nama :</b> ', NULL, 'new', 0, NULL, NULL, 1, NULL, NULL, NULL, NULL, 2, NULL, 12, NULL, NULL, 1, 2, 2, NULL, NULL, 1, '2024-07-17 08:44:16', '2024-07-17 08:44:16', NULL, NULL, NULL, NULL),
(106, 'arum rrejeki', '62 812 9044 6104', NULL, 'info@lungan', 'lungan sak jagat', ' <br /> - <b>Nama :</b> ', NULL, 'new', 0, NULL, NULL, 1, NULL, NULL, NULL, NULL, 2, NULL, 42, NULL, NULL, 1, 2, 2, NULL, NULL, 1, '2024-07-17 08:44:16', '2024-07-17 08:44:16', NULL, NULL, NULL, NULL),
(107, 'habibi nursyahab', '62 812 9370 2806', NULL, 'habibi@percayaumroh.com', 'percaya umroh', ' <br /> - <b>Nama :</b> ', NULL, 'new', 0, NULL, NULL, 1, NULL, NULL, NULL, NULL, 2, NULL, 43, NULL, NULL, 1, 2, 2, NULL, NULL, 1, '2024-07-17 08:44:16', '2024-07-17 08:44:16', NULL, NULL, NULL, NULL),
(108, 'imas rg', '62 8522 2078 958', NULL, 'imasrg20@gmail.com', 'qois tour travel', ' <br /> - <b>Nama :</b> ', NULL, 'new', 0, NULL, NULL, 1, NULL, NULL, NULL, NULL, 2, NULL, 44, NULL, NULL, 1, 2, 2, NULL, NULL, 1, '2024-07-17 08:44:16', '2024-07-17 08:44:16', NULL, NULL, NULL, NULL),
(109, 'afina sholihat', '62 813 8726 2894', NULL, 'amourestravel@yahoo.com', 'amoures tour operator', ' <br /> - <b>Nama :</b> ', NULL, 'new', 0, NULL, NULL, 1, NULL, NULL, NULL, NULL, 2, NULL, 45, NULL, NULL, 1, 2, 2, NULL, NULL, 1, '2024-07-17 08:44:16', '2024-07-17 08:44:16', NULL, NULL, NULL, NULL),
(110, 'musa anshori', '62 878 5929 4738', NULL, 'info@lathoifulqolbu.id', 'pt wiyarta tur rahayu', ' <br /> - <b>Nama :</b> ', NULL, 'new', 0, NULL, NULL, 1, NULL, NULL, NULL, NULL, 2, NULL, 45, NULL, NULL, 1, 2, 2, NULL, NULL, 1, '2024-07-17 08:44:16', '2024-07-17 08:44:16', NULL, NULL, NULL, NULL),
(111, 'rapion s kom', '62 811 7575 041', NULL, 'pdatravel@gmail.com', 'pda travel', ' <br /> - <b>Nama :</b> ', NULL, 'new', 0, NULL, NULL, 1, NULL, NULL, NULL, NULL, 2, NULL, 46, NULL, NULL, 1, 2, 2, NULL, NULL, 1, '2024-07-17 08:44:16', '2024-07-17 08:44:16', NULL, NULL, NULL, NULL),
(112, 'hj ade chaeriyah', '62 878 7366 2003', NULL, NULL, 'pt muntaha tujuh langit', ' <br /> - <b>Nama :</b> ', NULL, 'new', 0, NULL, NULL, 1, NULL, NULL, NULL, NULL, 2, NULL, 12, NULL, NULL, 1, 2, 2, NULL, NULL, 1, '2024-07-17 08:44:16', '2024-07-17 08:44:16', NULL, NULL, NULL, NULL),
(113, 'ahmad djalal talabani', '62 896 2121 8778', NULL, 'swadharma_travelindo@yahoo.com', 'swatravel', ' <br /> - <b>Nama :</b> ', NULL, 'new', 0, NULL, NULL, 1, NULL, NULL, NULL, NULL, 2, NULL, 20, NULL, NULL, 1, 2, 2, NULL, NULL, 1, '2024-07-17 08:44:16', '2024-07-17 08:44:16', NULL, NULL, NULL, NULL),
(114, 'nabila alzari', '62 812 8884 7073', NULL, 'nabila@selaraswisata.com', 'selaras citanusa wisata', ' <br /> - <b>Nama :</b> ', NULL, 'new', 0, NULL, NULL, 1, NULL, NULL, NULL, NULL, 2, NULL, 47, NULL, NULL, 1, 2, 2, NULL, NULL, 1, '2024-07-17 08:44:16', '2024-07-17 08:44:16', NULL, NULL, NULL, NULL),
(115, 'ust h uria hasnan', '62 819 516 0661', NULL, 'kaltrabu@gmail.com', 'Kaltrabu', ' <br /> - <b>Nama :</b> ', NULL, 'new', 0, NULL, NULL, 1, NULL, NULL, NULL, NULL, 2, NULL, 48, NULL, NULL, 1, 2, 2, NULL, NULL, 1, '2024-07-17 08:44:16', '2024-07-17 08:44:16', NULL, NULL, NULL, NULL),
(116, 'aliyani syukur', '62 812 4196 1130', NULL, 'aliy.syukur@globalsaffmadani.com', 'global saff madani', ' <br /> - <b>Nama :</b> ', NULL, 'new', 0, NULL, NULL, 1, NULL, NULL, NULL, NULL, 2, NULL, 49, NULL, NULL, 1, 2, 2, NULL, NULL, 1, '2024-07-17 08:44:16', '2024-07-17 08:44:16', NULL, NULL, NULL, NULL),
(117, 'ahmad idrus aljabri', '62 817 771 041', NULL, 'ahmad@cakrawalaindo.com', 'cakrawala globalindo wisata', ' <br /> - <b>Nama :</b> ', NULL, 'new', 0, NULL, NULL, 1, NULL, NULL, NULL, NULL, 2, NULL, 35, NULL, NULL, 1, 2, 2, NULL, NULL, 1, '2024-07-17 08:44:16', '2024-07-17 08:44:16', NULL, NULL, NULL, NULL),
(118, 'h riska harry safitri', '62 878 8905 6832', NULL, 'riska.harry@rhtour.co.id', 'pt riska harry tour&travel', ' <br /> - <b>Nama :</b> ', NULL, 'new', 0, NULL, NULL, 1, NULL, NULL, NULL, NULL, 2, NULL, 50, NULL, NULL, 1, 2, 2, NULL, NULL, 1, '2024-07-17 08:44:16', '2024-07-17 08:44:16', NULL, NULL, NULL, NULL),
(119, 'h gandi sutarya', '62 818 0202 7772', NULL, 'gandisutarya73@gmail.com', 'duta gheyatri prima', ' <br /> - <b>Nama :</b> ', NULL, 'new', 0, NULL, NULL, 1, NULL, NULL, NULL, NULL, 2, NULL, 14, NULL, NULL, 1, 2, 2, NULL, NULL, 1, '2024-07-17 08:44:16', '2024-07-17 08:44:16', NULL, NULL, NULL, NULL),
(120, 'farid amir abdat', '62 812 260 3711', NULL, 'amalia_tour@yahoo.co.id', 'amalia tour travel', ' <br /> - <b>Nama :</b> ', NULL, 'new', 0, NULL, NULL, 1, NULL, NULL, NULL, NULL, 2, NULL, 49, NULL, NULL, 1, 2, 2, NULL, NULL, 1, '2024-07-17 08:44:16', '2024-07-17 08:44:16', NULL, NULL, NULL, NULL),
(121, 'adib', '62 821 3430 9977', NULL, 'ptadibharamainberkahdanlaju@gmail.com', 'adib haramain', ' <br /> - <b>Nama :</b> ', NULL, 'new', 0, NULL, NULL, 1, NULL, NULL, NULL, NULL, 2, NULL, 14, NULL, NULL, 1, 2, 2, NULL, NULL, 1, '2024-07-17 08:44:16', '2024-07-17 08:44:16', NULL, NULL, NULL, NULL),
(122, 'md solih ansori', '65 63746608', NULL, 'solih@al-haqtravel.com', 'alhaq travel and tours pte ltd', ' <br /> - <b>Nama :</b> ', NULL, 'new', 0, NULL, NULL, 1, NULL, NULL, NULL, NULL, 2, NULL, 51, NULL, NULL, 1, 2, 2, NULL, NULL, 1, '2024-07-17 08:44:16', '2024-07-17 08:44:16', NULL, NULL, NULL, NULL),
(123, 'boy rhendi', '62 822 4419 8042', NULL, 'boy@balairung-hotel.co.id', 'balairung muslim frendly hotel', ' <br /> - <b>Nama :</b> ', NULL, 'new', 0, NULL, NULL, 1, NULL, NULL, NULL, NULL, 2, NULL, 52, NULL, NULL, 1, 2, 2, NULL, NULL, 1, '2024-07-17 08:44:16', '2024-07-17 08:44:16', NULL, NULL, NULL, NULL),
(124, 'w hazrulhak m unak', '62 812 9702 6977', NULL, 'hazrulhak@saharakafila.com', 'sahara kafila umrah hajj', ' <br /> - <b>Nama :</b> ', NULL, 'new', 0, NULL, NULL, 1, NULL, NULL, NULL, NULL, 2, NULL, 53, NULL, NULL, 1, 2, 2, NULL, NULL, 1, '2024-07-17 08:44:16', '2024-07-17 08:44:16', NULL, NULL, NULL, NULL),
(125, 'h mohammad shobrun jamil', '62 818 0803 9622', NULL, 'shobrungamiel@yahoo.com', 'pt wahdan sabilana &faiz global safari', ' <br /> - <b>Nama :</b> ', NULL, 'new', 0, NULL, NULL, 1, NULL, NULL, NULL, NULL, 2, NULL, 12, NULL, NULL, 1, 2, 2, NULL, NULL, 1, '2024-07-17 08:44:16', '2024-07-17 08:44:16', NULL, NULL, NULL, NULL),
(126, 'm juan syahbana - h bukran abdurahim taufiq', '62 822 2856 3419', '62 877 7665 1444', 'alsharifziskia@gmail.com', 'ziskia tours', ' <br /> - <b>Nama :</b> ', NULL, 'new', 0, NULL, NULL, 1, NULL, NULL, NULL, NULL, 2, NULL, 54, NULL, NULL, 1, 2, 2, NULL, NULL, 1, '2024-07-17 08:44:16', '2024-07-17 08:44:16', NULL, NULL, NULL, NULL),
(127, 'sheila chair', '62 821 2660 1666', NULL, 'sheilachair88@gmail.com', 'dku hajj umroh', ' <br /> - <b>Nama :</b> ', NULL, 'new', 0, NULL, NULL, 1, NULL, NULL, NULL, NULL, 2, NULL, 55, NULL, NULL, 1, 2, 2, NULL, NULL, 1, '2024-07-17 08:44:16', '2024-07-17 08:44:16', NULL, NULL, NULL, NULL),
(128, 'amr alhajj', '966 540 777 650', NULL, NULL, 'aiwa tour', ' <br /> - <b>Nama :</b> ', NULL, 'new', 0, NULL, NULL, 1, NULL, NULL, NULL, NULL, 2, NULL, 12, NULL, NULL, 1, 2, 2, NULL, NULL, 1, '2024-07-17 08:44:16', '2024-07-17 08:44:16', NULL, NULL, NULL, NULL),
(129, 'alfryanshah', '62 813 1043 2426', NULL, 'alfryanshah@pointer.co.id', 'pointer', ' <br /> - <b>Nama :</b> ', NULL, 'new', 0, NULL, NULL, 1, NULL, NULL, NULL, NULL, 2, NULL, 56, NULL, NULL, 1, 2, 2, NULL, NULL, 1, '2024-07-17 08:44:16', '2024-07-17 08:44:16', NULL, NULL, NULL, NULL),
(130, 'shella anissa', '62 821 1112 6769', NULL, 'shl@mkm-tour-travel.com', 'mkm tour travel', ' <br /> - <b>Nama :</b> ', NULL, 'new', 0, NULL, NULL, 1, NULL, NULL, NULL, NULL, 2, NULL, 57, NULL, NULL, 1, 2, 2, NULL, NULL, 1, '2024-07-17 08:44:16', '2024-07-17 08:44:16', NULL, NULL, NULL, NULL),
(131, 'moustafa hannoush', '966 50 021 56 80', NULL, 'mustafa@milagrostravel.com', 'milagros travel', ' <br /> - <b>Nama :</b> ', NULL, 'new', 0, NULL, NULL, 1, NULL, NULL, NULL, NULL, 2, NULL, 24, NULL, NULL, 1, 2, 2, NULL, NULL, 1, '2024-07-17 08:44:16', '2024-07-17 08:44:16', NULL, NULL, NULL, NULL),
(132, 'bashar anqour', '00962 79 667 66 20', NULL, 'bashar.a@adamtravel.net', 'adam travel', ' <br /> - <b>Nama :</b> ', NULL, 'new', 0, NULL, NULL, 1, NULL, NULL, NULL, NULL, 2, NULL, 35, NULL, NULL, 1, 2, 2, NULL, NULL, 1, '2024-07-17 08:44:16', '2024-07-17 08:44:16', NULL, NULL, NULL, NULL),
(133, 'zufri nugroho - marisha', '62 877 1700 0050', NULL, 'zufri@safa.co.id - info@safa.co.id', 'safabooking', ' <br /> - <b>Nama :</b> ', NULL, 'new', 0, NULL, NULL, 1, NULL, NULL, NULL, NULL, 2, NULL, 58, NULL, NULL, 1, 2, 2, NULL, NULL, 1, '2024-07-17 08:44:16', '2024-07-17 08:44:16', NULL, NULL, NULL, NULL),
(134, 'muhammad madani', '62 857 1657 4189', NULL, 'la.daralhijrah@gmail.com', 'dar alhijrah', ' <br /> - <b>Nama :</b> ', NULL, 'new', 0, NULL, NULL, 1, NULL, NULL, NULL, NULL, 2, NULL, 59, NULL, NULL, 1, 2, 2, NULL, NULL, 1, '2024-07-17 08:44:16', '2024-07-17 08:44:16', NULL, NULL, NULL, NULL),
(135, 'adil abbud bin gadi', '62 811 800 866', NULL, 'adilgadi@asmatour.com', 'pt sembilan sembilan wisata', ' <br /> - <b>Nama :</b> ', NULL, 'new', 0, NULL, NULL, 1, NULL, NULL, NULL, NULL, 2, NULL, 60, NULL, NULL, 1, 2, 2, NULL, NULL, 1, '2024-07-17 08:44:16', '2024-07-17 08:44:16', NULL, NULL, NULL, NULL),
(136, 'ariany minarizah', '62 811 822 247', NULL, 'akuwtoursbooking@gmail.com', 'pt alkhalid kusuma wardani', ' <br /> - <b>Nama :</b> ', NULL, 'new', 0, NULL, NULL, 1, NULL, NULL, NULL, NULL, 2, NULL, 14, NULL, NULL, 1, 2, 2, NULL, NULL, 1, '2024-07-17 08:44:16', '2024-07-17 08:44:16', NULL, NULL, NULL, NULL),
(137, 'siti aisyah', '62 811 1830 092', NULL, 'info@nur-alanur.com', 'nur ala nur', ' <br /> - <b>Nama :</b> ', NULL, 'new', 0, NULL, NULL, 1, NULL, NULL, NULL, NULL, 2, NULL, 12, NULL, NULL, 1, 2, 2, NULL, NULL, 1, '2024-07-17 08:44:16', '2024-07-17 08:44:16', NULL, NULL, NULL, NULL),
(138, 'ina oktaviana', '62 8138272 5463', NULL, 'ina.oktaviana@gmail.com', 'pt qifaya tour travel', ' <br /> - <b>Nama :</b> ', NULL, 'new', 0, NULL, NULL, 1, NULL, NULL, NULL, NULL, 2, NULL, 30, NULL, NULL, 1, 2, 2, NULL, NULL, 1, '2024-07-17 08:44:16', '2024-07-17 08:44:16', NULL, NULL, NULL, NULL),
(139, 'mohammad farhan', '62 877 8386 2577', NULL, 'farhanbesman@gmail.com', 'nusantara ilhami tour travel', ' <br /> - <b>Nama :</b> ', NULL, 'new', 0, NULL, NULL, 1, NULL, NULL, NULL, NULL, 2, NULL, 61, NULL, NULL, 1, 2, 2, NULL, NULL, 1, '2024-07-17 08:44:16', '2024-07-17 08:44:16', NULL, NULL, NULL, NULL),
(140, 'nendi hendrian', '62 813 2323 1728', NULL, 'nendihendrian@muniraworld.com', 'munira world tours travel', ' <br /> - <b>Nama :</b> ', NULL, 'new', 0, NULL, NULL, 1, NULL, NULL, NULL, NULL, 2, NULL, 62, NULL, NULL, 1, 2, 2, NULL, NULL, 1, '2024-07-17 08:44:16', '2024-07-17 08:44:16', NULL, NULL, NULL, NULL),
(141, 'hj niar alharaff', '62 813 1826 7516', NULL, 'ummahtourandtravel23@gmail.com', 'ummah tour travel', ' <br /> - <b>Nama :</b> ', NULL, 'new', 0, NULL, NULL, 1, NULL, NULL, NULL, NULL, 2, NULL, 18, NULL, NULL, 1, 2, 2, NULL, NULL, 1, '2024-07-17 08:44:16', '2024-07-17 08:44:16', NULL, NULL, NULL, NULL),
(142, 'fetti herawati', '62 811 8888 806', NULL, 'fettyherawati@yahoo.com', 'pt pisok utama wisata', ' <br /> - <b>Nama :</b> ', NULL, 'new', 0, NULL, NULL, 1, NULL, NULL, NULL, NULL, 2, NULL, 14, NULL, NULL, 1, 2, 2, NULL, NULL, 1, '2024-07-17 08:44:16', '2024-07-17 08:44:16', NULL, NULL, NULL, NULL),
(143, 'reni widana', '62 857 7283 3960', NULL, 'reni@aqobah.com', 'aqobah travel hajj umroh', ' <br /> - <b>Nama :</b> ', NULL, 'new', 0, NULL, NULL, 1, NULL, NULL, NULL, NULL, 2, NULL, 63, NULL, NULL, 1, 2, 2, NULL, NULL, 1, '2024-07-17 08:44:16', '2024-07-17 08:44:16', NULL, NULL, NULL, NULL),
(144, 'soraya herawati', '62 818 0517 0670', NULL, 'adv_raya@yahoo.com', 'raya almadinah tour travel', ' <br /> - <b>Nama :</b> ', NULL, 'new', 0, NULL, NULL, 1, NULL, NULL, NULL, NULL, 2, NULL, 12, NULL, NULL, 1, 2, 2, NULL, NULL, 1, '2024-07-17 08:44:16', '2024-07-17 08:44:16', NULL, NULL, NULL, NULL),
(145, 'akram mohammad abdo sahran', '62 877 0001 0037', NULL, 'akram@ncptour.co.id', 'pt nuansa ceria pesona', ' <br /> - <b>Nama :</b> ', NULL, 'new', 0, NULL, NULL, 1, NULL, NULL, NULL, NULL, 2, NULL, 59, NULL, NULL, 1, 2, 2, NULL, NULL, 1, '2024-07-17 08:44:16', '2024-07-17 08:44:16', NULL, NULL, NULL, NULL),
(146, 'fitrah jaya', '62 811 8180 103', NULL, 'tputribarokah@gmail.com', 'tujuh ptri barokah', ' <br /> - <b>Nama :</b> ', NULL, 'new', 0, NULL, NULL, 1, NULL, NULL, NULL, NULL, 2, NULL, 59, NULL, NULL, 1, 2, 2, NULL, NULL, 1, '2024-07-17 08:44:16', '2024-07-17 08:44:16', NULL, NULL, NULL, NULL),
(147, 'mohammad haidar', '62 812 8800 1178', NULL, 'info@cahayatour.com', 'cahaya tour', ' <br /> - <b>Nama :</b> ', NULL, 'new', 0, NULL, NULL, 1, NULL, NULL, NULL, NULL, 2, NULL, 64, NULL, NULL, 1, 2, 2, NULL, NULL, 1, '2024-07-17 08:44:16', '2024-07-17 08:44:16', NULL, NULL, NULL, NULL),
(148, 'r ratih eka', '62 811 2400 39', NULL, NULL, 'nura tour travel', ' <br /> - <b>Nama :</b> ', NULL, 'new', 0, NULL, NULL, 1, NULL, NULL, NULL, NULL, 2, NULL, 65, NULL, NULL, 1, 2, 2, NULL, NULL, 1, '2024-07-17 08:44:16', '2024-07-17 08:44:16', NULL, NULL, NULL, NULL),
(149, 'nurjaman', '62 857 8177 7558', NULL, 'info.mbtourtravel@gmail.com', 'mb tour travel', ' <br /> - <b>Nama :</b> ', NULL, 'new', 0, NULL, NULL, 1, NULL, NULL, NULL, NULL, 2, NULL, 18, NULL, NULL, 1, 2, 2, NULL, NULL, 1, '2024-07-17 08:44:16', '2024-07-17 08:44:16', NULL, NULL, NULL, NULL),
(150, 'abdul kadir', '62 818 481 085', NULL, 'nurfaz.tour@gmail.com', 'nur faz tour travel', ' <br /> - <b>Nama :</b> ', NULL, 'new', 0, NULL, NULL, 1, NULL, NULL, NULL, NULL, 2, NULL, 55, NULL, NULL, 1, 2, 2, NULL, NULL, 1, '2024-07-17 08:44:16', '2024-07-17 08:44:16', NULL, NULL, NULL, NULL),
(151, 'ir alfiah ali mustari', '62 811 190 063', NULL, 'fiahtauhid20@gmail.com', 'alhamdi umroh hajj', ' <br /> - <b>Nama :</b> ', NULL, 'new', 0, NULL, NULL, 1, NULL, NULL, NULL, NULL, 2, NULL, 24, NULL, NULL, 1, 2, 2, NULL, NULL, 1, '2024-07-17 08:44:16', '2024-07-17 08:44:16', NULL, NULL, NULL, NULL),
(152, 'abdullah thahir', '62 813 9982 0170', NULL, 'admin@azkaumroh.com', 'pt azka mandiri intarnasional', ' <br /> - <b>Nama :</b> ', NULL, 'new', 0, NULL, NULL, 1, NULL, NULL, NULL, NULL, 2, NULL, 59, NULL, NULL, 1, 2, 2, NULL, NULL, 1, '2024-07-17 08:44:16', '2024-07-17 08:44:16', NULL, NULL, NULL, NULL),
(153, 'wahyu agus', '62 858 8888 0978', NULL, 'wahyu08hasanah@gmail.com', 'hasanah tour travel', ' <br /> - <b>Nama :</b> ', NULL, 'new', 0, NULL, NULL, 1, NULL, NULL, NULL, NULL, 2, NULL, 12, NULL, NULL, 1, 2, 2, NULL, NULL, 1, '2024-07-17 08:44:16', '2024-07-17 08:44:16', NULL, NULL, NULL, NULL),
(154, 'mohammad resza', '62 818 0885 8526', NULL, 'alfir_wisatautama@yahoo.com', 'pt alfir wisata utama', ' <br /> - <b>Nama :</b> ', NULL, 'new', 0, NULL, NULL, 1, NULL, NULL, NULL, NULL, 2, NULL, 12, NULL, NULL, 1, 2, 2, NULL, NULL, 1, '2024-07-17 08:44:16', '2024-07-17 08:44:16', NULL, NULL, NULL, NULL),
(155, 'dhian novianty', '62 813 4931 9245', NULL, NULL, 'ubepe guides better', ' <br /> - <b>Nama :</b> ', NULL, 'new', 0, NULL, NULL, 1, NULL, NULL, NULL, NULL, 2, NULL, 66, NULL, NULL, 1, 2, 2, NULL, NULL, 1, '2024-07-17 08:44:16', '2024-07-17 08:44:16', NULL, NULL, NULL, NULL),
(156, 'hj syalena abdullah', '62 812 9048 0762', NULL, 'syarifahlena07@gmail.com', 'almahdaly travel', ' <br /> - <b>Nama :</b> ', NULL, 'new', 0, NULL, NULL, 1, NULL, NULL, NULL, NULL, 2, NULL, 12, NULL, NULL, 1, 2, 2, NULL, NULL, 1, '2024-07-17 08:44:16', '2024-07-17 08:44:16', NULL, NULL, NULL, NULL),
(157, 'bagus wahyudi', '62 821 2274 6599', NULL, 'luhurutamatour@gmail.com', 'luhur utama tours', ' <br /> - <b>Nama :</b> ', NULL, 'new', 0, NULL, NULL, 1, NULL, NULL, NULL, NULL, 2, NULL, 18, NULL, NULL, 1, 2, 2, NULL, NULL, 1, '2024-07-17 08:44:16', '2024-07-17 08:44:16', NULL, NULL, NULL, NULL),
(158, 'siti hazar', '62 813 1688 3997', NULL, 'hazaracantika@yahoo.com', 'hazara event & travel', ' <br /> - <b>Nama :</b> ', NULL, 'new', 0, NULL, NULL, 1, NULL, NULL, NULL, NULL, 2, NULL, 14, NULL, NULL, 1, 2, 2, NULL, NULL, 1, '2024-07-17 08:44:16', '2024-07-17 08:44:16', NULL, NULL, NULL, NULL),
(159, 'etty bachetta', '62 812 2221 0399', NULL, 'pendawalbk@gmail.com', 'pendawa umroh hajji', ' <br /> - <b>Nama :</b> ', NULL, 'new', 0, NULL, NULL, 1, NULL, NULL, NULL, NULL, 2, NULL, 12, NULL, NULL, 1, 2, 2, NULL, NULL, 1, '2024-07-17 08:44:16', '2024-07-17 08:44:16', NULL, NULL, NULL, NULL),
(160, 'h iqbal sayuti', '62 811 879 111', NULL, 'daenk_ikbal@yahoo.com', 'nursa tour', ' <br /> - <b>Nama :</b> ', NULL, 'new', 0, NULL, NULL, 1, NULL, NULL, NULL, NULL, 2, NULL, 67, NULL, NULL, 1, 2, 2, NULL, NULL, 1, '2024-07-17 08:44:16', '2024-07-17 08:44:16', NULL, NULL, NULL, NULL),
(161, 'priyanto', '62 812 8177 5097', NULL, NULL, 'pt atwa tour travel', ' <br /> - <b>Nama :</b> ', NULL, 'new', 0, NULL, NULL, 1, NULL, NULL, NULL, NULL, 2, NULL, 12, NULL, NULL, 1, 2, 2, NULL, NULL, 1, '2024-07-17 08:44:16', '2024-07-17 08:44:16', NULL, NULL, NULL, NULL),
(162, 'h alimuddin', '62 813 6660 1288', NULL, 'ihsanaliwisata@yahoo.com', 'pt ihsan ali wisata', ' <br /> - <b>Nama :</b> ', NULL, 'new', 0, NULL, NULL, 1, NULL, NULL, NULL, NULL, 2, NULL, 14, NULL, NULL, 1, 2, 2, NULL, NULL, 1, '2024-07-17 08:44:16', '2024-07-17 08:44:16', NULL, NULL, NULL, NULL),
(163, 'anbdullah nahdi', '62 856 9374 9461', NULL, 'res@amwajtel.com', 'amwaj tour travel', ' <br /> - <b>Nama :</b> ', NULL, 'new', 0, NULL, NULL, 1, NULL, NULL, NULL, NULL, 2, NULL, 42, NULL, NULL, 1, 2, 2, NULL, NULL, 1, '2024-07-17 08:44:16', '2024-07-17 08:44:16', NULL, NULL, NULL, NULL),
(164, 'maya nirmala', '62 811 88 55 35', NULL, 'maya@tibitour.com', 'tibi tour', ' <br /> - <b>Nama :</b> ', NULL, 'new', 0, NULL, NULL, 1, NULL, NULL, NULL, NULL, 2, NULL, 31, NULL, NULL, 1, 2, 2, NULL, NULL, 1, '2024-07-17 08:44:16', '2024-07-17 08:44:16', NULL, NULL, NULL, NULL),
(165, 'angga', '62 812 813 00 447', NULL, 'barkaglobal@gmail.com', 'barka global wisata', ' <br /> - <b>Nama :</b> ', NULL, 'new', 0, NULL, NULL, 1, NULL, NULL, NULL, NULL, 2, NULL, 68, NULL, NULL, 1, 2, 2, NULL, NULL, 1, '2024-07-17 08:44:16', '2024-07-17 08:44:16', NULL, NULL, NULL, NULL),
(166, 'jayanti manda sari', '62 811 1988 502', NULL, 'mandagaharu@gmail.com', 'gaharu tourism', ' <br /> - <b>Nama :</b> ', NULL, 'new', 0, NULL, NULL, 1, NULL, NULL, NULL, NULL, 2, NULL, 56, NULL, NULL, 1, 2, 2, NULL, NULL, 1, '2024-07-17 08:44:16', '2024-07-17 08:44:16', NULL, NULL, NULL, NULL),
(167, 'mohammad reza pahlevi', '62 813 1422 2434', NULL, 'rezapahlevi8968@gmail.com', 'alaziziah umroh hajj', ' <br /> - <b>Nama :</b> ', NULL, 'new', 0, NULL, NULL, 1, NULL, NULL, NULL, NULL, 2, NULL, 53, NULL, NULL, 1, 2, 2, NULL, NULL, 1, '2024-07-17 08:44:16', '2024-07-17 08:44:16', NULL, NULL, NULL, NULL),
(168, 'rima kustianty', '62 812 1920 1414', NULL, 'alaqshapusat@gmail.com', 'alaqsha jisru dakwah', ' <br /> - <b>Nama :</b> ', NULL, 'new', 0, NULL, NULL, 1, NULL, NULL, NULL, NULL, 2, NULL, 69, NULL, NULL, 1, 2, 2, NULL, NULL, 1, '2024-07-17 08:44:16', '2024-07-17 08:44:16', NULL, NULL, NULL, NULL),
(169, 'h heru chanjago', '62 813 2102 9712', NULL, 'megatama.umrah@gmail.com', 'megatama tours umrah dan haji', ' <br /> - <b>Nama :</b> ', NULL, 'new', 0, NULL, NULL, 1, NULL, NULL, NULL, NULL, 2, NULL, 70, NULL, NULL, 1, 2, 2, NULL, NULL, 1, '2024-07-17 08:44:16', '2024-07-17 08:44:16', NULL, NULL, NULL, NULL),
(170, 'h harya ahmad bernadhan', '62 812 7251 7666', NULL, 'harya@pujatravel.com', 'puja travel', ' <br /> - <b>Nama :</b> ', NULL, 'new', 0, NULL, NULL, 1, NULL, NULL, NULL, NULL, 2, NULL, 60, NULL, NULL, 1, 2, 2, NULL, NULL, 1, '2024-07-17 08:44:16', '2024-07-17 08:44:16', NULL, NULL, NULL, NULL),
(171, 'waddah mutairi', '62 811 1330 031', NULL, 'w_mutairi@yahoo.com', 'stasiun utama wisata', ' <br /> - <b>Nama :</b> ', NULL, 'new', 0, NULL, NULL, 1, NULL, NULL, NULL, NULL, 2, NULL, 71, NULL, NULL, 1, 2, 2, NULL, NULL, 1, '2024-07-17 08:44:16', '2024-07-17 08:44:16', NULL, NULL, NULL, NULL),
(172, 'roni permana', '62 857 7901 8244', NULL, 'www.jwmtravel.com', 'jmw travel', ' <br /> - <b>Nama :</b> ', NULL, 'new', 0, NULL, NULL, 1, NULL, NULL, NULL, NULL, 2, NULL, 18, NULL, NULL, 1, 2, 2, NULL, NULL, 1, '2024-07-17 08:44:16', '2024-07-17 08:44:16', NULL, NULL, NULL, NULL),
(173, 'hardy harun', '62 877 7666 7690', NULL, 'hawaritravel@gmail.com', 'hawari travel', ' <br /> - <b>Nama :</b> ', NULL, 'new', 0, NULL, NULL, 1, NULL, NULL, NULL, NULL, 2, NULL, 14, NULL, NULL, 1, 2, 2, NULL, NULL, 1, '2024-07-17 08:44:16', '2024-07-17 08:44:16', NULL, NULL, NULL, NULL),
(174, 'jahir sapudin', '62 813 8060 2735', NULL, 'jahit.sapudin@ridaint.com', 'rida intarnasional travel', ' <br /> - <b>Nama :</b> ', NULL, 'new', 0, NULL, NULL, 1, NULL, NULL, NULL, NULL, 2, NULL, 56, NULL, NULL, 1, 2, 2, NULL, NULL, 1, '2024-07-17 08:44:16', '2024-07-17 08:44:16', NULL, NULL, NULL, NULL),
(175, 'syarif thalib', '62 852 0402 3000', NULL, 'umrah.marco@gmail.com', 'marco tour travel', ' <br /> - <b>Nama :</b> ', NULL, 'new', 0, NULL, NULL, 1, NULL, NULL, NULL, NULL, 2, NULL, 12, NULL, NULL, 1, 2, 2, NULL, NULL, 1, '2024-07-17 08:44:16', '2024-07-17 08:44:16', NULL, NULL, NULL, NULL),
(176, 'ghalib saleh anuz', '62 812 1951 444', NULL, 'safiiramal@yahoo.com', 'safir tour travel', ' <br /> - <b>Nama :</b> ', NULL, 'new', 0, NULL, NULL, 1, NULL, NULL, NULL, NULL, 2, NULL, 53, NULL, NULL, 1, 2, 2, NULL, NULL, 1, '2024-07-17 08:44:16', '2024-07-17 08:44:16', NULL, NULL, NULL, NULL),
(177, 'sardin abdul barie', '62 817 747 021', NULL, 'pangujitravel@gmail.com', 'paluma tour travel', ' <br /> - <b>Nama :</b> ', NULL, 'new', 0, NULL, NULL, 1, NULL, NULL, NULL, NULL, 2, NULL, 72, NULL, NULL, 1, 2, 2, NULL, NULL, 1, '2024-07-17 08:44:16', '2024-07-17 08:44:16', NULL, NULL, NULL, NULL),
(178, 'liesmayanti uswin', '62 812 8154 7823', NULL, 'jauhar.alquds@gmail.com', 'jauhar alquds travel', ' <br /> - <b>Nama :</b> ', NULL, 'new', 0, NULL, NULL, 1, NULL, NULL, NULL, NULL, 2, NULL, 18, NULL, NULL, 1, 2, 2, NULL, NULL, 1, '2024-07-17 08:44:16', '2024-07-17 08:44:16', NULL, NULL, NULL, NULL),
(179, 'yayuk endarti', '62 811 1311 970', NULL, 'y_endarti311@yahoo.com', 'pt air marindu', ' <br /> - <b>Nama :</b> ', NULL, 'new', 0, NULL, NULL, 1, NULL, NULL, NULL, NULL, 2, NULL, 12, NULL, NULL, 1, 2, 2, NULL, NULL, 1, '2024-07-17 08:44:16', '2024-07-17 08:44:16', NULL, NULL, NULL, NULL),
(180, 'ust nasirudin marhali', '62 812 8080 1122', NULL, 'marhalinasir06@gmai.com', 'pt monas mitra cemerlang', ' <br /> - <b>Nama :</b> ', NULL, 'new', 0, NULL, NULL, 1, NULL, NULL, NULL, NULL, 2, NULL, 18, NULL, NULL, 1, 2, 2, NULL, NULL, 1, '2024-07-17 08:44:16', '2024-07-17 08:44:16', NULL, NULL, NULL, NULL),
(181, 'laras putri', '62 812 1382 7353', NULL, NULL, 'pt tonggak bumi indah arafah', ' <br /> - <b>Nama :</b> ', NULL, 'new', 0, NULL, NULL, 1, NULL, NULL, NULL, NULL, 2, NULL, 59, NULL, NULL, 1, 2, 2, NULL, NULL, 1, '2024-07-17 08:44:16', '2024-07-17 08:44:16', NULL, NULL, NULL, NULL);
INSERT INTO `contacts` (`id`, `name`, `mobile`, `mobile2`, `email`, `company_name`, `notes`, `gender`, `status`, `is_trashed`, `birth_date`, `national_id`, `is_active`, `custom_attributes`, `code`, `city_id`, `area_id`, `contact_source_id`, `contact_category_id`, `job_title_id`, `industry_id`, `major_id`, `employee_id`, `activity_id`, `interest_id`, `customer_id`, `campaign_id`, `created_by`, `created_at`, `updated_at`, `deleted_at`, `address`, `religion`, `branch_id`) VALUES
(182, 'joko susanta', '62 838 9593 6755', NULL, 'jokosusanta@aerowisatatravel.com', 'aerohajj', ' <br /> - <b>Nama :</b> ', NULL, 'new', 0, NULL, NULL, 1, NULL, NULL, NULL, NULL, 2, NULL, 73, NULL, NULL, 1, 2, 2, NULL, NULL, 1, '2024-07-17 08:44:16', '2024-07-17 08:44:16', NULL, NULL, NULL, NULL),
(183, 'riri', '62 812 9824 7363', NULL, 'umroh@antavaya.com', 'anta umroh', ' <br /> - <b>Nama :</b> ', NULL, 'new', 0, NULL, NULL, 1, NULL, NULL, NULL, NULL, 2, NULL, 74, NULL, NULL, 1, 2, 2, NULL, NULL, 1, '2024-07-17 08:44:16', '2024-07-17 08:44:16', NULL, NULL, NULL, NULL),
(184, 'eric andhika', '62 812 8388 0200', NULL, 'eric.andhika@antavaya.com', NULL, ' <br /> - <b>Nama :</b> ', NULL, 'new', 0, NULL, NULL, 1, NULL, NULL, NULL, NULL, 2, NULL, 24, NULL, NULL, 1, 2, 2, NULL, NULL, 1, '2024-07-17 08:44:16', '2024-07-17 08:44:16', NULL, NULL, NULL, NULL),
(185, 'hari prakoso', '62 895 8070 10199', NULL, 'hariprakoso338@yahoo.co.id', 'sahid tour umroh haji', ' <br /> - <b>Nama :</b> ', NULL, 'new', 0, NULL, NULL, 1, NULL, NULL, NULL, NULL, 2, NULL, 33, NULL, NULL, 1, 2, 2, NULL, NULL, 1, '2024-07-17 08:44:16', '2024-07-17 08:44:16', NULL, NULL, NULL, NULL),
(186, 'ela nurlaela', '62 821 1375 4911', NULL, 'neawisata7@gmail.com', 'nea tour travel', ' <br /> - <b>Nama :</b> ', NULL, 'new', 0, NULL, NULL, 1, NULL, NULL, NULL, NULL, 2, NULL, 55, NULL, NULL, 1, 2, 2, NULL, NULL, 1, '2024-07-17 08:44:16', '2024-07-17 08:44:16', NULL, NULL, NULL, NULL),
(187, 'noval ardie nasrun', '62 813 1946 4497', NULL, 'novalardieardie@yahoo.co.id', 'terminal haji tour travel', ' <br /> - <b>Nama :</b> ', NULL, 'new', 0, NULL, NULL, 1, NULL, NULL, NULL, NULL, 2, NULL, 12, NULL, NULL, 1, 2, 2, NULL, NULL, 1, '2024-07-17 08:44:16', '2024-07-17 08:44:16', NULL, NULL, NULL, NULL),
(188, 'erdi putraina', '62 812 8103 5933', NULL, 'atinarahmatakahotel@gmail.com', 'pt atina rahmataka wisata', ' <br /> - <b>Nama :</b> ', NULL, 'new', 0, NULL, NULL, 1, NULL, NULL, NULL, NULL, 2, NULL, 59, NULL, NULL, 1, 2, 2, NULL, NULL, 1, '2024-07-17 08:44:16', '2024-07-17 08:44:16', NULL, NULL, NULL, NULL),
(189, 'rohansyah', '62 812 9431 3125', NULL, 'rohansyah@yatsribtravel.com', 'yatsrib daarul ulum umroh haji', ' <br /> - <b>Nama :</b> ', NULL, 'new', 0, NULL, NULL, 1, NULL, NULL, NULL, NULL, 2, NULL, 75, NULL, NULL, 1, 2, 2, NULL, NULL, 1, '2024-07-17 08:44:16', '2024-07-17 08:44:16', NULL, NULL, NULL, NULL),
(190, 'dian nurdiansyah', '62 877 8209 0960', NULL, 'pt_nurramadhan@yahoo.co.id', 'pt nur ramadhan', ' <br /> - <b>Nama :</b> ', NULL, 'new', 0, NULL, NULL, 1, NULL, NULL, NULL, NULL, 2, NULL, 76, NULL, NULL, 1, 2, 2, NULL, NULL, 1, '2024-07-17 08:44:16', '2024-07-17 08:44:16', NULL, NULL, NULL, NULL),
(191, 'nurul arifin', '62 838 7303 0824', NULL, 'nurularifin0504@gmail.com', 'kpm travel', ' <br /> - <b>Nama :</b> ', NULL, 'new', 0, NULL, NULL, 1, NULL, NULL, NULL, NULL, 2, NULL, 77, NULL, NULL, 1, 2, 2, NULL, NULL, 1, '2024-07-17 08:44:16', '2024-07-17 08:44:16', NULL, NULL, NULL, NULL),
(192, 'ramdoni fajarudin', '62 821 3018 4055', NULL, NULL, 'pt nusantara ilham', ' <br /> - <b>Nama :</b> ', NULL, 'new', 0, NULL, NULL, 1, NULL, NULL, NULL, NULL, 2, NULL, 55, NULL, NULL, 1, 2, 2, NULL, NULL, 1, '2024-07-17 08:44:16', '2024-07-17 08:44:16', NULL, NULL, NULL, NULL),
(193, 'kasif heer', '62 812 8029 2700', NULL, NULL, 'safaroh tour travel', ' <br /> - <b>Nama :</b> ', NULL, 'new', 0, NULL, NULL, 1, NULL, NULL, NULL, NULL, 2, NULL, 60, NULL, NULL, 1, 2, 2, NULL, NULL, 1, '2024-07-17 08:44:16', '2024-07-17 08:44:16', NULL, NULL, NULL, NULL),
(194, 'ryan darmawan', '62 817 0909 221', NULL, 'ryan@dreamtour.co.id', 'dream tour', ' <br /> - <b>Nama :</b> ', NULL, 'new', 0, NULL, NULL, 1, NULL, NULL, NULL, NULL, 2, NULL, 78, NULL, NULL, 1, 2, 2, NULL, NULL, 1, '2024-07-17 08:44:16', '2024-07-17 08:44:16', NULL, NULL, NULL, NULL),
(195, 'achmad abdullah', '62 821 2210 0022', NULL, 'alhijaz_indowisata@hotmail.com', 'alhijaz tour travel', ' <br /> - <b>Nama :</b> ', NULL, 'new', 0, NULL, NULL, 1, NULL, NULL, NULL, NULL, 2, NULL, 50, NULL, NULL, 1, 2, 2, NULL, NULL, 1, '2024-07-17 08:44:16', '2024-07-17 08:44:16', NULL, NULL, NULL, NULL),
(196, 'anggi', '62 877 2076 8502', NULL, 'anggi.tiraztravel@gmail.com', 'tiraz travel', ' <br /> - <b>Nama :</b> ', NULL, 'new', 0, NULL, NULL, 1, NULL, NULL, NULL, NULL, 2, NULL, 73, NULL, NULL, 1, 2, 2, NULL, NULL, 1, '2024-07-17 08:44:16', '2024-07-17 08:44:16', NULL, NULL, NULL, NULL),
(197, 'jamal bawazier', '62 813 8369 1600', NULL, 'locateljamal@gmail.com', 'locatel hotels reservation', ' <br /> - <b>Nama :</b> ', NULL, 'new', 0, NULL, NULL, 1, NULL, NULL, NULL, NULL, 2, NULL, 60, NULL, NULL, 1, 2, 2, NULL, NULL, 1, '2024-07-17 08:44:16', '2024-07-17 08:44:16', NULL, NULL, NULL, NULL),
(198, 'fauzan abdullah', '62 857 7753 6000', NULL, 'fauzanmekkah@gmail.com', 'pt kartika utama', ' <br /> - <b>Nama :</b> ', NULL, 'new', 0, NULL, NULL, 1, NULL, NULL, NULL, NULL, 2, NULL, 17, NULL, NULL, 1, 2, 2, NULL, NULL, 1, '2024-07-17 08:44:16', '2024-07-17 08:44:16', NULL, NULL, NULL, NULL),
(199, 'h imam iskandar', '62 811 9000 080', NULL, 'imamiskandar41@gmail.com', 'pt iskandar duriah utama', ' <br /> - <b>Nama :</b> ', NULL, 'new', 0, NULL, NULL, 1, NULL, NULL, NULL, NULL, 2, NULL, 60, NULL, NULL, 1, 2, 2, NULL, NULL, 1, '2024-07-17 08:44:16', '2024-07-17 08:44:16', NULL, NULL, NULL, NULL),
(200, 'sri budi tisnowati', '62 813 1731 9250', NULL, 'seni_tnt@yahoo.com', 'pt srikandi nuansa wisata indonesia', ' <br /> - <b>Nama :</b> ', NULL, 'new', 0, NULL, NULL, 1, NULL, NULL, NULL, NULL, 2, NULL, 55, NULL, NULL, 1, 2, 2, NULL, NULL, 1, '2024-07-17 08:44:16', '2024-07-17 08:44:16', NULL, NULL, NULL, NULL),
(201, 'eris herlambang', '62 817 4939 133', NULL, 'erisherlambang3107@gmail.com', 'pt anugerah citra mulia', ' <br /> - <b>Nama :</b> ', NULL, 'new', 0, NULL, NULL, 1, NULL, NULL, NULL, NULL, 2, NULL, 59, NULL, NULL, 1, 2, 2, NULL, NULL, 1, '2024-07-17 08:44:16', '2024-07-17 08:44:16', NULL, NULL, NULL, NULL),
(202, 'ezi saputra', '62 823 8871 5119', NULL, 'muhibbahpku@yahoo.com', 'pt muhibbah mulia wisata', ' <br /> - <b>Nama :</b> ', NULL, 'new', 0, NULL, NULL, 1, NULL, NULL, NULL, NULL, 2, NULL, 12, NULL, NULL, 1, 2, 2, NULL, NULL, 1, '2024-07-17 08:44:16', '2024-07-17 08:44:16', NULL, NULL, NULL, NULL),
(203, 'eny lestari', '62 813 8193 0736', NULL, 'enylestari.superholiday@gmail.com', 'super holiday tour umroh hajj', ' <br /> - <b>Nama :</b> ', NULL, 'new', 0, NULL, NULL, 1, NULL, NULL, NULL, NULL, 2, NULL, 59, NULL, NULL, 1, 2, 2, NULL, NULL, 1, '2024-07-17 08:44:16', '2024-07-17 08:44:16', NULL, NULL, NULL, NULL),
(204, 'hj hafidatulhaniah', '62 817 0824 213', NULL, 'haniahizzuddin@gmail.com', 'pt hanny aulia wisata', ' <br /> - <b>Nama :</b> ', NULL, 'new', 0, NULL, NULL, 1, NULL, NULL, NULL, NULL, 2, NULL, 12, NULL, NULL, 1, 2, 2, NULL, NULL, 1, '2024-07-17 08:44:16', '2024-07-17 08:44:16', NULL, NULL, NULL, NULL),
(205, 'gugah zaman', '62 812 8886 5881', NULL, 'milariwisata@gmail.com', 'pt milari risalah wisata', ' <br /> - <b>Nama :</b> ', NULL, 'new', 0, NULL, NULL, 1, NULL, NULL, NULL, NULL, 2, NULL, 12, NULL, NULL, 1, 2, 2, NULL, NULL, 1, '2024-07-17 08:44:16', '2024-07-17 08:44:16', NULL, NULL, NULL, NULL),
(206, 'h napis kurtubi', '62 812 8375 241', NULL, 'aza_tour@yahoo.com', 'pt aza tour travel', ' <br /> - <b>Nama :</b> ', NULL, 'new', 0, NULL, NULL, 1, NULL, NULL, NULL, NULL, 2, NULL, 79, NULL, NULL, 1, 2, 2, NULL, NULL, 1, '2024-07-17 08:44:16', '2024-07-17 08:44:16', NULL, NULL, NULL, NULL),
(207, 'wail ahmad sofyani', '62 813 1200 1212', NULL, 'royalsalamtravel@gmail.com', 'pt royal elsalam universal', ' <br /> - <b>Nama :</b> ', NULL, 'new', 0, NULL, NULL, 1, NULL, NULL, NULL, NULL, 2, NULL, 80, NULL, NULL, 1, 2, 2, NULL, NULL, 1, '2024-07-17 08:44:16', '2024-07-17 08:44:16', NULL, NULL, NULL, NULL),
(208, 'syarif hidayatullah assagaf', '62 812 9731 1331', NULL, 'syarifhi0701@gmail.com', 'alfatah zen travel', ' <br /> - <b>Nama :</b> ', NULL, 'new', 0, NULL, NULL, 1, NULL, NULL, NULL, NULL, 2, NULL, 12, NULL, NULL, 1, 2, 2, NULL, NULL, 1, '2024-07-17 08:44:16', '2024-07-17 08:44:16', NULL, NULL, NULL, NULL),
(209, 'syafiq aljabry', '62 812 8000 9860', NULL, 'syarahwisata@gmail.com', 'syarah wisata', ' <br /> - <b>Nama :</b> ', NULL, 'new', 0, NULL, NULL, 1, NULL, NULL, NULL, NULL, 2, NULL, 55, NULL, NULL, 1, 2, 2, NULL, NULL, 1, '2024-07-17 08:44:16', '2024-07-17 08:44:16', NULL, NULL, NULL, NULL),
(210, 'hj gebby qonita pareira', '62 811 922 747', NULL, 'qonitaumroh@gmail.com', 'pt qonita zikra semesta', ' <br /> - <b>Nama :</b> ', NULL, 'new', 0, NULL, NULL, 1, NULL, NULL, NULL, NULL, 2, NULL, 81, NULL, NULL, 1, 2, 2, NULL, NULL, 1, '2024-07-17 08:44:16', '2024-07-17 08:44:16', NULL, NULL, NULL, NULL),
(211, 'dewi oktaviani', '62 812 8176 1616', NULL, 'dewioktaviani21@yahoo.co.id', 'rahma muliya wisata', ' <br /> - <b>Nama :</b> ', NULL, 'new', 0, NULL, NULL, 1, NULL, NULL, NULL, NULL, 2, NULL, 82, NULL, NULL, 1, 2, 2, NULL, NULL, 1, '2024-07-17 08:44:16', '2024-07-17 08:44:16', NULL, NULL, NULL, NULL),
(212, 'erni yansyah', '62 877 8889 2962', NULL, 'ernifaruk@yahoo.co.id', 'syakira tour', ' <br /> - <b>Nama :</b> ', NULL, 'new', 0, NULL, NULL, 1, NULL, NULL, NULL, NULL, 2, NULL, 83, NULL, NULL, 1, 2, 2, NULL, NULL, 1, '2024-07-17 08:44:16', '2024-07-17 08:44:16', NULL, NULL, NULL, NULL),
(213, 'ali abdullah', '62 813 8708 3988', NULL, 'ninefutsal@yahoo.com', 'afditour', ' <br /> - <b>Nama :</b> ', NULL, 'new', 0, NULL, NULL, 1, NULL, NULL, NULL, NULL, 2, NULL, 73, NULL, NULL, 1, 2, 2, NULL, NULL, 1, '2024-07-17 08:44:16', '2024-07-17 08:44:16', NULL, NULL, NULL, NULL),
(214, 'ir.h hifzullah', '62 821 8163 1913', NULL, 'zahraumrohpalembang@gmail.com', 'pt azahra ibadah umat tour travel', ' <br /> - <b>Nama :</b> ', NULL, 'new', 0, NULL, NULL, 1, NULL, NULL, NULL, NULL, 2, NULL, 60, NULL, NULL, 1, 2, 2, NULL, NULL, 1, '2024-07-17 08:44:16', '2024-07-17 08:44:16', NULL, NULL, NULL, NULL),
(215, 'ilman nur jamil', '62 855 2622 5346', NULL, 'wisatalantabur@gmail.com', 'lantama wisata', ' <br /> - <b>Nama :</b> ', NULL, 'new', 0, NULL, NULL, 1, NULL, NULL, NULL, NULL, 2, NULL, 84, NULL, NULL, 1, 2, 2, NULL, NULL, 1, '2024-07-17 08:44:16', '2024-07-17 08:44:16', NULL, NULL, NULL, NULL),
(216, 'nasrulloh', '6281382808159', NULL, 'nasrulloh.abudihyah@gmail.com', 'medinah wisata haji &umroh servis', ' <br /> - <b>Nama :</b> ', NULL, 'new', 0, NULL, NULL, 1, NULL, NULL, NULL, NULL, 2, NULL, 46, NULL, NULL, 1, 2, 2, NULL, NULL, 1, '2024-07-17 08:44:16', '2024-07-17 08:44:16', NULL, NULL, NULL, NULL),
(217, 'jubaidah abubakar', '6281289871898', NULL, 'bedha@ms-aishah.com', 'aishah tour &tarvel', ' <br /> - <b>Nama :</b> ', NULL, 'new', 0, NULL, NULL, 1, NULL, NULL, NULL, NULL, 2, NULL, 85, NULL, NULL, 1, 2, 2, NULL, NULL, 1, '2024-07-17 08:44:16', '2024-07-17 08:44:16', NULL, NULL, NULL, NULL),
(218, 'syarifah zainah', '62818492933', NULL, 'original_tourtravel@yqhoo.com', 'kautsar original wisata', ' <br /> - <b>Nama :</b> ', NULL, 'new', 0, NULL, NULL, 1, NULL, NULL, NULL, NULL, 2, NULL, 46, NULL, NULL, 1, 2, 2, NULL, NULL, 1, '2024-07-17 08:44:16', '2024-07-17 08:44:16', NULL, NULL, NULL, NULL),
(219, 'hj.hanny ros', '6282123489670', NULL, 'mutiara5wisata@yahoo.com', 'mutiara lima wisata umrah &haji plus', ' <br /> - <b>Nama :</b> ', NULL, 'new', 0, NULL, NULL, 1, NULL, NULL, NULL, NULL, 2, NULL, 86, NULL, NULL, 1, 2, 2, NULL, NULL, 1, '2024-07-17 08:44:16', '2024-07-17 08:44:16', NULL, NULL, NULL, NULL),
(220, 'moustafa hannooush', '966500215680', NULL, 'mustafa@milagrostravel.com', 'milagros travel for umroh', ' <br /> - <b>Nama :</b> ', NULL, 'new', 0, NULL, NULL, 1, NULL, NULL, NULL, NULL, 2, NULL, 24, NULL, NULL, 1, 2, 2, NULL, NULL, 1, '2024-07-17 08:44:16', '2024-07-17 08:44:16', NULL, NULL, NULL, NULL),
(221, 'h.m.shohib murtani', '6281310101017', NULL, 'albintourtravelwisata@yahoo.com', 'apbin haji&umroh plus and reguler', ' <br /> - <b>Nama :</b> ', NULL, 'new', 0, NULL, NULL, 1, NULL, NULL, NULL, NULL, 2, NULL, 33, NULL, NULL, 1, 2, 2, NULL, NULL, 1, '2024-07-17 08:44:16', '2024-07-17 08:44:16', NULL, NULL, NULL, NULL),
(222, 'mahdi muhammad chamis', '628164846025', NULL, 'ga.anamata@gmail.com', 'anamata tour &travel', ' <br /> - <b>Nama :</b> ', NULL, 'new', 0, NULL, NULL, 1, NULL, NULL, NULL, NULL, 2, NULL, 80, NULL, NULL, 1, 2, 2, NULL, NULL, 1, '2024-07-17 08:44:16', '2024-07-17 08:44:16', NULL, NULL, NULL, NULL),
(223, 'haji mursyid', '60133016187', NULL, 'mursyidmadinah@gmail.com', 'private', ' <br /> - <b>Nama :</b> ', NULL, 'new', 0, NULL, NULL, 1, NULL, NULL, NULL, NULL, 2, NULL, 87, NULL, NULL, 1, 2, 2, NULL, NULL, 1, '2024-07-17 08:44:16', '2024-07-17 08:44:16', NULL, NULL, NULL, NULL),
(224, 'dais ambari', '6287777959888', NULL, 'daisambar99@gmail.com', 'barka global wisata', ' <br /> - <b>Nama :</b> ', NULL, 'new', 0, NULL, NULL, 1, NULL, NULL, NULL, NULL, 2, NULL, 88, NULL, NULL, 1, 2, 2, NULL, NULL, 1, '2024-07-17 08:44:16', '2024-07-17 08:44:16', NULL, NULL, NULL, NULL),
(225, 'ratih triwantini harsono', '6281312264973', NULL, 'Mktmakarimgroup@gmail.com', 'raudhah travel', ' <br /> - <b>Nama :</b> ', NULL, 'new', 0, NULL, NULL, 1, NULL, NULL, NULL, NULL, 2, NULL, 89, NULL, NULL, 1, 2, 2, NULL, NULL, 1, '2024-07-17 08:44:16', '2024-07-17 08:44:16', NULL, NULL, NULL, NULL),
(226, 'dr.fenty augustine', '6285776899910', NULL, 'info@athalla.com', 'athallah putra pratama tour &travel', ' <br /> - <b>Nama :</b> ', NULL, 'new', 0, NULL, NULL, 1, NULL, NULL, NULL, NULL, 2, NULL, 90, NULL, NULL, 1, 2, 2, NULL, NULL, 1, '2024-07-17 08:44:16', '2024-07-17 08:44:16', NULL, NULL, NULL, NULL),
(227, 'ma\'ruf ridho syahrofi', '6281339051119', NULL, NULL, 'batik group travel &trading', ' <br /> - <b>Nama :</b> ', NULL, 'new', 0, NULL, NULL, 1, NULL, NULL, NULL, NULL, 2, NULL, 35, NULL, NULL, 1, 2, 2, NULL, NULL, 1, '2024-07-17 08:44:16', '2024-07-17 08:44:16', NULL, NULL, NULL, NULL),
(228, 'saepul anwar', '6281320780625', NULL, NULL, 'amitour', ' <br /> - <b>Nama :</b> ', NULL, 'new', 0, NULL, NULL, 1, NULL, NULL, NULL, NULL, 2, NULL, 33, NULL, NULL, 1, 2, 2, NULL, NULL, 1, '2024-07-17 08:44:16', '2024-07-17 08:44:16', NULL, NULL, NULL, NULL),
(229, 'hestin rachmalia', '628159931370', NULL, 'amourses@yahoo.com', 'amoures tour oprator', ' <br /> - <b>Nama :</b> ', NULL, 'new', 0, NULL, NULL, 1, NULL, NULL, NULL, NULL, 2, NULL, 17, NULL, NULL, 1, 2, 2, NULL, NULL, 1, '2024-07-17 08:44:16', '2024-07-17 08:44:16', NULL, NULL, NULL, NULL),
(230, 'amir bader alkatiri', '6287800037444', NULL, 'amir.kanomas@gmail.com', 'kanomas tour &travel', ' <br /> - <b>Nama :</b> ', NULL, 'new', 0, NULL, NULL, 1, NULL, NULL, NULL, NULL, 2, NULL, 91, NULL, NULL, 1, 2, 2, NULL, NULL, 1, '2024-07-17 08:44:16', '2024-07-17 08:44:16', NULL, NULL, NULL, NULL),
(231, 'tasnim syafii', '62811893101', NULL, 'labbayku@gmail.com', 'pt.citra alhusna tour &travel', ' <br /> - <b>Nama :</b> ', NULL, 'new', 0, NULL, NULL, 1, NULL, NULL, NULL, NULL, 2, NULL, 50, NULL, NULL, 1, 2, 2, NULL, NULL, 1, '2024-07-17 08:44:16', '2024-07-17 08:44:16', NULL, NULL, NULL, NULL),
(232, 'intan dini', '6282261111200', NULL, 'rizqunainfo@gmail.com', 'pt. rizquna hikmah sejahtera', ' <br /> - <b>Nama :</b> ', NULL, 'new', 0, NULL, NULL, 1, NULL, NULL, NULL, NULL, 2, NULL, 12, NULL, NULL, 1, 2, 2, NULL, NULL, 1, '2024-07-17 08:44:16', '2024-07-17 08:44:16', NULL, NULL, NULL, NULL),
(233, 'ambiya tira', '6285719402367', NULL, 'admin.cs@atgia.com', 'pt.aboe trans global indonesia', ' <br /> - <b>Nama :</b> ', NULL, 'new', 0, NULL, NULL, 1, NULL, NULL, NULL, NULL, 2, NULL, 80, NULL, NULL, 1, 2, 2, NULL, NULL, 1, '2024-07-17 08:44:16', '2024-07-17 08:44:16', NULL, NULL, NULL, NULL),
(234, 'nizar arya putra', '628111463325', NULL, 'nizar@permatagroup.co.id', 'permata qadri \'alia', ' <br /> - <b>Nama :</b> ', NULL, 'new', 0, NULL, NULL, 1, NULL, NULL, NULL, NULL, 2, NULL, 92, NULL, NULL, 1, 2, 2, NULL, NULL, 1, '2024-07-17 08:44:16', '2024-07-17 08:44:16', NULL, NULL, NULL, NULL),
(235, 'riska dewi abdul jalil', '6287777558802', NULL, 'www.arhastours.com', 'pt. arhas bugis tour &travel', ' <br /> - <b>Nama :</b> ', NULL, 'new', 0, NULL, NULL, 1, NULL, NULL, NULL, NULL, 2, NULL, 93, NULL, NULL, 1, 2, 2, NULL, NULL, 1, '2024-07-17 08:44:16', '2024-07-17 08:44:16', NULL, NULL, NULL, NULL),
(236, 'hadyan fahru', '628111666457', NULL, 'fahruhadyan@gmail.com', 'altrama tour .pt. rinov mandiri wisata', ' <br /> - <b>Nama :</b> ', NULL, 'new', 0, NULL, NULL, 1, NULL, NULL, NULL, NULL, 2, NULL, 94, NULL, NULL, 1, 2, 2, NULL, NULL, 1, '2024-07-17 08:44:16', '2024-07-17 08:44:16', NULL, NULL, NULL, NULL),
(237, 'sauloqi farad', '6281118688975', NULL, 'baitussalammandiri.official@gmail.com', 'pt baitussalam mandiri', ' <br /> - <b>Nama :</b> ', NULL, 'new', 0, NULL, NULL, 1, NULL, NULL, NULL, NULL, 2, NULL, 64, NULL, NULL, 1, 2, 2, NULL, NULL, 1, '2024-07-17 08:44:16', '2024-07-17 08:44:16', NULL, NULL, NULL, NULL),
(238, 'wulan ismunarti', '6285642519776', NULL, 'tecnotaiba.artemis@gmail.com', 'taiba travel', ' <br /> - <b>Nama :</b> ', NULL, 'new', 0, NULL, NULL, 1, NULL, NULL, NULL, NULL, 2, NULL, 33, NULL, NULL, 1, 2, 2, NULL, NULL, 1, '2024-07-17 08:44:16', '2024-07-17 08:44:16', NULL, NULL, NULL, NULL),
(239, 'hj. charunnisa', '62818812099', NULL, 'ailaraeeztravel@gmail.com', 'pt aila raeez utama', ' <br /> - <b>Nama :</b> ', NULL, 'new', 0, NULL, NULL, 1, NULL, NULL, NULL, NULL, 2, NULL, 35, NULL, NULL, 1, 2, 2, NULL, NULL, 1, '2024-07-17 08:44:16', '2024-07-17 08:44:16', NULL, NULL, NULL, NULL),
(240, 'disit prihartanto', '628113100777', NULL, NULL, 'dauroh travel', ' <br /> - <b>Nama :</b> ', NULL, 'new', 0, NULL, NULL, 1, NULL, NULL, NULL, NULL, 2, NULL, 12, NULL, NULL, 1, 2, 2, NULL, NULL, 1, '2024-07-17 08:44:16', '2024-07-17 08:44:16', NULL, NULL, NULL, NULL),
(241, 'adil abbud bin gadi', '62811800866', '533676267', 'adilgadi@asmatour.com', 'pt sembilan sembilan wisata', ' <br /> - <b>Nama :</b> ', NULL, 'new', 0, NULL, NULL, 1, NULL, NULL, NULL, NULL, 2, NULL, 95, NULL, NULL, 1, 2, 2, NULL, NULL, 1, '2024-07-17 08:44:16', '2024-07-17 08:44:16', NULL, NULL, NULL, NULL),
(242, 'melianti mulya', '628889303685', NULL, 'info@bestunitedtravel.com', 'best united travel', ' <br /> - <b>Nama :</b> ', NULL, 'new', 0, NULL, NULL, 1, NULL, NULL, NULL, NULL, 2, NULL, 96, NULL, NULL, 1, 2, 2, NULL, NULL, 1, '2024-07-17 08:44:16', '2024-07-17 08:44:16', NULL, NULL, NULL, NULL),
(243, 'erdi putraina', '6281281035933', NULL, 'agshatravel@gmail.com', 'aap agsha amanah prima', ' <br /> - <b>Nama :</b> ', NULL, 'new', 0, NULL, NULL, 1, NULL, NULL, NULL, NULL, 2, NULL, 97, NULL, NULL, 1, 2, 2, NULL, NULL, 1, '2024-07-17 08:44:16', '2024-07-17 08:44:16', NULL, NULL, NULL, NULL),
(244, 'euis k gandawulung', '201552030210', NULL, 'bigmo@ladyegypt.com', 'bigmo travel', ' <br /> - <b>Nama :</b> ', NULL, 'new', 0, NULL, NULL, 1, NULL, NULL, NULL, NULL, 2, NULL, 17, NULL, NULL, 1, 2, 2, NULL, NULL, 1, '2024-07-17 08:44:16', '2024-07-17 08:44:16', NULL, NULL, NULL, NULL),
(245, 'agmad suhfi', '6281288333110', NULL, 'yastribdaarululum@gmail.com', 'yatsrib daarul ulum', ' <br /> - <b>Nama :</b> ', NULL, 'new', 0, NULL, NULL, 1, NULL, NULL, NULL, NULL, 2, NULL, 98, NULL, NULL, 1, 2, 2, NULL, NULL, 1, '2024-07-17 08:44:16', '2024-07-17 08:44:16', NULL, NULL, NULL, NULL),
(246, 'fachri anwar', '6281298123294', NULL, 'reservation..easvatour@gmail.com', 'easva tour', ' <br /> - <b>Nama :</b> ', NULL, 'new', 0, NULL, NULL, 1, NULL, NULL, NULL, NULL, 2, NULL, 99, NULL, NULL, 1, 2, 2, NULL, NULL, 1, '2024-07-17 08:44:16', '2024-07-17 08:44:16', NULL, NULL, NULL, NULL),
(247, 'ahmad kusnendar', '6281808028904', NULL, 'amanahtour@hotmail.com', 'amanah tour', ' <br /> - <b>Nama :</b> ', NULL, 'new', 0, NULL, NULL, 1, NULL, NULL, NULL, NULL, 2, NULL, 46, NULL, NULL, 1, 2, 2, NULL, NULL, 1, '2024-07-17 08:44:16', '2024-07-17 08:44:16', NULL, NULL, NULL, NULL),
(248, 'g.syahrul hasbullah', '62887872178752', NULL, 'habsbullah@thayiba-tora.co.id', 'thayiba tora tours ,umroh haji servises', ' <br /> - <b>Nama :</b> ', NULL, 'new', 0, NULL, NULL, 1, NULL, NULL, NULL, NULL, 2, NULL, 24, NULL, NULL, 1, 2, 2, NULL, NULL, 1, '2024-07-17 08:44:16', '2024-07-17 08:44:16', NULL, NULL, NULL, NULL),
(249, 'aini qoriroh', '6285755974611', NULL, NULL, 'menarah kamilah', ' <br /> - <b>Nama :</b> ', NULL, 'new', 0, NULL, NULL, 1, NULL, NULL, NULL, NULL, 2, NULL, 12, NULL, NULL, 1, 2, 2, NULL, NULL, 1, '2024-07-17 08:44:16', '2024-07-17 08:44:16', NULL, NULL, NULL, NULL),
(250, 'arifin rusdi', '62821244679', NULL, 'ariffinrusdi@gmail com', 'pt citra shahabat asia', ' <br /> - <b>Nama :</b> ', NULL, 'new', 0, NULL, NULL, 1, NULL, NULL, NULL, NULL, 2, NULL, 100, NULL, NULL, 1, 2, 2, NULL, NULL, 1, '2024-07-17 08:44:16', '2024-07-17 08:44:16', NULL, NULL, NULL, NULL),
(251, 'abdul latheef', '966544554521', NULL, 'latheef@masaraktravel.com', 'masarak', ' <br /> - <b>Nama :</b> ', NULL, 'new', 0, NULL, NULL, 1, NULL, NULL, NULL, NULL, 2, NULL, 49, NULL, NULL, 1, 2, 2, NULL, NULL, 1, '2024-07-17 08:44:16', '2024-07-17 08:44:16', NULL, NULL, NULL, NULL),
(252, 'riska safrina', '6282150129000', NULL, 'alinsanitravel@gmail.com', 'himpuh alinsani.pt wahyu titisn umrh&hj', ' <br /> - <b>Nama :</b> ', NULL, 'new', 0, NULL, NULL, 1, NULL, NULL, NULL, NULL, 2, NULL, 12, NULL, NULL, 1, 2, 2, NULL, NULL, 1, '2024-07-17 08:44:16', '2024-07-17 08:44:16', NULL, NULL, NULL, NULL),
(253, 'ika novianti', '628123040223', NULL, 'ika.rosanatrqvel83@gmail.com', 'rosana tour and travel', ' <br /> - <b>Nama :</b> ', NULL, 'new', 0, NULL, NULL, 1, NULL, NULL, NULL, NULL, 2, NULL, 14, NULL, NULL, 1, 2, 2, NULL, NULL, 1, '2024-07-17 08:44:16', '2024-07-17 08:44:16', NULL, NULL, NULL, NULL),
(254, 'fitriah yahya', '6287781134822', NULL, 'fitrianahyahya18@gmail.com', 'pt duta wisata koutsar', ' <br /> - <b>Nama :</b> ', NULL, 'new', 0, NULL, NULL, 1, NULL, NULL, NULL, NULL, 2, NULL, 46, NULL, NULL, 1, 2, 2, NULL, NULL, 1, '2024-07-17 08:44:16', '2024-07-17 08:44:16', NULL, NULL, NULL, NULL),
(255, 'helilmidah muhammad', '966504690822', NULL, 'baitussalamindoksa@yqhoo.com', 'pt. baitussalam madiri tour and travel', ' <br /> - <b>Nama :</b> ', NULL, 'new', 0, NULL, NULL, 1, NULL, NULL, NULL, NULL, 2, NULL, 90, NULL, NULL, 1, 2, 2, NULL, NULL, 1, '2024-07-17 08:44:16', '2024-07-17 08:44:16', NULL, NULL, NULL, NULL),
(256, 'awad ahmad', '6287777722522', NULL, 'awadh@tareeq.ca', 'pt tareeq alharamain indonesia', ' <br /> - <b>Nama :</b> ', NULL, 'new', 0, NULL, NULL, 1, NULL, NULL, NULL, NULL, 2, NULL, 101, NULL, NULL, 1, 2, 2, NULL, NULL, 1, '2024-07-17 08:44:16', '2024-07-17 08:44:16', NULL, NULL, NULL, NULL),
(257, 'fikri maulana yusuf', '6285710652355', NULL, 'yusuffikri@gmail.com', 'pt nudira sumber daya indonesia', ' <br /> - <b>Nama :</b> ', NULL, 'new', 0, NULL, NULL, 1, NULL, NULL, NULL, NULL, 2, NULL, 102, NULL, NULL, 1, 2, 2, NULL, NULL, 1, '2024-07-17 08:44:16', '2024-07-17 08:44:16', NULL, NULL, NULL, NULL),
(258, 'alsabila yasmin', '6281282755491', NULL, 'umroh-haji@annisatravel.com', 'anisa travel', ' <br /> - <b>Nama :</b> ', NULL, 'new', 0, NULL, NULL, 1, NULL, NULL, NULL, NULL, 2, NULL, 103, NULL, NULL, 1, 2, 2, NULL, NULL, 1, '2024-07-17 08:44:16', '2024-07-17 08:44:16', NULL, NULL, NULL, NULL),
(259, 'muhama faza firdaus', '6289680397348', NULL, 'tecnotaiba.artemis@gmail.com', 'taiba travel', ' <br /> - <b>Nama :</b> ', NULL, 'new', 0, NULL, NULL, 1, NULL, NULL, NULL, NULL, 2, NULL, 104, NULL, NULL, 1, 2, 2, NULL, NULL, 1, '2024-07-17 08:44:16', '2024-07-17 08:44:16', NULL, NULL, NULL, NULL),
(260, 'futuhi abdul hamid', '6281390000332', NULL, 'futuhi@alhazen.academy', 'alhazen academy', ' <br /> - <b>Nama :</b> ', NULL, 'new', 0, NULL, NULL, 1, NULL, NULL, NULL, NULL, 2, NULL, 24, NULL, NULL, 1, 2, 2, NULL, NULL, 1, '2024-07-17 08:44:16', '2024-07-17 08:44:16', NULL, NULL, NULL, NULL),
(261, 'ustafa m', '6287781988080', NULL, 'mustafha@tripurigroup.com', 'tripuri group wisata', ' <br /> - <b>Nama :</b> ', NULL, 'new', 0, NULL, NULL, 1, NULL, NULL, NULL, NULL, 2, NULL, 14, NULL, NULL, 1, 2, 2, NULL, NULL, 1, '2024-07-17 08:44:16', '2024-07-17 08:44:16', NULL, NULL, NULL, NULL),
(262, 'monia fitrie', '6281281902225', NULL, 'monia@aftatours.co.id', 'afta tour umroh &haji', ' <br /> - <b>Nama :</b> ', NULL, 'new', 0, NULL, NULL, 1, NULL, NULL, NULL, NULL, 2, NULL, 14, NULL, NULL, 1, 2, 2, NULL, NULL, 1, '2024-07-17 08:44:16', '2024-07-17 08:44:16', NULL, NULL, NULL, NULL),
(263, 'fathonah', '628161488426', NULL, 'fathonah@balairung-hotel.co.id', 'balairung hotel', ' <br /> - <b>Nama :</b> ', NULL, 'new', 0, NULL, NULL, 1, NULL, NULL, NULL, NULL, 2, NULL, 105, NULL, NULL, 1, 2, 2, NULL, NULL, 1, '2024-07-17 08:44:16', '2024-07-17 08:44:16', NULL, NULL, NULL, NULL),
(264, 'anna augriana', '6285694851861', NULL, 'anna@balairung-hotel.co.id', 'balairung hotel', ' <br /> - <b>Nama :</b> ', NULL, 'new', 0, NULL, NULL, 1, NULL, NULL, NULL, NULL, 2, NULL, 35, NULL, NULL, 1, 2, 2, NULL, NULL, 1, '2024-07-17 08:44:16', '2024-07-17 08:44:16', NULL, NULL, NULL, NULL),
(265, 'lukman', '6285313904720', NULL, 'opration@selaraswisata.com', 'selaras citanusa wisata', ' <br /> - <b>Nama :</b> ', NULL, 'new', 0, NULL, NULL, 1, NULL, NULL, NULL, NULL, 2, NULL, 106, NULL, NULL, 1, 2, 2, NULL, NULL, 1, '2024-07-17 08:44:16', '2024-07-17 08:44:16', NULL, NULL, NULL, NULL),
(266, 'a b rukmantara', '6281283112230', NULL, 'cs@selaraswisata.com', 'selaras citanusa wisata', ' <br /> - <b>Nama :</b> ', NULL, 'new', 0, NULL, NULL, 1, NULL, NULL, NULL, NULL, 2, NULL, 107, NULL, NULL, 1, 2, 2, NULL, NULL, 1, '2024-07-17 08:44:16', '2024-07-17 08:44:16', NULL, NULL, NULL, NULL),
(267, 'desti nia wijaya', '6281310008724', NULL, 'attamandiritours@gmail.com', 'atrq mandiri tours umroh&hj &halal tour', ' <br /> - <b>Nama :</b> ', NULL, 'new', 0, NULL, NULL, 1, NULL, NULL, NULL, NULL, 2, NULL, 61, NULL, NULL, 1, 2, 2, NULL, NULL, 1, '2024-07-17 08:44:16', '2024-07-17 08:44:16', NULL, NULL, NULL, NULL),
(268, 'imam suroso', '6281289223244', NULL, 'imamsuroso22@gmail.com', 'dinza tour pt.dinza karomah sejahtera', ' <br /> - <b>Nama :</b> ', NULL, 'new', 0, NULL, NULL, 1, NULL, NULL, NULL, NULL, 2, NULL, 90, NULL, NULL, 1, 2, 2, NULL, NULL, 1, '2024-07-17 08:44:16', '2024-07-17 08:44:16', NULL, NULL, NULL, NULL),
(269, 'nurlan basaria', '628122046076', NULL, 'pesonabdo@bdg.centrin.net.id', 'pesona mudarima tours & travel', ' <br /> - <b>Nama :</b> ', NULL, 'new', 0, NULL, NULL, 1, NULL, NULL, NULL, NULL, 2, NULL, 46, NULL, NULL, 1, 2, 2, NULL, NULL, 1, '2024-07-17 08:44:16', '2024-07-17 08:44:16', NULL, NULL, NULL, NULL),
(270, 'ashir alkhatiri', '6285693867488', NULL, 'basher.alkathiry@amwahtel.com', 'amwah tour &travel', ' <br /> - <b>Nama :</b> ', NULL, 'new', 0, NULL, NULL, 1, NULL, NULL, NULL, NULL, 2, NULL, 46, NULL, NULL, 1, 2, 2, NULL, NULL, 1, '2024-07-17 08:44:16', '2024-07-17 08:44:16', NULL, NULL, NULL, NULL),
(271, 'tahir', '6281311209245', NULL, 'officeal.mediatama@gmail.com', 'mediatama umroh haji', ' <br /> - <b>Nama :</b> ', NULL, 'new', 0, NULL, NULL, 1, NULL, NULL, NULL, NULL, 2, NULL, 108, NULL, NULL, 1, 2, 2, NULL, NULL, 1, '2024-07-17 08:44:16', '2024-07-17 08:44:16', NULL, NULL, NULL, NULL),
(272, 'yongi upanda', '62081708215888', NULL, 'yongi@arima.id', 'arima wisata', ' <br /> - <b>Nama :</b> ', NULL, 'new', 0, NULL, NULL, 1, NULL, NULL, NULL, NULL, 2, NULL, 109, NULL, NULL, 1, 2, 2, NULL, NULL, 1, '2024-07-17 08:44:16', '2024-07-17 08:44:16', NULL, NULL, NULL, NULL),
(273, 'dini heriyanti', '6281291366477', NULL, 'dini.asmamuliatour@gmail.com', 'asamulia tour and travel', ' <br /> - <b>Nama :</b> ', NULL, 'new', 0, NULL, NULL, 1, NULL, NULL, NULL, NULL, 2, NULL, 12, NULL, NULL, 1, 2, 2, NULL, NULL, 1, '2024-07-17 08:44:16', '2024-07-17 08:44:16', NULL, NULL, NULL, NULL),
(274, 'h.edu santoso', '6281389352244', NULL, 'athallawisata@yahoo.com', 'athalla tour & travel', ' <br /> - <b>Nama :</b> ', NULL, 'new', 0, NULL, NULL, 1, NULL, NULL, NULL, NULL, 2, NULL, 110, NULL, NULL, 1, 2, 2, NULL, NULL, 1, '2024-07-17 08:44:17', '2024-07-17 08:44:17', NULL, NULL, NULL, NULL),
(275, 'ully nasrullah', '6285782100730', NULL, 'tourtravel@malakagroup.co.id', 'malaka persada pertama tour &travel', ' <br /> - <b>Nama :</b> ', NULL, 'new', 0, NULL, NULL, 1, NULL, NULL, NULL, NULL, 2, NULL, 111, NULL, NULL, 1, 2, 2, NULL, NULL, 1, '2024-07-17 08:44:17', '2024-07-17 08:44:17', NULL, NULL, NULL, NULL),
(276, 'ad', '6281296454599', NULL, 'algaff.travel@gmail.com', 'algaff senior mandiri travel umroh', ' <br /> - <b>Nama :</b> ', NULL, 'new', 0, NULL, NULL, 1, NULL, NULL, NULL, NULL, 2, NULL, 90, NULL, NULL, 1, 2, 2, NULL, NULL, 1, '2024-07-17 08:44:17', '2024-07-17 08:44:17', NULL, NULL, NULL, NULL),
(277, 'ningsih suprapto', '6281290517832', NULL, 'hnifazahnf@gmail.com', 'hanifaza bakkah thaybbah', ' <br /> - <b>Nama :</b> ', NULL, 'new', 0, NULL, NULL, 1, NULL, NULL, NULL, NULL, 2, NULL, 12, NULL, NULL, 1, 2, 2, NULL, NULL, 1, '2024-07-17 08:44:17', '2024-07-17 08:44:17', NULL, NULL, NULL, NULL),
(278, 'NONIKA WAHYU ANGGISTIARA', '62 852 1886 85805', NULL, 'nonikawahyu@gmail.com', 'PT. AIF TOUR MANDIRI', ' <br /> - <b>Nama :</b> ', NULL, 'new', 0, NULL, NULL, 1, NULL, NULL, NULL, NULL, 2, NULL, 112, NULL, NULL, 1, 2, 2, NULL, NULL, 1, '2024-07-17 08:44:17', '2024-07-17 08:44:17', NULL, NULL, NULL, NULL),
(279, 'RUDIYANTO PRASETIADI', '62 882 1033 9861', NULL, 'info@aliawisata.com', 'PT. ALIA INDAH WISATA', ' <br /> - <b>Nama :</b> ', NULL, 'new', 0, NULL, NULL, 1, NULL, NULL, NULL, NULL, 2, NULL, 113, NULL, NULL, 1, 2, 2, NULL, NULL, 1, '2024-07-17 08:44:17', '2024-07-17 08:44:17', NULL, NULL, NULL, NULL),
(280, 'NURHASANAH IHSAN (NANA)', '62818 675 172', NULL, 'nana@asiatour.co.id', 'PT. ASIA UTAM WISATA (ASIA TOUR)', ' <br /> - <b>Nama :</b> ', NULL, 'new', 0, NULL, NULL, 1, NULL, NULL, NULL, NULL, 2, NULL, 35, NULL, NULL, 1, 2, 2, NULL, NULL, 1, '2024-07-17 08:44:17', '2024-07-17 08:44:17', NULL, NULL, NULL, NULL),
(281, 'RUDIYANTO PRASETIADI', '62021 8660 8950', NULL, 'info@aliawisata.com', 'PT. ALIA INDAH WISATA', ' <br /> - <b>Nama :</b> ', NULL, 'new', 0, NULL, NULL, 1, NULL, NULL, NULL, NULL, 2, NULL, 113, NULL, NULL, 1, 2, 2, NULL, NULL, 1, '2024-07-17 08:44:17', '2024-07-17 08:44:17', NULL, NULL, NULL, NULL),
(282, 'NURHASANAH IHSAN (NANA)', '62021 720 1061', NULL, 'nana@asiatour.co.id', 'PT. ASIA UTAM WISATA (ASIA TOUR)', ' <br /> - <b>Nama :</b> ', NULL, 'new', 0, NULL, NULL, 1, NULL, NULL, NULL, NULL, 2, NULL, 35, NULL, NULL, 1, 2, 2, NULL, NULL, 1, '2024-07-17 08:44:17', '2024-07-17 08:44:17', NULL, NULL, NULL, NULL),
(283, 'H. ELIN M. SOBIRIN', '62 8111 66 9556', NULL, 'ptbbtourtravel@gmail.com', 'PT. BAGJA NAGEA BALAREA', ' <br /> - <b>Nama :</b> ', NULL, 'new', 0, NULL, NULL, 1, NULL, NULL, NULL, NULL, 2, NULL, 33, NULL, NULL, 1, 2, 2, NULL, NULL, 1, '2024-07-17 08:44:17', '2024-07-17 08:44:17', NULL, NULL, NULL, NULL),
(284, 'FATHIYA FARUK, S.si', '62021 696 6140', NULL, 'dir@ghaniyatravel.com', 'GHANIA TOUR & TRAVEL', ' <br /> - <b>Nama :</b> ', NULL, 'new', 0, NULL, NULL, 1, NULL, NULL, NULL, NULL, 2, NULL, 14, NULL, NULL, 1, 2, 2, NULL, NULL, 1, '2024-07-17 08:44:17', '2024-07-17 08:44:17', NULL, NULL, NULL, NULL),
(285, 'HERMAN PRASETYANTO', '62 021 4786 0999', NULL, 'infi@koyapiring.com', 'PT. KOTAPIRING (UMROHHAJI)', ' <br /> - <b>Nama :</b> ', NULL, 'new', 0, NULL, NULL, 1, NULL, NULL, NULL, NULL, 2, NULL, 12, NULL, NULL, 1, 2, 2, NULL, NULL, 1, '2024-07-17 08:44:17', '2024-07-17 08:44:17', NULL, NULL, NULL, NULL),
(286, 'H. SYAMSUDIN, M.Pd', '62 878 8953 3189', NULL, 'www.m2way.com', 'PT. MAKKAH MADINAH WISATA (M2WAY TOUR)', ' <br /> - <b>Nama :</b> ', NULL, 'new', 0, NULL, NULL, 1, NULL, NULL, NULL, NULL, 2, NULL, 61, NULL, NULL, 1, 2, 2, NULL, NULL, 1, '2024-07-17 08:44:17', '2024-07-17 08:44:17', NULL, NULL, NULL, NULL),
(287, 'HM. SLAMET RIYANTO', '62 812 9878 9771', NULL, 'wisatamuliatravel@gmail.com', 'PT. MITRA WISATA MULIA', ' <br /> - <b>Nama :</b> ', NULL, 'new', 0, NULL, NULL, 1, NULL, NULL, NULL, NULL, 2, NULL, 61, NULL, NULL, 1, 2, 2, NULL, NULL, 1, '2024-07-17 08:44:17', '2024-07-17 08:44:17', NULL, NULL, NULL, NULL),
(288, 'HUSIN', '62021 829 3250', NULL, 'masindo_tour@yahoo.com', 'MASINDO TOUR (HAJI & UMRA SERVICE)', ' <br /> - <b>Nama :</b> ', NULL, 'new', 0, NULL, NULL, 1, NULL, NULL, NULL, NULL, 2, NULL, 114, NULL, NULL, 1, 2, 2, NULL, NULL, 1, '2024-07-17 08:44:17', '2024-07-17 08:44:17', NULL, NULL, NULL, NULL),
(289, 'NIA KARNIA', '62021 294 1919', NULL, NULL, 'RIS TOUR & TRAVEL', ' <br /> - <b>Nama :</b> ', NULL, 'new', 0, NULL, NULL, 1, NULL, NULL, NULL, NULL, 2, NULL, 46, NULL, NULL, 1, 2, 2, NULL, NULL, 1, '2024-07-17 08:44:17', '2024-07-17 08:44:17', NULL, NULL, NULL, NULL),
(290, 'TRI WIDIYANI NINGSIH', '62 816 1476 696', NULL, 'admin@aminintravel.com', 'PT. SAAD USAHA MANDIRI (AMININ Travel Haji & Umroh)', ' <br /> - <b>Nama :</b> ', NULL, 'new', 0, NULL, NULL, 1, NULL, NULL, NULL, NULL, 2, NULL, 115, NULL, NULL, 1, 2, 2, NULL, NULL, 1, '2024-07-17 08:44:17', '2024-07-17 08:44:17', NULL, NULL, NULL, NULL),
(291, 'ZAIN BIN AHMAD', '62811 111 6559', NULL, 'zain@zbz.co.id', 'ZAIN BIN AHMAD (ZBA)', ' <br /> - <b>Nama :</b> ', NULL, 'new', 0, NULL, NULL, 1, NULL, NULL, NULL, NULL, 2, NULL, 14, NULL, NULL, 1, 2, 2, NULL, NULL, 1, '2024-07-17 08:44:17', '2024-07-17 08:44:17', NULL, NULL, NULL, NULL),
(292, 'Yusnidar Sagala', '0813 9888 2640', NULL, NULL, 'PT. ANWAR WISATA TRANSS', ' <br /> - <b>Nama :</b> ', NULL, 'new', 0, NULL, NULL, 1, NULL, NULL, NULL, NULL, 2, NULL, 116, NULL, NULL, 1, 2, 2, NULL, NULL, 1, '2024-07-17 08:44:17', '2024-07-17 08:44:17', NULL, NULL, NULL, NULL),
(293, 'M. Anwar Saragih', '0813 9888 2639', NULL, NULL, 'Agen Tour & Bue Pariwisata', ' <br /> - <b>Nama :</b> ', NULL, 'new', 0, NULL, NULL, 1, NULL, NULL, NULL, NULL, 2, NULL, 117, NULL, NULL, 1, 2, 2, NULL, NULL, 1, '2024-07-17 08:44:17', '2024-07-17 08:44:17', NULL, NULL, NULL, NULL),
(294, 'Irhan Habibi', '0856 9355 1135', NULL, 'irham@astravtour.com', 'ASTRAV TOUR', ' <br /> - <b>Nama :</b> ', NULL, 'new', 0, NULL, NULL, 1, NULL, NULL, NULL, NULL, 2, NULL, 17, NULL, NULL, 1, 2, 2, NULL, NULL, 1, '2024-07-17 08:44:17', '2024-07-17 08:44:17', NULL, NULL, NULL, NULL),
(295, 'Indah Ayu Elice S', '0812 9939 8939', NULL, 'alice@astravtour.com', NULL, ' <br /> - <b>Nama :</b> ', NULL, 'new', 0, NULL, NULL, 1, NULL, NULL, NULL, NULL, 2, NULL, 25, NULL, NULL, 1, 2, 2, NULL, NULL, 1, '2024-07-17 08:44:17', '2024-07-17 08:44:17', NULL, NULL, NULL, NULL),
(296, 'Erdi Putraina', '0812 8103 5933', NULL, 'agshatravel@gmail.co', 'AGSHA AMANAH PRIMA (AAP)', ' <br /> - <b>Nama :</b> ', NULL, 'new', 0, NULL, NULL, 1, NULL, NULL, NULL, NULL, 2, NULL, 14, NULL, NULL, 1, 2, 2, NULL, NULL, 1, '2024-07-17 08:44:17', '2024-07-17 08:44:17', NULL, NULL, NULL, NULL),
(297, 'H. M. Tauhid Hamdi', '0811 1486 469', NULL, 'tauhid.hamdi@ampuri.org', 'Asosiasi Muslim Penyelenggara', ' <br /> - <b>Nama :</b> ', NULL, 'new', 0, NULL, NULL, 1, NULL, NULL, NULL, NULL, 2, NULL, 118, NULL, NULL, 1, 2, 2, NULL, NULL, 1, '2024-07-17 08:44:17', '2024-07-17 08:44:17', NULL, NULL, NULL, NULL),
(298, 'Adi M Azwar', '0899 9880 047', NULL, 'hcga.ampura@gmail.com', NULL, ' <br /> - <b>Nama :</b> ', NULL, 'new', 0, NULL, NULL, 1, NULL, NULL, NULL, NULL, 2, NULL, 119, NULL, NULL, 1, 2, 2, NULL, NULL, 1, '2024-07-17 08:44:17', '2024-07-17 08:44:17', NULL, NULL, NULL, NULL),
(299, 'H. Shalahudin H.M.', '0813 1670 8815', NULL, 'shalahuddin@aviaventura.com', 'AVIAVENTURA', ' <br /> - <b>Nama :</b> ', NULL, 'new', 0, NULL, NULL, 1, NULL, NULL, NULL, NULL, 2, NULL, 121, NULL, NULL, 1, 2, 2, NULL, NULL, 1, '2024-07-17 08:44:17', '2024-07-17 08:44:17', NULL, NULL, NULL, NULL),
(300, 'Ilhamsyah', '0815 9777 137', NULL, 'Ilham@aviaventura.com', NULL, ' <br /> - <b>Nama :</b> ', NULL, 'new', 0, NULL, NULL, 1, NULL, NULL, NULL, NULL, 2, NULL, 122, NULL, NULL, 1, 2, 2, NULL, NULL, 1, '2024-07-17 08:44:17', '2024-07-17 08:44:17', NULL, NULL, NULL, NULL),
(301, 'Deden Badruzaman', '0813 8011 9001', NULL, 'deden@uzbekistanairways.id', NULL, ' <br /> - <b>Nama :</b> ', NULL, 'new', 0, NULL, NULL, 1, NULL, NULL, NULL, NULL, 2, NULL, 122, NULL, NULL, 1, 2, 2, NULL, NULL, 1, '2024-07-17 08:44:17', '2024-07-17 08:44:17', NULL, NULL, NULL, NULL),
(302, 'H. Faisal Ibrahim, Lc. M.Si', '0811 796 753', NULL, 'saudi_patriawisata@yahoo.co.id', 'ASPURA INDONESIA', ' <br /> - <b>Nama :</b> ', NULL, 'new', 0, NULL, NULL, 1, NULL, NULL, NULL, NULL, 2, NULL, 123, NULL, NULL, 1, 2, 2, NULL, NULL, 1, '2024-07-17 08:44:17', '2024-07-17 08:44:17', NULL, NULL, NULL, NULL),
(303, 'BP Silvester', '0813 3933 5368', NULL, NULL, NULL, ' <br /> - <b>Nama :</b> ', NULL, 'new', 0, NULL, NULL, 1, NULL, NULL, NULL, NULL, 2, NULL, 12, NULL, NULL, 1, 2, 2, NULL, NULL, 1, '2024-07-17 08:44:17', '2024-07-17 08:44:17', NULL, NULL, NULL, NULL),
(304, 'Prasetyo. B', '0813 8862 9913', NULL, 'prasetyobudi@gensag.co', 'BLUE RIBBON BAGS', ' <br /> - <b>Nama :</b> ', NULL, 'new', 0, NULL, NULL, 1, NULL, NULL, NULL, NULL, 2, NULL, 126, NULL, NULL, 1, 2, 2, NULL, NULL, 1, '2024-07-17 08:44:17', '2024-07-17 08:44:17', NULL, NULL, NULL, NULL),
(305, 'Jimmy Perkasa', '0813 1112 3316', NULL, 'Bestroyalgroup@gmail.com', 'BEST ROYAL TOUR', ' <br /> - <b>Nama :</b> ', NULL, 'new', 0, NULL, NULL, 1, NULL, NULL, NULL, NULL, 2, NULL, 17, NULL, NULL, 1, 2, 2, NULL, NULL, 1, '2024-07-17 08:44:17', '2024-07-17 08:44:17', NULL, NULL, NULL, NULL),
(306, 'Euis K Gandawulung Mohamed', '0878 8299 9309', NULL, 'bigmo@ladyegypt.co', 'BIGMO TRAVEL', ' <br /> - <b>Nama :</b> ', NULL, 'new', 0, NULL, NULL, 1, NULL, NULL, NULL, NULL, 2, NULL, 17, NULL, NULL, 1, 2, 2, NULL, NULL, 1, '2024-07-17 08:44:17', '2024-07-17 08:44:17', NULL, NULL, NULL, NULL),
(307, 'Hj. BAITY ANAS', '0812 1848 4461', NULL, 'baity@brysmawisata.id', 'PT. CAHAYA BRYSMA WISATA', ' <br /> - <b>Nama :</b> ', NULL, 'new', 0, NULL, NULL, 1, NULL, NULL, NULL, NULL, 2, NULL, 61, NULL, NULL, 1, 2, 2, NULL, NULL, 1, '2024-07-17 08:44:17', '2024-07-17 08:44:17', NULL, NULL, NULL, NULL),
(308, 'IWAN RENALDI', '62818 740 180', NULL, 'I.Renaldi@daraleman.com', 'DAR AL-ELMAN CO', ' <br /> - <b>Nama :</b> ', NULL, 'new', 0, NULL, NULL, 1, NULL, NULL, NULL, NULL, 2, NULL, 96, NULL, NULL, 1, 2, 2, NULL, NULL, 1, '2024-07-17 08:44:17', '2024-07-17 08:44:17', NULL, NULL, NULL, NULL),
(309, 'YULIANTO HERMAWAN', '0817 8280 02', NULL, 'anto@elhadygroup.com', 'ELHADY GROUP INT', ' <br /> - <b>Nama :</b> ', NULL, 'new', 0, NULL, NULL, 1, NULL, NULL, NULL, NULL, 2, NULL, 14, NULL, NULL, 1, 2, 2, NULL, NULL, 1, '2024-07-17 08:44:17', '2024-07-17 08:44:17', NULL, NULL, NULL, NULL),
(310, 'MARADONAN', '0822 8274 0274', NULL, 'alimaradonna1993@gmail.com', 'PT. EMPAT SURYA KENCAN', ' <br /> - <b>Nama :</b> ', NULL, 'new', 0, NULL, NULL, 1, NULL, NULL, NULL, NULL, 2, NULL, 61, NULL, NULL, 1, 2, 2, NULL, NULL, 1, '2024-07-17 08:44:17', '2024-07-17 08:44:17', NULL, NULL, NULL, NULL),
(311, 'ERI SETIADA', '0815 1984 0082', NULL, 'eikaltour@gmail.com', 'EIKAL TOUR n Travel', ' <br /> - <b>Nama :</b> ', NULL, 'new', 0, NULL, NULL, 1, NULL, NULL, NULL, NULL, 2, NULL, 12, NULL, NULL, 1, 2, 2, NULL, NULL, 1, '2024-07-17 08:44:17', '2024-07-17 08:44:17', NULL, NULL, NULL, NULL),
(312, 'HENDRA SUMANTRI', '0822 9906 7880', NULL, 'manager@fixtrips.com', 'FIX TRIPS (hotel)', ' <br /> - <b>Nama :</b> ', NULL, 'new', 0, NULL, NULL, 1, NULL, NULL, NULL, NULL, 2, NULL, 115, NULL, NULL, 1, 2, 2, NULL, NULL, 1, '2024-07-17 08:44:17', '2024-07-17 08:44:17', NULL, NULL, NULL, NULL),
(313, 'RINI MANTIKA', '0823 4078 3789', NULL, 'get234go@gmail.com', 'GET UP & GO', ' <br /> - <b>Nama :</b> ', NULL, 'new', 0, NULL, NULL, 1, NULL, NULL, NULL, NULL, 2, NULL, 12, NULL, NULL, 1, 2, 2, NULL, NULL, 1, '2024-07-17 08:44:17', '2024-07-17 08:44:17', NULL, NULL, NULL, NULL),
(314, 'MAULID FERNANDO', '0812 1242 0282', NULL, 'maulidfernando@gsmgroup.id', 'PT. GLOBALINDO SUKSES MAKSIMA', ' <br /> - <b>Nama :</b> ', NULL, 'new', 0, NULL, NULL, 1, NULL, NULL, NULL, NULL, 2, NULL, 127, NULL, NULL, 1, 2, 2, NULL, NULL, 1, '2024-07-17 08:44:17', '2024-07-17 08:44:17', NULL, NULL, NULL, NULL),
(315, 'ANEETA DWI', '0877 4112 0739', NULL, 'aneta@hanginggardensinternational.com', 'HANGING GARDENS INTERNATIONAL', ' <br /> - <b>Nama :</b> ', NULL, 'new', 0, NULL, NULL, 1, NULL, NULL, NULL, NULL, 2, NULL, 128, NULL, NULL, 1, 2, 2, NULL, NULL, 1, '2024-07-17 08:44:17', '2024-07-17 08:44:17', NULL, NULL, NULL, NULL),
(316, 'MUHAHAMMAD GHAZALY', '0812 9850 0136', NULL, NULL, 'HILAL PRDANA KREASI', ' <br /> - <b>Nama :</b> ', NULL, 'new', 0, NULL, NULL, 1, NULL, NULL, NULL, NULL, 2, NULL, 59, NULL, NULL, 1, 2, 2, NULL, NULL, 1, '2024-07-17 08:44:17', '2024-07-17 08:44:17', NULL, NULL, NULL, NULL),
(317, 'ELYA SSA\'DY', '0877 7101 1197', NULL, 'holywonders@gmail.com', 'HOLY WONDERS', ' <br /> - <b>Nama :</b> ', NULL, 'new', 0, NULL, NULL, 1, NULL, NULL, NULL, NULL, 2, NULL, 130, NULL, NULL, 1, 2, 2, NULL, NULL, 1, '2024-07-17 08:44:17', '2024-07-17 08:44:17', NULL, NULL, NULL, NULL),
(318, 'Ahmed N.M. Almadi', '0821 2244 1141', NULL, 'Info@indogate.net', 'PT. INDO INTERNANATIONAL GATE', ' <br /> - <b>Nama :</b> ', NULL, 'new', 0, NULL, NULL, 1, NULL, NULL, NULL, NULL, 2, NULL, 35, NULL, NULL, 1, 2, 2, NULL, NULL, 1, '2024-07-17 08:44:17', '2024-07-17 08:44:17', NULL, NULL, NULL, NULL),
(319, 'Bassim', '021 579 33 869', NULL, 'IndoGate_Net', 'Tour and Travel', ' <br /> - <b>Nama :</b> ', NULL, 'new', 0, NULL, NULL, 1, NULL, NULL, NULL, NULL, 2, NULL, 117, NULL, NULL, 1, 2, 2, NULL, NULL, 1, '2024-07-17 08:44:17', '2024-07-17 08:44:17', NULL, NULL, NULL, NULL),
(320, 'Khalid', '0821 2244 1191', NULL, NULL, NULL, ' <br /> - <b>Nama :</b> ', NULL, 'new', 0, NULL, NULL, 1, NULL, NULL, NULL, NULL, 2, NULL, 131, NULL, NULL, 1, 2, 2, NULL, NULL, 1, '2024-07-17 08:44:17', '2024-07-17 08:44:17', NULL, NULL, NULL, NULL),
(321, 'BASHEER YAHYA ALAUJ', '966 59 0919 127', NULL, 'basheer@indodreamland.com', 'PT. INDONESIA DREAM LAND', ' <br /> - <b>Nama :</b> ', NULL, 'new', 0, NULL, NULL, 1, NULL, NULL, NULL, NULL, 2, NULL, 132, NULL, NULL, 1, 2, 2, NULL, NULL, 1, '2024-07-17 08:44:17', '2024-07-17 08:44:17', NULL, NULL, NULL, NULL),
(322, 'Santi Maria Romli', '0812 1243 4085', NULL, 'santi.mariaromli1117@gmail.com', 'ISMAHIDA TOUR', ' <br /> - <b>Nama :</b> ', NULL, 'new', 0, NULL, NULL, 1, NULL, NULL, NULL, NULL, 2, NULL, 133, NULL, NULL, 1, 2, 2, NULL, NULL, 1, '2024-07-17 08:44:17', '2024-07-17 08:44:17', NULL, NULL, NULL, NULL),
(323, 'Amelia Rianasari', '0812 8066 4530', NULL, 'gm@indyagungwisata.com', 'INDI TRAVEL', ' <br /> - <b>Nama :</b> ', NULL, 'new', 0, NULL, NULL, 1, NULL, NULL, NULL, NULL, 2, NULL, 35, NULL, NULL, 1, 2, 2, NULL, NULL, 1, '2024-07-17 08:44:17', '2024-07-17 08:44:17', NULL, NULL, NULL, NULL),
(324, 'M. Dzulfahmi', '0882 1110 1650', NULL, 'fahmi.juaratravel.id', 'PT. JELAJAH UNIVERSAL RAIHAN', ' <br /> - <b>Nama :</b> ', NULL, 'new', 0, NULL, NULL, 1, NULL, NULL, NULL, NULL, 2, NULL, 132, NULL, NULL, 1, 2, 2, NULL, NULL, 1, '2024-07-17 08:44:17', '2024-07-17 08:44:17', NULL, NULL, NULL, NULL),
(325, 'Fatonah I Salihy (Ifa)', '0817 084 4542', NULL, 'ifa@triple8tour.com', 'PT. JELAJAH NUSANTARA INDONESIA', ' <br /> - <b>Nama :</b> ', NULL, 'new', 0, NULL, NULL, 1, NULL, NULL, NULL, NULL, 2, NULL, 41, NULL, NULL, 1, 2, 2, NULL, NULL, 1, '2024-07-17 08:44:17', '2024-07-17 08:44:17', NULL, NULL, NULL, NULL),
(326, 'R Meina I S', '0823 1180 5969', NULL, 'janeeta.Malika@gmail.com', 'JANEETA MALIKA (J-Ma)', ' <br /> - <b>Nama :</b> ', NULL, 'new', 0, NULL, NULL, 1, NULL, NULL, NULL, NULL, 2, NULL, 61, NULL, NULL, 1, 2, 2, NULL, NULL, 1, '2024-07-17 08:44:17', '2024-07-17 08:44:17', NULL, NULL, NULL, NULL),
(327, 'Thoto Marwoto', '0821 3000 9948', NULL, 'manifest.koperasiabm@gmail.com', 'KOPERASI JASA AMPHURI BANKIT MALAYANI', ' <br /> - <b>Nama :</b> ', NULL, 'new', 0, NULL, NULL, 1, NULL, NULL, NULL, NULL, 2, NULL, 12, NULL, NULL, 1, 2, 2, NULL, NULL, 1, '2024-07-17 08:44:17', '2024-07-17 08:44:17', NULL, NULL, NULL, NULL),
(328, 'Lukmanul Hakim', '0812 1018 4265', NULL, 'lukman@pusatmesinlaundry.com', 'PT. KHARISMA PUTRA SEJAHTERA', ' <br /> - <b>Nama :</b> ', NULL, 'new', 0, NULL, NULL, 1, NULL, NULL, NULL, NULL, 2, NULL, 50, NULL, NULL, 1, 2, 2, NULL, NULL, 1, '2024-07-17 08:44:17', '2024-07-17 08:44:17', NULL, NULL, NULL, NULL),
(329, 'Karyono Supomo', '0811 134 098', '021 2780 7710', 'ksupomo@yahoo.com', 'PT. KASINTA TUNGGAL WISATA', ' <br /> - <b>Nama :</b> ', NULL, 'new', 0, NULL, NULL, 1, NULL, NULL, NULL, NULL, 2, NULL, 61, NULL, NULL, 1, 2, 2, NULL, NULL, 1, '2024-07-17 08:44:17', '2024-07-17 08:44:17', NULL, NULL, NULL, NULL),
(330, 'H. Firman M. Nur, M.Sc.', '0811 921 787', NULL, 'travel@magfirah.com', 'PT. KAFILAH MAGHFIRAH WISATA', ' <br /> - <b>Nama :</b> ', NULL, 'new', 0, NULL, NULL, 1, NULL, NULL, NULL, NULL, 2, NULL, 17, NULL, NULL, 1, 2, 2, NULL, NULL, 1, '2024-07-17 08:44:17', '2024-07-17 08:44:17', NULL, NULL, NULL, NULL),
(331, 'Ib. Putra Romelco, S.H.', '0895 3130 6581', NULL, 'romelco03@gmail.co', 'LIANTI Tour & travel', ' <br /> - <b>Nama :</b> ', NULL, 'new', 0, NULL, NULL, 1, NULL, NULL, NULL, NULL, 2, NULL, 33, NULL, NULL, 1, 2, 2, NULL, NULL, 1, '2024-07-17 08:44:17', '2024-07-17 08:44:17', NULL, NULL, NULL, NULL),
(332, 'Totty Damayanti, SE, MM', '0818 291 087', NULL, 'tottydamayanti@gmail.com', 'LANGKAH BERCERITA', ' <br /> - <b>Nama :</b> ', NULL, 'new', 0, NULL, NULL, 1, NULL, NULL, NULL, NULL, 2, NULL, 134, NULL, NULL, 1, 2, 2, NULL, NULL, 1, '2024-07-17 08:44:17', '2024-07-17 08:44:17', NULL, NULL, NULL, NULL),
(333, 'Dedi Abdul Gani', '0822 4710 8393', NULL, 'dediag@loder.co.id', 'PT. LODER PETRA INDONESIA', ' <br /> - <b>Nama :</b> ', NULL, 'new', 0, NULL, NULL, 1, NULL, NULL, NULL, NULL, 2, NULL, 59, NULL, NULL, 1, 2, 2, NULL, NULL, 1, '2024-07-17 08:44:17', '2024-07-17 08:44:17', NULL, NULL, NULL, NULL),
(334, 'Datuk HJ Abdul Rahim', '60 11 1999 7398', NULL, 'dar@darihsan.com', 'Malaysia', ' <br /> - <b>Nama :</b> ', NULL, 'new', 0, NULL, NULL, 1, NULL, NULL, NULL, NULL, 2, NULL, 135, NULL, NULL, 1, 2, 2, NULL, NULL, 1, '2024-07-17 08:44:17', '2024-07-17 08:44:17', NULL, NULL, NULL, NULL),
(335, 'Mrs. Ifanna', '0813 1045 3243', NULL, NULL, 'MINNA WISATA by Mj Tourism', ' <br /> - <b>Nama :</b> ', NULL, 'new', 0, NULL, NULL, 1, NULL, NULL, NULL, NULL, 2, NULL, 25, NULL, NULL, 1, 2, 2, NULL, NULL, 1, '2024-07-17 08:44:17', '2024-07-17 08:44:17', NULL, NULL, NULL, NULL),
(336, 'Minchatul Maula, SE', '0878 0919 8699', NULL, 'maulatravel@yahoo.com', 'MAULA', ' <br /> - <b>Nama :</b> ', NULL, 'new', 0, NULL, NULL, 1, NULL, NULL, NULL, NULL, 2, NULL, 12, NULL, NULL, 1, 2, 2, NULL, NULL, 1, '2024-07-17 08:44:17', '2024-07-17 08:44:17', NULL, NULL, NULL, NULL),
(337, 'MUHAMMAD IBRAHIM', '0813 1122 3412', NULL, 'inrahim@maysantrvel.sa', 'MAYSAN', ' <br /> - <b>Nama :</b> ', NULL, 'new', 0, NULL, NULL, 1, NULL, NULL, NULL, NULL, 2, NULL, 96, NULL, NULL, 1, 2, 2, NULL, NULL, 1, '2024-07-17 08:44:17', '2024-07-17 08:44:17', NULL, NULL, NULL, NULL),
(338, 'SAIFURRAHMAN', '62 813 3367 8424', NULL, 'sf@mkm-tour-travel.com', 'MKM Tour and Travel', ' <br /> - <b>Nama :</b> ', NULL, 'new', 0, NULL, NULL, 1, NULL, NULL, NULL, NULL, 2, NULL, 136, NULL, NULL, 1, 2, 2, NULL, NULL, 1, '2024-07-17 08:44:17', '2024-07-17 08:44:17', NULL, NULL, NULL, NULL),
(339, 'FAISAL MUHAMMAD', '0823 8417 1400', NULL, 'official@nskgroup.com', 'PT. NIAT SUCI KEBAITULLAH', ' <br /> - <b>Nama :</b> ', NULL, 'new', 0, NULL, NULL, 1, NULL, NULL, NULL, NULL, 2, NULL, 138, NULL, NULL, 1, 2, 2, NULL, NULL, 1, '2024-07-17 08:44:17', '2024-07-17 08:44:17', NULL, NULL, NULL, NULL),
(340, 'RITA LESTARI', '0813 1105 688', NULL, 'rheita0208@gmail.com', 'ONE FOR HOTEL INVESMENT', ' <br /> - <b>Nama :</b> ', NULL, 'new', 0, NULL, NULL, 1, NULL, NULL, NULL, NULL, 2, NULL, 12, NULL, NULL, 1, 2, 2, NULL, NULL, 1, '2024-07-17 08:44:17', '2024-07-17 08:44:17', NULL, NULL, NULL, NULL),
(341, 'INDRAWATI HASTANINGRUM', '0821 3786 8121', NULL, 'inra@omtlifestyle.com', 'OMT', ' <br /> - <b>Nama :</b> ', NULL, 'new', 0, NULL, NULL, 1, NULL, NULL, NULL, NULL, 2, NULL, 49, NULL, NULL, 1, 2, 2, NULL, NULL, 1, '2024-07-17 08:44:17', '2024-07-17 08:44:17', NULL, NULL, NULL, NULL),
(342, 'NURSATRIO KARTANEGARA', '0818 7173 2313', NULL, 'www.pajje.id', 'PATJE (PATEN JELAJAH)', ' <br /> - <b>Nama :</b> ', NULL, 'new', 0, NULL, NULL, 1, NULL, NULL, NULL, NULL, 2, NULL, 139, NULL, NULL, 1, 2, 2, NULL, NULL, 1, '2024-07-17 08:44:17', '2024-07-17 08:44:17', NULL, NULL, NULL, NULL),
(343, 'M. ILHAM NUGAHA', '0858 8551 6683', NULL, 'ilhamuinjkt@gmail.co', 'RAHMA MULYA WISATA', ' <br /> - <b>Nama :</b> ', NULL, 'new', 0, NULL, NULL, 1, NULL, NULL, NULL, NULL, 2, NULL, 35, NULL, NULL, 1, 2, 2, NULL, NULL, 1, '2024-07-17 08:44:17', '2024-07-17 08:44:17', NULL, NULL, NULL, NULL),
(344, 'Wilda Rifki Budyana', '0812 1296 4688', NULL, 'www.ridaint.com', 'RIDA INTERNASIONAL', ' <br /> - <b>Nama :</b> ', NULL, 'new', 0, NULL, NULL, 1, NULL, NULL, NULL, NULL, 2, NULL, 41, NULL, NULL, 1, 2, 2, NULL, NULL, 1, '2024-07-17 08:44:17', '2024-07-17 08:44:17', NULL, NULL, NULL, NULL),
(345, 'FATWA FUAD', '966 877 1700 0040', NULL, 'fatwa@safa.co.id', 'SAFABOOKING', ' <br /> - <b>Nama :</b> ', NULL, 'new', 0, NULL, NULL, 1, NULL, NULL, NULL, NULL, 2, NULL, 140, NULL, NULL, 1, 2, 2, NULL, NULL, 1, '2024-07-17 08:44:17', '2024-07-17 08:44:17', NULL, NULL, NULL, NULL),
(346, 'YUDISTIRA', '0813 9000 1281', NULL, 'www.safaricahayaputra.com', 'SAFARI CAHAYA PUTRA', ' <br /> - <b>Nama :</b> ', NULL, 'new', 0, NULL, NULL, 1, NULL, NULL, NULL, NULL, 2, NULL, 33, NULL, NULL, 1, 2, 2, NULL, NULL, 1, '2024-07-17 08:44:17', '2024-07-17 08:44:17', NULL, NULL, NULL, NULL);
INSERT INTO `contacts` (`id`, `name`, `mobile`, `mobile2`, `email`, `company_name`, `notes`, `gender`, `status`, `is_trashed`, `birth_date`, `national_id`, `is_active`, `custom_attributes`, `code`, `city_id`, `area_id`, `contact_source_id`, `contact_category_id`, `job_title_id`, `industry_id`, `major_id`, `employee_id`, `activity_id`, `interest_id`, `customer_id`, `campaign_id`, `created_by`, `created_at`, `updated_at`, `deleted_at`, `address`, `religion`, `branch_id`) VALUES
(347, 'Hj. Tri Widiya Ningsih, ST', '0816 147 6696', NULL, 'admin@aminintravel.com', 'PT. SAAD USAHA MANDIRI', ' <br /> - <b>Nama :</b> ', NULL, 'new', 0, NULL, NULL, 1, NULL, NULL, NULL, NULL, 2, NULL, 115, NULL, NULL, 1, 2, 2, NULL, NULL, 1, '2024-07-17 08:44:17', '2024-07-17 08:44:17', NULL, NULL, NULL, NULL),
(348, 'FIANNE JANNE SANGER, SE', '0817 2078 99', NULL, 'alishafjsanger@gmail.com', 'SMARTRIE GROUP (TRAVEL)', ' <br /> - <b>Nama :</b> ', NULL, 'new', 0, NULL, NULL, 1, NULL, NULL, NULL, NULL, 2, NULL, 50, NULL, NULL, 1, 2, 2, NULL, NULL, 1, '2024-07-17 08:44:17', '2024-07-17 08:44:17', NULL, NULL, NULL, NULL),
(349, 'Rachmawati', '0812 8597 6019', NULL, 'sainahina954@yahoo.com', 'SONIC TOUR & TRAVEL', ' <br /> - <b>Nama :</b> ', NULL, 'new', 0, NULL, NULL, 1, NULL, NULL, NULL, NULL, 2, NULL, 12, NULL, NULL, 1, 2, 2, NULL, NULL, 1, '2024-07-17 08:44:17', '2024-07-17 08:44:17', NULL, NULL, NULL, NULL),
(350, 'Tri Kasnuriaty (Trya)', '0858 8302 7514', NULL, 'tryahalalmania@gmail.com', 'PT. SAHABAT WISATA HALAL', ' <br /> - <b>Nama :</b> ', NULL, 'new', 0, NULL, NULL, 1, NULL, NULL, NULL, NULL, 2, NULL, 12, NULL, NULL, 1, 2, 2, NULL, NULL, 1, '2024-07-17 08:44:17', '2024-07-17 08:44:17', NULL, NULL, NULL, NULL),
(351, 'Rere Zagita', '0821 1021 1989', NULL, 'rerehalalmania@gmail.com', NULL, ' <br /> - <b>Nama :</b> ', NULL, 'new', 0, NULL, NULL, 1, NULL, NULL, NULL, NULL, 2, NULL, 12, NULL, NULL, 1, 2, 2, NULL, NULL, 1, '2024-07-17 08:44:17', '2024-07-17 08:44:17', NULL, NULL, NULL, NULL),
(352, 'Ayu Putri', '62 411 437 611', NULL, NULL, 'TALENTA TOURISM INTERNATIONAL', ' <br /> - <b>Nama :</b> ', NULL, 'new', 0, NULL, NULL, 1, NULL, NULL, NULL, NULL, 2, NULL, 141, NULL, NULL, 1, 2, 2, NULL, NULL, 1, '2024-07-17 08:44:17', '2024-07-17 08:44:17', NULL, NULL, NULL, NULL),
(353, 'Vini Isyana', '0811 133 5530', NULL, 'vini@med-alliance.net', 'PT. TIGA MENTARI TURINDO', ' <br /> - <b>Nama :</b> ', NULL, 'new', 0, NULL, NULL, 1, NULL, NULL, NULL, NULL, 2, NULL, 12, NULL, NULL, 1, 2, 2, NULL, NULL, 1, '2024-07-17 08:44:17', '2024-07-17 08:44:17', NULL, NULL, NULL, NULL),
(354, 'IRA ISALAURA', '0811 1100 222', NULL, 'tourseouljaka@gmail.com', 'PT. TOUR SEOUL KOREA (TSK)', ' <br /> - <b>Nama :</b> ', NULL, 'new', 0, NULL, NULL, 1, NULL, NULL, NULL, NULL, 2, NULL, 142, NULL, NULL, 1, 2, 2, NULL, NULL, 1, '2024-07-17 08:44:17', '2024-07-17 08:44:17', NULL, NULL, NULL, NULL),
(355, 'Syarifah Nadiatul Nur Syed Sabry', '60 11 5957 6507', NULL, 'shnadia@troktravel.com', 'TROKA', ' <br /> - <b>Nama :</b> ', NULL, 'new', 0, NULL, NULL, 1, NULL, NULL, NULL, NULL, 2, NULL, 143, NULL, NULL, 1, 2, 2, NULL, NULL, 1, '2024-07-17 08:44:17', '2024-07-17 08:44:17', NULL, NULL, NULL, NULL),
(356, 'Titi Sunarti', '0859 4515 7439', NULL, 'titiantourtravel2@gmail.com', 'PT. TITIAN BERKAH NUSANTARA TRAVEL', ' <br /> - <b>Nama :</b> ', NULL, 'new', 0, NULL, NULL, 1, NULL, NULL, NULL, NULL, 2, NULL, 33, NULL, NULL, 1, 2, 2, NULL, NULL, 1, '2024-07-17 08:44:17', '2024-07-17 08:44:17', NULL, NULL, NULL, NULL),
(357, 'Hj. Nheng Hendrawati', '0816 877 651', NULL, NULL, NULL, ' <br /> - <b>Nama :</b> ', NULL, 'new', 0, NULL, NULL, 1, NULL, NULL, NULL, NULL, 2, NULL, 89, NULL, NULL, 1, 2, 2, NULL, NULL, 1, '2024-07-17 08:44:17', '2024-07-17 08:44:17', NULL, NULL, NULL, NULL),
(358, 'Irvan Ferisma', '0811 9813 07', NULL, 'irvan.ferisma@visitours.id', 'PT. VISI WISATA UNIVERSAL', ' <br /> - <b>Nama :</b> ', NULL, 'new', 0, NULL, NULL, 1, NULL, NULL, NULL, NULL, 2, NULL, 144, NULL, NULL, 1, 2, 2, NULL, NULL, 1, '2024-07-17 08:44:17', '2024-07-17 08:44:17', NULL, NULL, NULL, NULL),
(359, 'Rizky Anggoro P', '0812 1288 6456', NULL, NULL, 'PT. WISATA PILIHAN', ' <br /> - <b>Nama :</b> ', NULL, 'new', 0, NULL, NULL, 1, NULL, NULL, NULL, NULL, 2, NULL, 146, NULL, NULL, 1, 2, 2, NULL, NULL, 1, '2024-07-17 08:44:17', '2024-07-17 08:44:17', NULL, NULL, NULL, NULL),
(360, 'MAHARANI BAISA', '0822 4535 4784', NULL, 'mahabiasa.atg@gmail.com', 'PT. ABATCO TRADING GROUP (ATG)', ' <br /> - <b>Nama :</b> ', NULL, 'new', 0, NULL, NULL, 1, NULL, NULL, NULL, NULL, 2, NULL, 147, NULL, NULL, 1, 2, 2, NULL, NULL, 1, '2024-07-17 08:44:17', '2024-07-17 08:44:17', NULL, NULL, NULL, NULL),
(361, 'WIDYA PURNAMASARI', '62 811 9111 255', NULL, 'www.accor.com', 'ACCOR', ' <br /> - <b>Nama :</b> ', NULL, 'new', 0, NULL, NULL, 1, NULL, NULL, NULL, NULL, 2, NULL, 149, NULL, NULL, 1, 2, 2, NULL, NULL, 1, '2024-07-17 08:44:17', '2024-07-17 08:44:17', NULL, NULL, NULL, NULL),
(362, 'MIHAMMED ALI', '62 811 9355 991', NULL, 'Mohamed.ali@astonalhijaz.sa', 'ASTON AL HIJAZ (HOTEL)', ' <br /> - <b>Nama :</b> ', NULL, 'new', 0, NULL, NULL, 1, NULL, NULL, NULL, NULL, 2, NULL, 151, NULL, NULL, 1, 2, 2, NULL, NULL, 1, '2024-07-17 08:44:17', '2024-07-17 08:44:17', NULL, NULL, NULL, NULL),
(363, 'APRIZAL', '0878 7162 6094', NULL, 'aprizal@aistecno.com', 'CV. AISTAH INDAH SEJAHTERA', ' <br /> - <b>Nama :</b> ', NULL, 'new', 0, NULL, NULL, 1, NULL, NULL, NULL, NULL, 2, NULL, 152, NULL, NULL, 1, 2, 2, NULL, NULL, 1, '2024-07-17 08:44:17', '2024-07-17 08:44:17', NULL, NULL, NULL, NULL),
(364, 'LINDA WATI', '62 812 9381 7741', NULL, 'L.wati@anjumhotels.com', 'ANJUM HOTEL', ' <br /> - <b>Nama :</b> ', NULL, 'new', 0, NULL, NULL, 1, NULL, NULL, NULL, NULL, 2, NULL, 153, NULL, NULL, 1, 2, 2, NULL, NULL, 1, '2024-07-17 08:44:17', '2024-07-17 08:44:17', NULL, NULL, NULL, NULL),
(365, 'EKA YOGA SRI WAHYUNI', '62 812 8909 9036', NULL, 'e.sriwahyuni@anjumhotels.com', 'ANJUM HOTEL', ' <br /> - <b>Nama :</b> ', NULL, 'new', 0, NULL, NULL, 1, NULL, NULL, NULL, NULL, 2, NULL, 153, NULL, NULL, 1, 2, 2, NULL, NULL, 1, '2024-07-17 08:44:17', '2024-07-17 08:44:17', NULL, NULL, NULL, NULL),
(366, 'RIMA RAHMANINGSIH', '62 811 976 2888', NULL, 'r.rahmaningsih@anjumhotels.com', 'ANJUM HOTEL', ' <br /> - <b>Nama :</b> ', NULL, 'new', 0, NULL, NULL, 1, NULL, NULL, NULL, NULL, 2, NULL, 154, NULL, NULL, 1, 2, 2, NULL, NULL, 1, '2024-07-17 08:44:17', '2024-07-17 08:44:17', NULL, NULL, NULL, NULL),
(367, 'ZULHENDRI', '017 9846 561', NULL, 'zulhendri@cimbniaga.co.id', 'PT. Bank CIMB Niaga Tbk', ' <br /> - <b>Nama :</b> ', NULL, 'new', 0, NULL, NULL, 1, NULL, NULL, NULL, NULL, 2, NULL, 155, NULL, NULL, 1, 2, 2, NULL, NULL, 1, '2024-07-17 08:44:17', '2024-07-17 08:44:17', NULL, NULL, NULL, NULL),
(368, 'Garry Areista, CFP', '0852 5547 9700', NULL, 'garry@mobee.io', 'PT. CTXG Indonesia Berkarya', ' <br /> - <b>Nama :</b> ', NULL, 'new', 0, NULL, NULL, 1, NULL, NULL, NULL, NULL, 2, NULL, 157, NULL, NULL, 1, 2, 2, NULL, NULL, 1, '2024-07-17 08:44:17', '2024-07-17 08:44:17', NULL, NULL, NULL, NULL),
(369, 'Edward Tjahyadikarta', '0811 812 728', NULL, 'edward@mobee.io', NULL, ' <br /> - <b>Nama :</b> ', NULL, 'new', 0, NULL, NULL, 1, NULL, NULL, NULL, NULL, 2, NULL, 159, NULL, NULL, 1, 2, 2, NULL, NULL, 1, '2024-07-17 08:44:17', '2024-07-17 08:44:17', NULL, NULL, NULL, NULL),
(370, 'MUNI LESTARI', '62 812 1256 5609', NULL, 'm.lestari@daraleiman.com', 'DAR AL-ELMAN CO.', ' <br /> - <b>Nama :</b> ', NULL, 'new', 0, NULL, NULL, 1, NULL, NULL, NULL, NULL, 2, NULL, 96, NULL, NULL, 1, 2, 2, NULL, NULL, 1, '2024-07-17 08:44:17', '2024-07-17 08:44:17', NULL, NULL, NULL, NULL),
(371, 'FERDIANSYAH', '62818 188 630', NULL, 'ferdiansyah@daraleiman.com', 'DAR AL-ELMAN CO.', ' <br /> - <b>Nama :</b> ', NULL, 'new', 0, NULL, NULL, 1, NULL, NULL, NULL, NULL, 2, NULL, 96, NULL, NULL, 1, 2, 2, NULL, NULL, 1, '2024-07-17 08:44:17', '2024-07-17 08:44:17', NULL, NULL, NULL, NULL),
(372, 'Agus Supriyanyo', '0815 1006 0709', NULL, 'agus supriyanto0519@dexa-medica.com', 'DEXA MEDICA', ' <br /> - <b>Nama :</b> ', NULL, 'new', 0, NULL, NULL, 1, NULL, NULL, NULL, NULL, 2, NULL, 160, NULL, NULL, 1, 2, 2, NULL, NULL, 1, '2024-07-17 08:44:17', '2024-07-17 08:44:17', NULL, NULL, NULL, NULL),
(373, 'Desvi Sembiring', '0813 2614 6339', NULL, 'desvibiring1@gmil.com', 'DOLARASIA', ' <br /> - <b>Nama :</b> ', NULL, 'new', 0, NULL, NULL, 1, NULL, NULL, NULL, NULL, 2, NULL, 162, NULL, NULL, 1, 2, 2, NULL, NULL, 1, '2024-07-17 08:44:17', '2024-07-17 08:44:17', NULL, NULL, NULL, NULL),
(374, 'Indri Amelia', '0812 1319 8003', NULL, 'indriameng2411@gmail.com', NULL, ' <br /> - <b>Nama :</b> ', NULL, 'new', 0, NULL, NULL, 1, NULL, NULL, NULL, NULL, 2, NULL, 163, NULL, NULL, 1, 2, 2, NULL, NULL, 1, '2024-07-17 08:44:17', '2024-07-17 08:44:17', NULL, NULL, NULL, NULL),
(375, 'Agoeng Widyatmoko', '0812 8950 818', NULL, 'agoeng.w@gmail.com', 'PT. DAPUR KRETIF INDONESIA', ' <br /> - <b>Nama :</b> ', NULL, 'new', 0, NULL, NULL, 1, NULL, NULL, NULL, NULL, 2, NULL, 49, NULL, NULL, 1, 2, 2, NULL, NULL, 1, '2024-07-17 08:44:17', '2024-07-17 08:44:17', NULL, NULL, NULL, NULL),
(376, 'ALTHA K. SIMAMORA', '62 877 8273 5746', NULL, 'altha@ethiopianairline.id', 'ETHIOPIAN AIRLINE', ' <br /> - <b>Nama :</b> ', NULL, 'new', 0, NULL, NULL, 1, NULL, NULL, NULL, NULL, 2, NULL, 164, NULL, NULL, 1, 2, 2, NULL, NULL, 1, '2024-07-17 08:44:17', '2024-07-17 08:44:17', NULL, NULL, NULL, NULL),
(377, 'Ali Basuki Rochmad', '0812 8111 1200', NULL, 'abr.hajjumra@gmail.com', 'FORBLS / FORUM BISNIS (KPM GONTOR)', ' <br /> - <b>Nama :</b> ', NULL, 'new', 0, NULL, NULL, 1, NULL, NULL, NULL, NULL, 2, NULL, 165, NULL, NULL, 1, 2, 2, NULL, NULL, 1, '2024-07-17 08:44:17', '2024-07-17 08:44:17', NULL, NULL, NULL, NULL),
(378, 'VALENTINO PATTY', '0812 9042 5512', NULL, 'satria.valentino@fraserhospitality.com', 'FRASER RESIDENCE', ' <br /> - <b>Nama :</b> ', NULL, 'new', 0, NULL, NULL, 1, NULL, NULL, NULL, NULL, 2, NULL, 166, NULL, NULL, 1, 2, 2, NULL, NULL, 1, '2024-07-17 08:44:17', '2024-07-17 08:44:17', NULL, NULL, NULL, NULL),
(379, 'NIZAR BAWAZER', '0859 3707 8696', NULL, 'nizarbawazer@gseindo.com', 'PT. GLOBAL SARANA ENERGI (GSE)', ' <br /> - <b>Nama :</b> ', NULL, 'new', 0, NULL, NULL, 1, NULL, NULL, NULL, NULL, 2, NULL, 14, NULL, NULL, 1, 2, 2, NULL, NULL, 1, '2024-07-17 08:44:17', '2024-07-17 08:44:17', NULL, NULL, NULL, NULL),
(380, 'MOHAMMAD KHALID', '62 813 8987 9800', NULL, 'info@ptalharmain.com', 'AL HARMAIN', ' <br /> - <b>Nama :</b> ', NULL, 'new', 0, NULL, NULL, 1, NULL, NULL, NULL, NULL, 2, NULL, 167, NULL, NULL, 1, 2, 2, NULL, NULL, 1, '2024-07-17 08:44:17', '2024-07-17 08:44:17', NULL, NULL, NULL, NULL),
(381, 'Muhamad Budi Negoro', '081 191 7364', NULL, 'www.isabc.or.id', 'INDONESIA - SUADI Businees Concil', ' <br /> - <b>Nama :</b> ', NULL, 'new', 0, NULL, NULL, 1, NULL, NULL, NULL, NULL, 2, NULL, 168, NULL, NULL, 1, 2, 2, NULL, NULL, 1, '2024-07-17 08:44:17', '2024-07-17 08:44:17', NULL, NULL, NULL, NULL),
(382, 'JOKO SUGIANTO', '0812 948 2382', NULL, 'jokosugianto2202@gmail.com', 'INSPIRASI SINERGI', ' <br /> - <b>Nama :</b> ', NULL, 'new', 0, NULL, NULL, 1, NULL, NULL, NULL, NULL, 2, NULL, 31, NULL, NULL, 1, 2, 2, NULL, NULL, 1, '2024-07-17 08:44:17', '2024-07-17 08:44:17', NULL, NULL, NULL, NULL),
(383, 'Hasan Wadjo', '0811 1920 6686', NULL, 'www.jgc-indonesia.com', 'PT. JGC INDONESIA', ' <br /> - <b>Nama :</b> ', NULL, 'new', 0, NULL, NULL, 1, NULL, NULL, NULL, NULL, 2, NULL, 169, NULL, NULL, 1, 2, 2, NULL, NULL, 1, '2024-07-17 08:44:17', '2024-07-17 08:44:17', NULL, NULL, NULL, NULL),
(384, 'FITRI KUSWINDARTI', '0857 7783 2212', NULL, 'fitri.kuswindarti@kurniabersaudarasejahter.id', 'PT. KURNIA BERSAUDARA SEJAHTER', ' <br /> - <b>Nama :</b> ', NULL, 'new', 0, NULL, NULL, 1, NULL, NULL, NULL, NULL, 2, NULL, 24, NULL, NULL, 1, 2, 2, NULL, NULL, 1, '2024-07-17 08:44:17', '2024-07-17 08:44:17', NULL, NULL, NULL, NULL),
(385, 'MUHAMAD FACHRIZA', '62813 8215 1907', NULL, 'fachry.manaraba@gmail.com', 'MANARA TABA HOTEL.CO', ' <br /> - <b>Nama :</b> ', NULL, 'new', 0, NULL, NULL, 1, NULL, NULL, NULL, NULL, 2, NULL, 33, NULL, NULL, 1, 2, 2, NULL, NULL, 1, '2024-07-17 08:44:17', '2024-07-17 08:44:17', NULL, NULL, NULL, NULL),
(386, 'FITHRIANAN LIDERA', '620815 8063 896', NULL, 'Fithriana.lidera@seera.sa', 'MAWASIM', ' <br /> - <b>Nama :</b> ', NULL, 'new', 0, NULL, NULL, 1, NULL, NULL, NULL, NULL, 2, NULL, 172, NULL, NULL, 1, 2, 2, NULL, NULL, 1, '2024-07-17 08:44:17', '2024-07-17 08:44:17', NULL, NULL, NULL, NULL),
(387, 'Viarsani', '0813 1000 0137', NULL, 'www.mahadana.co.id', 'PT. MAHADANA ASTA BERJANGKA', ' <br /> - <b>Nama :</b> ', NULL, 'new', 0, NULL, NULL, 1, NULL, NULL, NULL, NULL, 2, NULL, 173, NULL, NULL, 1, 2, 2, NULL, NULL, 1, '2024-07-17 08:44:17', '2024-07-17 08:44:17', NULL, NULL, NULL, NULL),
(388, 'Dirga Nugraha', '0812 1205 2212', NULL, 'www.mahadana.co.id', 'Lembaga Kliring Berjangka Indonesia', ' <br /> - <b>Nama :</b> ', NULL, 'new', 0, NULL, NULL, 1, NULL, NULL, NULL, NULL, 2, NULL, 174, NULL, NULL, 1, 2, 2, NULL, NULL, 1, '2024-07-17 08:44:17', '2024-07-17 08:44:17', NULL, NULL, NULL, NULL),
(389, 'Anthony Filan', '0818 0300 0099', NULL, NULL, NULL, ' <br /> - <b>Nama :</b> ', NULL, 'new', 0, NULL, NULL, 1, NULL, NULL, NULL, NULL, 2, NULL, 12, NULL, NULL, 1, 2, 2, NULL, NULL, 1, '2024-07-17 08:44:17', '2024-07-17 08:44:17', NULL, NULL, NULL, NULL),
(390, 'Mohammed Al Jaaidi', '0878 3121 1000', NULL, 'Mohammed.jeaidi2@gmail.com', 'MOHAMMED AL JAAIDI', ' <br /> - <b>Nama :</b> ', NULL, 'new', 0, NULL, NULL, 1, NULL, NULL, NULL, NULL, 2, NULL, 175, NULL, NULL, 1, 2, 2, NULL, NULL, 1, '2024-07-17 08:44:17', '2024-07-17 08:44:17', NULL, NULL, NULL, NULL),
(391, 'Mohammed Al Gamri', '0815 2820 6563', NULL, 'mhmudh2015@gmail.com', 'MOHAMMED AL-GAMRI', ' <br /> - <b>Nama :</b> ', NULL, 'new', 0, NULL, NULL, 1, NULL, NULL, NULL, NULL, 2, NULL, 176, NULL, NULL, 1, 2, 2, NULL, NULL, 1, '2024-07-17 08:44:17', '2024-07-17 08:44:17', NULL, NULL, NULL, NULL),
(392, 'Nur Handiah J. Taguba', '0812 2115 1511', NULL, 'info@mdshellcraft.com', 'PT. MULTI DIMENSI (SHELLCRAFTS)', ' <br /> - <b>Nama :</b> ', NULL, 'new', 0, NULL, NULL, 1, NULL, NULL, NULL, NULL, 2, NULL, 14, NULL, NULL, 1, 2, 2, NULL, NULL, 1, '2024-07-17 08:44:17', '2024-07-17 08:44:17', NULL, NULL, NULL, NULL),
(393, 'NINA HARTIANI', '0878 5531 8990', NULL, 'www.nisaweddingservice.com', 'NISA ARTHA BOGA', ' <br /> - <b>Nama :</b> ', NULL, 'new', 0, NULL, NULL, 1, NULL, NULL, NULL, NULL, 2, NULL, 12, NULL, NULL, 1, 2, 2, NULL, NULL, 1, '2024-07-17 08:44:17', '2024-07-17 08:44:17', NULL, NULL, NULL, NULL),
(394, 'MUHAMMAD FATHUDZIKRI AULIA', '0815 1368 7278', NULL, 'Biz@sukabumigreenstone.com', 'CV NUSAGRI', ' <br /> - <b>Nama :</b> ', NULL, 'new', 0, NULL, NULL, 1, NULL, NULL, NULL, NULL, 2, NULL, 178, NULL, NULL, 1, 2, 2, NULL, NULL, 1, '2024-07-17 08:44:17', '2024-07-17 08:44:17', NULL, NULL, NULL, NULL),
(395, 'SISKA ERLINA', '62 821 1281 9514', NULL, 'Siska.Erlina@gsa.omanair.com', 'OMAN AIR', ' <br /> - <b>Nama :</b> ', NULL, 'new', 0, NULL, NULL, 1, NULL, NULL, NULL, NULL, 2, NULL, 179, NULL, NULL, 1, 2, 2, NULL, NULL, 1, '2024-07-17 08:44:17', '2024-07-17 08:44:17', NULL, NULL, NULL, NULL),
(396, 'ROSSANOVA M', '62 811 1216 1717', NULL, 'Rossanova.mirmawati@gsa.omanair.com', 'OMAN AIR', ' <br /> - <b>Nama :</b> ', NULL, 'new', 0, NULL, NULL, 1, NULL, NULL, NULL, NULL, 2, NULL, 96, NULL, NULL, 1, 2, 2, NULL, NULL, 1, '2024-07-17 08:44:17', '2024-07-17 08:44:17', NULL, NULL, NULL, NULL),
(397, 'DWI NURUL RACHMA', '62 821 1281 9532', NULL, 'Dwi.Nurulrachma@gsa.omanair.com', 'OMAN AIR', ' <br /> - <b>Nama :</b> ', NULL, 'new', 0, NULL, NULL, 1, NULL, NULL, NULL, NULL, 2, NULL, 180, NULL, NULL, 1, 2, 2, NULL, NULL, 1, '2024-07-17 08:44:17', '2024-07-17 08:44:17', NULL, NULL, NULL, NULL),
(398, 'NURFADILAH', '0878 2511 4147', NULL, 'nur.fadilah@pangansari.co.id', 'PT. PANGANSARI UTAMA FOOD RESOURCES', ' <br /> - <b>Nama :</b> ', NULL, 'new', 0, NULL, NULL, 1, NULL, NULL, NULL, NULL, 2, NULL, 181, NULL, NULL, 1, 2, 2, NULL, NULL, 1, '2024-07-17 08:44:17', '2024-07-17 08:44:17', NULL, NULL, NULL, NULL),
(399, 'HANUM WIBIASRI', '0815 8660 3382', NULL, 'hanum.wiasri@pangansari.co.id', 'PT. PANGANSARI', ' <br /> - <b>Nama :</b> ', NULL, 'new', 0, NULL, NULL, 1, NULL, NULL, NULL, NULL, 2, NULL, 182, NULL, NULL, 1, 2, 2, NULL, NULL, 1, '2024-07-17 08:44:17', '2024-07-17 08:44:17', NULL, NULL, NULL, NULL),
(400, 'FAUZIE AKBAAR TOPANDASH', '0859 1068 50019', NULL, 'akbar@pacificaviation.co.id', 'PACIFIC AVIATION', ' <br /> - <b>Nama :</b> ', NULL, 'new', 0, NULL, NULL, 1, NULL, NULL, NULL, NULL, 2, NULL, 183, NULL, NULL, 1, 2, 2, NULL, NULL, 1, '2024-07-17 08:44:17', '2024-07-17 08:44:17', NULL, NULL, NULL, NULL),
(401, 'IWAN SETIAWAN', '0878 8452 1950', NULL, 'Iwanmaktab@gmail.com', 'PT. RAUDHAH MAKTAB INDONESIA', ' <br /> - <b>Nama :</b> ', NULL, 'new', 0, NULL, NULL, 1, NULL, NULL, NULL, NULL, 2, NULL, 12, NULL, NULL, 1, 2, 2, NULL, NULL, 1, '2024-07-17 08:44:17', '2024-07-17 08:44:17', NULL, NULL, NULL, NULL),
(402, 'HAFIDZ FARIDDON', '0819 3946 0251', NULL, 'hafidz@rumahproduksi.id', 'RUMAH PRODUKSI INDONESIA (RPI)', ' <br /> - <b>Nama :</b> ', NULL, 'new', 0, NULL, NULL, 1, NULL, NULL, NULL, NULL, 2, NULL, 184, NULL, NULL, 1, 2, 2, NULL, NULL, 1, '2024-07-17 08:44:17', '2024-07-17 08:44:17', NULL, NULL, NULL, NULL),
(403, 'OCSY ZAINAL', '62 0813 8246 8310', NULL, 'ocsy.zainal@seera.sa', 'MAWASIM / SEERA GROUP', ' <br /> - <b>Nama :</b> ', NULL, 'new', 0, NULL, NULL, 1, NULL, NULL, NULL, NULL, 2, NULL, 185, NULL, NULL, 1, 2, 2, NULL, NULL, 1, '2024-07-17 08:44:17', '2024-07-17 08:44:17', NULL, NULL, NULL, NULL),
(404, 'ZIAUDDIN ASJIK', '62 858 9031 0025', NULL, 'Zianuddin Asjik@seera.sa', 'MAWASIM / SEERA GROUP', ' <br /> - <b>Nama :</b> ', NULL, 'new', 0, NULL, NULL, 1, NULL, NULL, NULL, NULL, 2, NULL, 41, NULL, NULL, 1, 2, 2, NULL, NULL, 1, '2024-07-17 08:44:17', '2024-07-17 08:44:17', NULL, NULL, NULL, NULL),
(405, 'SANDI', '0812 1226 8719', NULL, NULL, 'SANITA AUDIO', ' <br /> - <b>Nama :</b> ', NULL, 'new', 0, NULL, NULL, 1, NULL, NULL, NULL, NULL, 2, NULL, 12, NULL, NULL, 1, 2, 2, NULL, NULL, 1, '2024-07-17 08:44:17', '2024-07-17 08:44:17', NULL, NULL, NULL, NULL),
(406, 'Maya Luviya Efendi', '0811 1696 299', NULL, 'mayaluviyana@gmail.com', 'PT. TOKIO MARINE LIFE INSURANCE', ' <br /> - <b>Nama :</b> ', NULL, 'new', 0, NULL, NULL, 1, NULL, NULL, NULL, NULL, 2, NULL, 186, NULL, NULL, 1, 2, 2, NULL, NULL, 1, '2024-07-17 08:44:17', '2024-07-17 08:44:17', NULL, NULL, NULL, NULL),
(407, 'H. YASSER BOMA SILA DAWANIS, SE', '0812 8262 4514', NULL, 'fbigroupjkt@gmail.com', 'TAJAK RAMADHAN GROUP', ' <br /> - <b>Nama :</b> ', NULL, 'new', 0, NULL, NULL, 1, NULL, NULL, NULL, NULL, 2, NULL, 17, NULL, NULL, 1, 2, 2, NULL, NULL, 1, '2024-07-17 08:44:17', '2024-07-17 08:44:17', NULL, NULL, NULL, NULL),
(408, 'ABDULRAHMAN BASALAMA', '60132521230', NULL, 'wsbglobal@yahoo.com', 'WBS GLOBAL (Malaysia)', ' <br /> - <b>Nama :</b> ', NULL, 'new', 0, NULL, NULL, 1, NULL, NULL, NULL, NULL, 2, NULL, 35, NULL, NULL, 1, 2, 2, NULL, NULL, 1, '2024-07-17 08:44:17', '2024-07-17 08:44:17', NULL, NULL, NULL, NULL),
(409, 'OSAMA BUGIS', '0812 8110 1412', NULL, 'Osamabugis987@gmail.com', 'YAYASAN ALSAHABAH ALISLAMIH', ' <br /> - <b>Nama :</b> ', NULL, 'new', 0, NULL, NULL, 1, NULL, NULL, NULL, NULL, 2, NULL, 187, NULL, NULL, 1, 2, 2, NULL, NULL, 1, '2024-07-17 08:44:17', '2024-07-17 08:44:17', NULL, NULL, NULL, NULL),
(410, 'H. ABDUL MUGHNI, MBA', '0813 1015 9528', NULL, 'abd.mughni@yahoo.com', 'YAYASAN AFFAN AL-QUR ANIYAH', ' <br /> - <b>Nama :</b> ', NULL, 'new', 0, NULL, NULL, 1, NULL, NULL, NULL, NULL, 2, NULL, 188, NULL, NULL, 1, 2, 2, NULL, NULL, 1, '2024-07-17 08:44:17', '2024-07-17 08:44:17', NULL, NULL, NULL, NULL),
(411, 'IWAN RENALDI', '62 818 740 180', NULL, 'I.Renaldi@daraleman.com', 'DAR AL-ELMAN CO', ' <br /> - <b>Nama :</b> ', NULL, 'new', 0, NULL, NULL, 1, NULL, NULL, NULL, NULL, 2, NULL, 96, NULL, NULL, 1, 2, 2, NULL, NULL, 1, '2024-07-17 08:44:17', '2024-07-17 08:44:17', NULL, NULL, NULL, NULL),
(412, 'Khalid', '0877 7049 8111', NULL, '021 579 33 869', NULL, ' <br /> - <b>Nama :</b> ', NULL, 'new', 0, NULL, NULL, 1, NULL, NULL, NULL, NULL, 2, NULL, 131, NULL, NULL, 1, 2, 2, NULL, NULL, 1, '2024-07-17 08:44:17', '2024-07-17 08:44:17', NULL, NULL, NULL, NULL),
(413, 'SAIFURRAHMAN', '62813 3367 8424', NULL, 'sf@mkm-tour-travel.com', 'MKM Tour and Travel', ' <br /> - <b>Nama :</b> ', NULL, 'new', 0, NULL, NULL, 1, NULL, NULL, NULL, NULL, 2, NULL, 136, NULL, NULL, 1, 2, 2, NULL, NULL, 1, '2024-07-17 08:44:17', '2024-07-17 08:44:17', NULL, NULL, NULL, NULL),
(414, 'IBU FAISAL RIKI', '6281219742961', NULL, 'amaninsan@gmai.com', 'Aman Insan Wisata', ' <br /> - <b>Nama :</b> ', NULL, 'new', 0, NULL, NULL, 1, NULL, NULL, NULL, NULL, 2, NULL, 12, NULL, NULL, 1, 2, 2, NULL, NULL, 1, '2024-07-17 08:44:18', '2024-07-17 08:44:18', NULL, NULL, NULL, NULL),
(415, 'Wahyu', '81222338678', NULL, NULL, NULL, ' <br /> - <b>Nama :</b> ', NULL, 'new', 0, NULL, NULL, 1, NULL, NULL, NULL, NULL, 2, NULL, 12, NULL, NULL, 1, 2, 2, NULL, NULL, 1, '2024-07-17 08:44:18', '2024-07-17 08:44:18', NULL, NULL, NULL, NULL),
(416, 'Henrizal', '87884297089', NULL, 'hendrick_tjg@yahoo.com', 'Syamil Tour', ' <br /> - <b>Nama :</b> ', NULL, 'new', 0, NULL, NULL, 1, NULL, NULL, NULL, NULL, 2, NULL, 12, NULL, NULL, 1, 2, 2, NULL, NULL, 1, '2024-07-17 08:44:18', '2024-07-17 08:44:18', NULL, NULL, NULL, NULL),
(417, 'Noval alizar', '81310036980', NULL, 'iwannoval8@gmail.com', 'Syamil Tour', ' <br /> - <b>Nama :</b> ', NULL, 'new', 0, NULL, NULL, 1, NULL, NULL, NULL, NULL, 2, NULL, 12, NULL, NULL, 1, 2, 2, NULL, NULL, 1, '2024-07-17 08:44:18', '2024-07-17 08:44:18', NULL, NULL, NULL, NULL),
(418, 'Anton z.', '818474621', NULL, NULL, 'Syamil Tour', ' <br /> - <b>Nama :</b> ', NULL, 'new', 0, NULL, NULL, 1, NULL, NULL, NULL, NULL, 2, NULL, 12, NULL, NULL, 1, 2, 2, NULL, NULL, 1, '2024-07-17 08:44:18', '2024-07-17 08:44:18', NULL, NULL, NULL, NULL),
(419, 'Jonaidi', '81288028148', NULL, NULL, NULL, ' <br /> - <b>Nama :</b> ', NULL, 'new', 0, NULL, NULL, 1, NULL, NULL, NULL, NULL, 2, NULL, 12, NULL, NULL, 1, 2, 2, NULL, NULL, 1, '2024-07-17 08:44:18', '2024-07-17 08:44:18', NULL, NULL, NULL, NULL),
(420, 'Arsad hidayat', '8118820111', NULL, 'arsyadhidayat123@gmail.com', 'Kemeng RI', ' <br /> - <b>Nama :</b> ', NULL, 'new', 0, NULL, NULL, 1, NULL, NULL, NULL, NULL, 2, NULL, 12, NULL, NULL, 1, 2, 2, NULL, NULL, 1, '2024-07-17 08:44:18', '2024-07-17 08:44:18', NULL, NULL, NULL, NULL),
(421, 'Fitri handayani', '85784682633', NULL, 'marketing@aidatourindo.com', 'Ida Tourindo', ' <br /> - <b>Nama :</b> ', NULL, 'new', 0, NULL, NULL, 1, NULL, NULL, NULL, NULL, 2, NULL, 12, NULL, NULL, 1, 2, 2, NULL, NULL, 1, '2024-07-17 08:44:18', '2024-07-17 08:44:18', NULL, NULL, NULL, NULL),
(422, 'Shabilla travel', '8224634909', NULL, 'rere.eraldo@yahoo.com', 'Shabilla Ttravel', ' <br /> - <b>Nama :</b> ', NULL, 'new', 0, NULL, NULL, 1, NULL, NULL, NULL, NULL, 2, NULL, 12, NULL, NULL, 1, 2, 2, NULL, NULL, 1, '2024-07-17 08:44:18', '2024-07-17 08:44:18', NULL, NULL, NULL, NULL),
(423, 'Mishari alahmadi', '967000000000', NULL, 'mshari39299@gmail.com', 'Mazaya', ' <br /> - <b>Nama :</b> ', NULL, 'new', 0, NULL, NULL, 1, NULL, NULL, NULL, NULL, 2, NULL, 12, NULL, NULL, 1, 2, 2, NULL, NULL, 1, '2024-07-17 08:44:18', '2024-07-17 08:44:18', NULL, NULL, NULL, NULL),
(424, 'Raef paluma', '811400511', NULL, NULL, 'Paluma Travel', ' <br /> - <b>Nama :</b> ', NULL, 'new', 0, NULL, NULL, 1, NULL, NULL, NULL, NULL, 2, NULL, 12, NULL, NULL, 1, 2, 2, NULL, NULL, 1, '2024-07-17 08:44:18', '2024-07-17 08:44:18', NULL, NULL, NULL, NULL),
(425, 'Aura alifia', '895000000000', NULL, NULL, 'Man Is Jkt', ' <br /> - <b>Nama :</b> ', NULL, 'new', 0, NULL, NULL, 1, NULL, NULL, NULL, NULL, 2, NULL, 12, NULL, NULL, 1, 2, 2, NULL, NULL, 1, '2024-07-17 08:44:18', '2024-07-17 08:44:18', NULL, NULL, NULL, NULL),
(426, 'Nina nurilah', '85966633981', NULL, NULL, 'Man Is Jkt', ' <br /> - <b>Nama :</b> ', NULL, 'new', 0, NULL, NULL, 1, NULL, NULL, NULL, NULL, 2, NULL, 12, NULL, NULL, 1, 2, 2, NULL, NULL, 1, '2024-07-17 08:44:18', '2024-07-17 08:44:18', NULL, NULL, NULL, NULL),
(427, 'Jefri van novis', '8126721668', NULL, 'bonita_report@yahoo.co.id', 'Bon Ita Umroh', ' <br /> - <b>Nama :</b> ', NULL, 'new', 0, NULL, NULL, 1, NULL, NULL, NULL, NULL, 2, NULL, 12, NULL, NULL, 1, 2, 2, NULL, NULL, 1, '2024-07-17 08:44:18', '2024-07-17 08:44:18', NULL, NULL, NULL, NULL),
(428, 'Dea alida', '811116809', NULL, 'khadim_wisata@yahoo.com', 'PT Khadim Wisata', ' <br /> - <b>Nama :</b> ', NULL, 'new', 0, NULL, NULL, 1, NULL, NULL, NULL, NULL, 2, NULL, 12, NULL, NULL, 1, 2, 2, NULL, NULL, 1, '2024-07-17 08:44:18', '2024-07-17 08:44:18', NULL, NULL, NULL, NULL),
(429, 'Ahmad bugis', '81287725401', NULL, 'a7mad.bugis@gmail.com', 'PT Tiga Sinar Berkarya', ' <br /> - <b>Nama :</b> ', NULL, 'new', 0, NULL, NULL, 1, NULL, NULL, NULL, NULL, 2, NULL, 12, NULL, NULL, 1, 2, 2, NULL, NULL, 1, '2024-07-17 08:44:18', '2024-07-17 08:44:18', NULL, NULL, NULL, NULL),
(430, 'Subhan kholid', '8111921959', NULL, NULL, NULL, ' <br /> - <b>Nama :</b> ', NULL, 'new', 0, NULL, NULL, 1, NULL, NULL, NULL, NULL, 2, NULL, 12, NULL, NULL, 1, 2, 2, NULL, NULL, 1, '2024-07-17 08:44:18', '2024-07-17 08:44:18', NULL, NULL, NULL, NULL),
(431, 'Aisha', '8118990077', NULL, NULL, 'Arw', ' <br /> - <b>Nama :</b> ', NULL, 'new', 0, NULL, NULL, 1, NULL, NULL, NULL, NULL, 2, NULL, 12, NULL, NULL, 1, 2, 2, NULL, NULL, 1, '2024-07-17 08:44:18', '2024-07-17 08:44:18', NULL, NULL, NULL, NULL),
(432, 'Tahir marhaban', '813000000000', NULL, NULL, NULL, ' <br /> - <b>Nama :</b> ', NULL, 'new', 0, NULL, NULL, 1, NULL, NULL, NULL, NULL, 2, NULL, 12, NULL, NULL, 1, 2, 2, NULL, NULL, 1, '2024-07-17 08:44:18', '2024-07-17 08:44:18', NULL, NULL, NULL, NULL),
(433, 'Dr. dian anggrini', '81315979762', NULL, 'pahindodian@gmail.com', 'PT Dian Apk Pelang', ' <br /> - <b>Nama :</b> ', NULL, 'new', 0, NULL, NULL, 1, NULL, NULL, NULL, NULL, 2, NULL, 12, NULL, NULL, 1, 2, 2, NULL, NULL, 1, '2024-07-17 08:44:18', '2024-07-17 08:44:18', NULL, NULL, NULL, NULL),
(434, 'Laras', '81213827353', NULL, 'larasputri_bra@yahoo.com', 'Tonggak Bumi Indah Arafah', ' <br /> - <b>Nama :</b> ', NULL, 'new', 0, NULL, NULL, 1, NULL, NULL, NULL, NULL, 2, NULL, 12, NULL, NULL, 1, 2, 2, NULL, NULL, 1, '2024-07-17 08:44:18', '2024-07-17 08:44:18', NULL, NULL, NULL, NULL),
(435, 'Rizky f', '81508035677', NULL, 'rizky.firmansyah@gmai.com', 'Anta Umroh', ' <br /> - <b>Nama :</b> ', NULL, 'new', 0, NULL, NULL, 1, NULL, NULL, NULL, NULL, 2, NULL, 12, NULL, NULL, 1, 2, 2, NULL, NULL, 1, '2024-07-17 08:44:18', '2024-07-17 08:44:18', NULL, NULL, NULL, NULL),
(436, 'Nur ariki', '81293143789', NULL, NULL, 'Dirjen Uhk', ' <br /> - <b>Nama :</b> ', NULL, 'new', 0, NULL, NULL, 1, NULL, NULL, NULL, NULL, 2, NULL, 12, NULL, NULL, 1, 2, 2, NULL, NULL, 1, '2024-07-17 08:44:18', '2024-07-17 08:44:18', NULL, NULL, NULL, NULL),
(437, 'Qasim saleh', '81213121600', NULL, NULL, 'KBIHY', ' <br /> - <b>Nama :</b> ', NULL, 'new', 0, NULL, NULL, 1, NULL, NULL, NULL, NULL, 2, NULL, 12, NULL, NULL, 1, 2, 2, NULL, NULL, 1, '2024-07-17 08:44:18', '2024-07-17 08:44:18', NULL, NULL, NULL, NULL),
(438, 'IKA', '82113346888', NULL, 'itasftr@gmail.com', NULL, ' <br /> - <b>Nama :</b> ', NULL, 'new', 0, NULL, NULL, 1, NULL, NULL, NULL, NULL, 2, NULL, 12, NULL, NULL, 1, 2, 2, NULL, NULL, 1, '2024-07-17 08:44:18', '2024-07-17 08:44:18', NULL, NULL, NULL, NULL),
(439, 'Abdillah', '81282700653', NULL, NULL, 'Dirjen PHU', ' <br /> - <b>Nama :</b> ', NULL, 'new', 0, NULL, NULL, 1, NULL, NULL, NULL, NULL, 2, NULL, 12, NULL, NULL, 1, 2, 2, NULL, NULL, 1, '2024-07-17 08:44:18', '2024-07-17 08:44:18', NULL, NULL, NULL, NULL),
(440, 'Chadijah', '81283367522', NULL, 'chadijah08.76@gmail.com', 'Malik', ' <br /> - <b>Nama :</b> ', NULL, 'new', 0, NULL, NULL, 1, NULL, NULL, NULL, NULL, 2, NULL, 12, NULL, NULL, 1, 2, 2, NULL, NULL, 1, '2024-07-17 08:44:18', '2024-07-17 08:44:18', NULL, NULL, NULL, NULL),
(441, 'Sih herlina', '85776796676', NULL, 'elih2ahrahman10@gmai.com', 'Uni Big Boss Office', ' <br /> - <b>Nama :</b> ', NULL, 'new', 0, NULL, NULL, 1, NULL, NULL, NULL, NULL, 2, NULL, 12, NULL, NULL, 1, 2, 2, NULL, NULL, 1, '2024-07-17 08:44:18', '2024-07-17 08:44:18', NULL, NULL, NULL, NULL),
(442, 'Tim amdk aljambi', '82136380650', NULL, 'infoamdkaljambi@gmail.com', NULL, ' <br /> - <b>Nama :</b> ', NULL, 'new', 0, NULL, NULL, 1, NULL, NULL, NULL, NULL, 2, NULL, 12, NULL, NULL, 1, 2, 2, NULL, NULL, 1, '2024-07-17 08:44:18', '2024-07-17 08:44:18', NULL, NULL, NULL, NULL),
(443, 'Abdulaziz', '82121831831', NULL, 'abdulaziz831831@gmail.com', NULL, ' <br /> - <b>Nama :</b> ', NULL, 'new', 0, NULL, NULL, 1, NULL, NULL, NULL, NULL, 2, NULL, 12, NULL, NULL, 1, 2, 2, NULL, NULL, 1, '2024-07-17 08:44:18', '2024-07-17 08:44:18', NULL, NULL, NULL, NULL),
(444, 'Rdwan', '87866308489', NULL, NULL, NULL, ' <br /> - <b>Nama :</b> ', NULL, 'new', 0, NULL, NULL, 1, NULL, NULL, NULL, NULL, 2, NULL, 12, NULL, NULL, 1, 2, 2, NULL, NULL, 1, '2024-07-17 08:44:18', '2024-07-17 08:44:18', NULL, NULL, NULL, NULL),
(445, 'H. zainul ms', '83890803000', NULL, 'zainulms@yahoo.id.com', 'KBIHU ALHAMIDIYAH', ' <br /> - <b>Nama :</b> ', NULL, 'new', 0, NULL, NULL, 1, NULL, NULL, NULL, NULL, 2, NULL, 12, NULL, NULL, 1, 2, 2, NULL, NULL, 1, '2024-07-17 08:44:18', '2024-07-17 08:44:18', NULL, NULL, NULL, NULL),
(446, 'H. abd aziz', '811177432', NULL, 'sbwanh23477@gmail.com', 'Kemeng Kab. Bogor', ' <br /> - <b>Nama :</b> ', NULL, 'new', 0, NULL, NULL, 1, NULL, NULL, NULL, NULL, 2, NULL, 12, NULL, NULL, 1, 2, 2, NULL, NULL, 1, '2024-07-17 08:44:18', '2024-07-17 08:44:18', NULL, NULL, NULL, NULL),
(447, 'Amir', '87800037444', NULL, 'amir.kanomas@gmail.com', 'Kanomas Arci Wisata', ' <br /> - <b>Nama :</b> ', NULL, 'new', 0, NULL, NULL, 1, NULL, NULL, NULL, NULL, 2, NULL, 12, NULL, NULL, 1, 2, 2, NULL, NULL, 1, '2024-07-17 08:44:18', '2024-07-17 08:44:18', NULL, NULL, NULL, NULL),
(448, 'Nurhayati', '8125017716', NULL, NULL, 'Kemenag Prov', ' <br /> - <b>Nama :</b> ', NULL, 'new', 0, NULL, NULL, 1, NULL, NULL, NULL, NULL, 2, NULL, 12, NULL, NULL, 1, 2, 2, NULL, NULL, 1, '2024-07-17 08:44:18', '2024-07-17 08:44:18', NULL, NULL, NULL, NULL),
(449, 'Nabil', '81284723733', NULL, NULL, 'Amiron', ' <br /> - <b>Nama :</b> ', NULL, 'new', 0, NULL, NULL, 1, NULL, NULL, NULL, NULL, 2, NULL, 12, NULL, NULL, 1, 2, 2, NULL, NULL, 1, '2024-07-17 08:44:18', '2024-07-17 08:44:18', NULL, NULL, NULL, NULL),
(450, 'Mirfat', '81298135065', NULL, NULL, 'MARFAT', ' <br /> - <b>Nama :</b> ', NULL, 'new', 0, NULL, NULL, 1, NULL, NULL, NULL, NULL, 2, NULL, 12, NULL, NULL, 1, 2, 2, NULL, NULL, 1, '2024-07-17 08:44:18', '2024-07-17 08:44:18', NULL, NULL, NULL, NULL),
(451, 'M. isra badrun', '81342625942', NULL, NULL, 'PT. ELFAJAR', ' <br /> - <b>Nama :</b> ', NULL, 'new', 0, NULL, NULL, 1, NULL, NULL, NULL, NULL, 2, NULL, 12, NULL, NULL, 1, 2, 2, NULL, NULL, 1, '2024-07-17 08:44:18', '2024-07-17 08:44:18', NULL, NULL, NULL, NULL),
(452, 'Syuki', '816243145', NULL, 'syuki.ahmad@gmail.com', 'Kemeng kab. Bogor', ' <br /> - <b>Nama :</b> ', NULL, 'new', 0, NULL, NULL, 1, NULL, NULL, NULL, NULL, 2, NULL, 12, NULL, NULL, 1, 2, 2, NULL, NULL, 1, '2024-07-17 08:44:18', '2024-07-17 08:44:18', NULL, NULL, NULL, NULL),
(453, 'Muhammad subhan', '81348483344', NULL, 'uptbanjarmasin@gmail.com', 'Arams Haji Bd', ' <br /> - <b>Nama :</b> ', NULL, 'new', 0, NULL, NULL, 1, NULL, NULL, NULL, NULL, 2, NULL, 12, NULL, NULL, 1, 2, 2, NULL, NULL, 1, '2024-07-17 08:44:18', '2024-07-17 08:44:18', NULL, NULL, NULL, NULL),
(454, 'Musa M', '8129314726', NULL, NULL, 'Kemenag Depok', ' <br /> - <b>Nama :</b> ', NULL, 'new', 0, NULL, NULL, 1, NULL, NULL, NULL, NULL, 2, NULL, 12, NULL, NULL, 1, 2, 2, NULL, NULL, 1, '2024-07-17 08:44:18', '2024-07-17 08:44:18', NULL, NULL, NULL, NULL),
(455, 'Mua. Almahdly', '82221523054', NULL, NULL, NULL, ' <br /> - <b>Nama :</b> ', NULL, 'new', 0, NULL, NULL, 1, NULL, NULL, NULL, NULL, 2, NULL, 12, NULL, NULL, 1, 2, 2, NULL, NULL, 1, '2024-07-17 08:44:18', '2024-07-17 08:44:18', NULL, NULL, NULL, NULL),
(456, 'Heidy Lully', '85711133161', NULL, 'umrah@samsata.co.id', 'Samsata tour', ' <br /> - <b>Nama :</b> ', NULL, 'new', 0, NULL, NULL, 1, NULL, NULL, NULL, NULL, 2, NULL, 12, NULL, NULL, 1, 2, 2, NULL, NULL, 1, '2024-07-17 08:44:18', '2024-07-17 08:44:18', NULL, NULL, NULL, NULL),
(457, 'Zulkifli', '8114228818', NULL, NULL, 'Haikal', ' <br /> - <b>Nama :</b> ', NULL, 'new', 0, NULL, NULL, 1, NULL, NULL, NULL, NULL, 2, NULL, 12, NULL, NULL, 1, 2, 2, NULL, NULL, 1, '2024-07-17 08:44:18', '2024-07-17 08:44:18', NULL, NULL, NULL, NULL),
(458, 'Afrizen', '81363310481', NULL, NULL, 'Al-himah', ' <br /> - <b>Nama :</b> ', NULL, 'new', 0, NULL, NULL, 1, NULL, NULL, NULL, NULL, 2, NULL, 12, NULL, NULL, 1, 2, 2, NULL, NULL, 1, '2024-07-17 08:44:18', '2024-07-17 08:44:18', NULL, NULL, NULL, NULL),
(459, 'H. Achmad bahrudin', '81289798858', NULL, 'shofwasalam@gmail.com', 'Shofwa salam', ' <br /> - <b>Nama :</b> ', NULL, 'new', 0, NULL, NULL, 1, NULL, NULL, NULL, NULL, 2, NULL, 12, NULL, NULL, 1, 2, 2, NULL, NULL, 1, '2024-07-17 08:44:18', '2024-07-17 08:44:18', NULL, NULL, NULL, NULL),
(460, 'H. dedi', '81311110351', NULL, NULL, 'KBIH Fajrul islam', ' <br /> - <b>Nama :</b> ', NULL, 'new', 0, NULL, NULL, 1, NULL, NULL, NULL, NULL, 2, NULL, 12, NULL, NULL, 1, 2, 2, NULL, NULL, 1, '2024-07-17 08:44:18', '2024-07-17 08:44:18', NULL, NULL, NULL, NULL),
(461, 'Mohamad rene', '87882574369', NULL, 'mohamad.rene@shoma-travel.com', 'Shofa marwah inter', ' <br /> - <b>Nama :</b> ', NULL, 'new', 0, NULL, NULL, 1, NULL, NULL, NULL, NULL, 2, NULL, 12, NULL, NULL, 1, 2, 2, NULL, NULL, 1, '2024-07-17 08:44:18', '2024-07-17 08:44:18', NULL, NULL, NULL, NULL),
(462, 'Aziz muslim', '81346665000', NULL, 'traveldauroh@gmail.com', 'dauroh travel', ' <br /> - <b>Nama :</b> ', NULL, 'new', 0, NULL, NULL, 1, NULL, NULL, NULL, NULL, 2, NULL, 12, NULL, NULL, 1, 2, 2, NULL, NULL, 1, '2024-07-17 08:44:18', '2024-07-17 08:44:18', NULL, NULL, NULL, NULL),
(463, 'Diana', '811348223', NULL, 'alhijrah.muliawisata@gmail.com', 'PT. Alhijrah Mulia Wisata', ' <br /> - <b>Nama :</b> ', NULL, 'new', 0, NULL, NULL, 1, NULL, NULL, NULL, NULL, 2, NULL, 12, NULL, NULL, 1, 2, 2, NULL, NULL, 1, '2024-07-17 08:44:18', '2024-07-17 08:44:18', NULL, NULL, NULL, NULL),
(464, 'Bunda reffan', '81279421344', NULL, 'bundareffan@gmail.com', NULL, ' <br /> - <b>Nama :</b> ', NULL, 'new', 0, NULL, NULL, 1, NULL, NULL, NULL, NULL, 2, NULL, 12, NULL, NULL, 1, 2, 2, NULL, NULL, 1, '2024-07-17 08:44:18', '2024-07-17 08:44:18', NULL, NULL, NULL, NULL),
(465, 'Suaef', '81805702026', NULL, 'suaef7974@gmail.com', 'Toyib Travel', ' <br /> - <b>Nama :</b> ', NULL, 'new', 0, NULL, NULL, 1, NULL, NULL, NULL, NULL, 2, NULL, 12, NULL, NULL, 1, 2, 2, NULL, NULL, 1, '2024-07-17 08:44:18', '2024-07-17 08:44:18', NULL, NULL, NULL, NULL),
(466, 'Anas', '81325345198', NULL, 'anas@bpkh.go.id', 'BPKH', ' <br /> - <b>Nama :</b> ', NULL, 'new', 0, NULL, NULL, 1, NULL, NULL, NULL, NULL, 2, NULL, 12, NULL, NULL, 1, 2, 2, NULL, NULL, 1, '2024-07-17 08:44:18', '2024-07-17 08:44:18', NULL, NULL, NULL, NULL),
(467, 'Hnadika', '81697164931', NULL, 'handika@gmail.com', NULL, ' <br /> - <b>Nama :</b> ', NULL, 'new', 0, NULL, NULL, 1, NULL, NULL, NULL, NULL, 2, NULL, 12, NULL, NULL, 1, 2, 2, NULL, NULL, 1, '2024-07-17 08:44:18', '2024-07-17 08:44:18', NULL, NULL, NULL, NULL),
(468, 'Fitri', '811417838', NULL, 'fitri6020@gmail.com', NULL, ' <br /> - <b>Nama :</b> ', NULL, 'new', 0, NULL, NULL, 1, NULL, NULL, NULL, NULL, 2, NULL, 12, NULL, NULL, 1, 2, 2, NULL, NULL, 1, '2024-07-17 08:44:18', '2024-07-17 08:44:18', NULL, NULL, NULL, NULL),
(469, 'aynas', '82210201659', NULL, 'amantourdtravel@gmail.com', 'Aman Travel', ' <br /> - <b>Nama :</b> ', NULL, 'new', 0, NULL, NULL, 1, NULL, NULL, NULL, NULL, 2, NULL, 12, NULL, NULL, 1, 2, 2, NULL, NULL, 1, '2024-07-17 08:44:18', '2024-07-17 08:44:18', NULL, NULL, NULL, NULL),
(470, 'Fathur rochman', '82324009977', NULL, 'fathurrochman@gmail.com', 'Syamila Tour', ' <br /> - <b>Nama :</b> ', NULL, 'new', 0, NULL, NULL, 1, NULL, NULL, NULL, NULL, 2, NULL, 12, NULL, NULL, 1, 2, 2, NULL, NULL, 1, '2024-07-17 08:44:18', '2024-07-17 08:44:18', NULL, NULL, NULL, NULL),
(471, 'Fauzan', '85777536000', NULL, 'fauzanmekkah@gmail.com', 'PT. Kartika Utama', ' <br /> - <b>Nama :</b> ', NULL, 'new', 0, NULL, NULL, 1, NULL, NULL, NULL, NULL, 2, NULL, 12, NULL, NULL, 1, 2, 2, NULL, NULL, 1, '2024-07-17 08:44:18', '2024-07-17 08:44:18', NULL, NULL, NULL, NULL),
(472, 'Irham habibi', '85693551135', NULL, 'irham@astravtour.com', 'Astrav Tour', ' <br /> - <b>Nama :</b> ', NULL, 'new', 0, NULL, NULL, 1, NULL, NULL, NULL, NULL, 2, NULL, 12, NULL, NULL, 1, 2, 2, NULL, NULL, 1, '2024-07-17 08:44:18', '2024-07-17 08:44:18', NULL, NULL, NULL, NULL),
(473, 'Budi budiman', '85722786666', NULL, 'mr.aboey@gmail.com', NULL, ' <br /> - <b>Nama :</b> ', NULL, 'new', 0, NULL, NULL, 1, NULL, NULL, NULL, NULL, 2, NULL, 12, NULL, NULL, 1, 2, 2, NULL, NULL, 1, '2024-07-17 08:44:18', '2024-07-17 08:44:18', NULL, NULL, NULL, NULL),
(474, 'Enjaz', '81284406502', NULL, 'enjazindonesia@gmail.com', NULL, ' <br /> - <b>Nama :</b> ', NULL, 'new', 0, NULL, NULL, 1, NULL, NULL, NULL, NULL, 2, NULL, 12, NULL, NULL, 1, 2, 2, NULL, NULL, 1, '2024-07-17 08:44:18', '2024-07-17 08:44:18', NULL, NULL, NULL, NULL),
(475, 'Hj. Selly putri utami', '81387682195', NULL, 'sellypmwtravel@gmail.com', 'Putri Mandiri Wisata', ' <br /> - <b>Nama :</b> ', NULL, 'new', 0, NULL, NULL, 1, NULL, NULL, NULL, NULL, 2, NULL, 12, NULL, NULL, 1, 2, 2, NULL, NULL, 1, '2024-07-17 08:44:18', '2024-07-17 08:44:18', NULL, NULL, NULL, NULL),
(476, 'Omar al essaily', '82114252302', NULL, 'omarsevillatour@gmail.com', 'Sevilla Wisata Muslim', ' <br /> - <b>Nama :</b> ', NULL, 'new', 0, NULL, NULL, 1, NULL, NULL, NULL, NULL, 2, NULL, 12, NULL, NULL, 1, 2, 2, NULL, NULL, 1, '2024-07-17 08:44:18', '2024-07-17 08:44:18', NULL, NULL, NULL, NULL),
(477, 'Yuni anastasya', '87782164084', NULL, 'yunianastasya95@gmail.com', 'SHABILLA TRAVEL', ' <br /> - <b>Nama :</b> ', NULL, 'new', 0, NULL, NULL, 1, NULL, NULL, NULL, NULL, 2, NULL, 12, NULL, NULL, 1, 2, 2, NULL, NULL, 1, '2024-07-17 08:44:18', '2024-07-17 08:44:18', NULL, NULL, NULL, NULL),
(478, 'Nanang supriyadi', '81913331118', NULL, 'mahisatrave@gmaill.com', 'Mahisa Mabrur Hijrah Wisata', ' <br /> - <b>Nama :</b> ', NULL, 'new', 0, NULL, NULL, 1, NULL, NULL, NULL, NULL, 2, NULL, 12, NULL, NULL, 1, 2, 2, NULL, NULL, 1, '2024-07-17 08:44:18', '2024-07-17 08:44:18', NULL, NULL, NULL, NULL),
(479, 'Linda hastuti', '811140743', NULL, 'zuhal_travel2018@yahoo.com', 'Zuhal Rizqy Bumi Wisata', ' <br /> - <b>Nama :</b> ', NULL, 'new', 0, NULL, NULL, 1, NULL, NULL, NULL, NULL, 2, NULL, 12, NULL, NULL, 1, 2, 2, NULL, NULL, 1, '2024-07-17 08:44:18', '2024-07-17 08:44:18', NULL, NULL, NULL, NULL),
(480, 'Fahmi urip', '81585045459', NULL, 'uripghp@gmail.com', 'Gamal Hikmah Pusaka', ' <br /> - <b>Nama :</b> ', NULL, 'new', 0, NULL, NULL, 1, NULL, NULL, NULL, NULL, 2, NULL, 12, NULL, NULL, 1, 2, 2, NULL, NULL, 1, '2024-07-17 08:44:18', '2024-07-17 08:44:18', NULL, NULL, NULL, NULL),
(481, 'H. Budi nurdian', '8111009411', NULL, NULL, 'Haji Tour', ' <br /> - <b>Nama :</b> ', NULL, 'new', 0, NULL, NULL, 1, NULL, NULL, NULL, NULL, 2, NULL, 12, NULL, NULL, 1, 2, 2, NULL, NULL, 1, '2024-07-17 08:44:18', '2024-07-17 08:44:18', NULL, NULL, NULL, NULL),
(482, 'Iran trihandoko', '81317238491', NULL, 'iran.trihandoko.bnt@gmail.com', 'BERDIRI NANDA TUNGGAL', ' <br /> - <b>Nama :</b> ', NULL, 'new', 0, NULL, NULL, 1, NULL, NULL, NULL, NULL, 2, NULL, 12, NULL, NULL, 1, 2, 2, NULL, NULL, 1, '2024-07-17 08:44:18', '2024-07-17 08:44:18', NULL, NULL, NULL, NULL),
(483, 'Farhan lubis', '85225219960', NULL, 'pangujitravel@gmail.com', 'Paluma Travel', ' <br /> - <b>Nama :</b> ', NULL, 'new', 0, NULL, NULL, 1, NULL, NULL, NULL, NULL, 2, NULL, 12, NULL, NULL, 1, 2, 2, NULL, NULL, 1, '2024-07-17 08:44:18', '2024-07-17 08:44:18', NULL, NULL, NULL, NULL),
(484, 'H. Eko kusumawan', '81212378013', NULL, 'kesthuri@gmail.com', 'Kesthuri', ' <br /> - <b>Nama :</b> ', NULL, 'new', 0, NULL, NULL, 1, NULL, NULL, NULL, NULL, 2, NULL, 12, NULL, NULL, 1, 2, 2, NULL, NULL, 1, '2024-07-17 08:44:18', '2024-07-17 08:44:18', NULL, NULL, NULL, NULL),
(485, 'Ajeng dwi lestari', '87779221484', NULL, 'artlynkm@gmail.com', 'PT. Artlyn Kreasi Mandiri', ' <br /> - <b>Nama :</b> ', NULL, 'new', 0, NULL, NULL, 1, NULL, NULL, NULL, NULL, 2, NULL, 12, NULL, NULL, 1, 2, 2, NULL, NULL, 1, '2024-07-17 08:44:18', '2024-07-17 08:44:18', NULL, NULL, NULL, NULL),
(486, 'Khadim Wisata', '811118209', NULL, 'khadim_wisata@yahoo.com', 'PT. Khadim Wisata', ' <br /> - <b>Nama :</b> ', NULL, 'new', 0, NULL, NULL, 1, NULL, NULL, NULL, NULL, 2, NULL, 12, NULL, NULL, 1, 2, 2, NULL, NULL, 1, '2024-07-17 08:44:18', '2024-07-17 08:44:18', NULL, NULL, NULL, NULL),
(487, 'Dr. H. Maulana andi', '81376080137', NULL, 'darulimantravel@gmail.com', 'PT. Darul Iman', ' <br /> - <b>Nama :</b> ', NULL, 'new', 0, NULL, NULL, 1, NULL, NULL, NULL, NULL, 2, NULL, 12, NULL, NULL, 1, 2, 2, NULL, NULL, 1, '2024-07-17 08:44:18', '2024-07-17 08:44:18', NULL, NULL, NULL, NULL),
(488, 'Rabi\'i Al Hussiny', '966562499243', '962799727530', 'r.alhussiny@roya-coltd.com', 'Roya International', ' <br /> - <b>Nama :</b> ', NULL, 'new', 0, NULL, NULL, 1, NULL, NULL, NULL, NULL, 2, NULL, 12, NULL, NULL, 1, 2, 2, NULL, NULL, 1, '2024-07-17 08:44:18', '2024-07-17 08:44:18', NULL, NULL, NULL, NULL),
(489, 'Hasan Al Husein', '87793740212', NULL, 'atina.tours@gmail.com', 'PT. Atina Rahmataka Wisata', ' <br /> - <b>Nama :</b> ', NULL, 'new', 0, NULL, NULL, 1, NULL, NULL, NULL, NULL, 2, NULL, 12, NULL, NULL, 1, 2, 2, NULL, NULL, 1, '2024-07-17 08:44:18', '2024-07-17 08:44:18', NULL, NULL, NULL, NULL),
(490, 'Furkan Nalbant', '905427906716', '6281225550723', 'furkan.nalbant@blntravel.com', 'BLN Travel', ' <br /> - <b>Nama :</b> ', NULL, 'new', 0, NULL, NULL, 1, NULL, NULL, NULL, NULL, 2, NULL, 12, NULL, NULL, 1, 2, 2, NULL, NULL, 1, '2024-07-17 08:44:18', '2024-07-17 08:44:18', NULL, NULL, NULL, NULL),
(491, 'Drs. H. Jaenuddin Tamad', '6280000000000', NULL, NULL, 'Persada Indonesia', ' <br /> - <b>Nama :</b> ', NULL, 'new', 0, NULL, NULL, 1, NULL, NULL, NULL, NULL, 2, NULL, 12, NULL, NULL, 1, 2, 2, NULL, NULL, 1, '2024-07-17 08:44:18', '2024-07-17 08:44:18', NULL, NULL, NULL, NULL),
(492, 'Achmad Haryadi', '81212909233', NULL, 'haryadi.maghfirah@gmail.com', 'PT. Kafilah Maghfirah Wisata', ' <br /> - <b>Nama :</b> ', NULL, 'new', 0, NULL, NULL, 1, NULL, NULL, NULL, NULL, 2, NULL, 12, NULL, NULL, 1, 2, 2, NULL, NULL, 1, '2024-07-17 08:44:18', '2024-07-17 08:44:18', NULL, NULL, NULL, NULL),
(493, 'Jayadi', '81316107974', NULL, 'jayadi.koje@gmail.com', 'PT. Kafilah Maghfirah Wisata', ' <br /> - <b>Nama :</b> ', NULL, 'new', 0, NULL, NULL, 1, NULL, NULL, NULL, NULL, 2, NULL, 12, NULL, NULL, 1, 2, 2, NULL, NULL, 1, '2024-07-17 08:44:18', '2024-07-17 08:44:18', NULL, NULL, NULL, NULL),
(494, 'Heny Herliyanti', '81578981713', NULL, 'henyherliyanti@gmail.com', 'PT. Kafilah Maghfirah Wisata', ' <br /> - <b>Nama :</b> ', NULL, 'new', 0, NULL, NULL, 1, NULL, NULL, NULL, NULL, 2, NULL, 12, NULL, NULL, 1, 2, 2, NULL, NULL, 1, '2024-07-17 08:44:18', '2024-07-17 08:44:18', NULL, NULL, NULL, NULL),
(495, 'Zidny Ilman', '8568368367', NULL, 'zidny.ilman@bijb.co.id', 'PT. BIJB', ' <br /> - <b>Nama :</b> ', NULL, 'new', 0, NULL, NULL, 1, NULL, NULL, NULL, NULL, 2, NULL, 12, NULL, NULL, 1, 2, 2, NULL, NULL, 1, '2024-07-17 08:44:18', '2024-07-17 08:44:18', NULL, NULL, NULL, NULL),
(496, 'Heidy H.', '8119004009', NULL, 'heidy@samsata.co.id', 'PT. Samsata', ' <br /> - <b>Nama :</b> ', NULL, 'new', 0, NULL, NULL, 1, NULL, NULL, NULL, NULL, 2, NULL, 12, NULL, NULL, 1, 2, 2, NULL, NULL, 1, '2024-07-17 08:44:18', '2024-07-17 08:44:18', NULL, NULL, NULL, NULL),
(497, 'Baba Rahmat', '81355661976', '87703634248', 'enjazindonesia@gmail.com', 'KEI Tour & Travel', ' <br /> - <b>Nama :</b> ', NULL, 'new', 0, NULL, NULL, 1, NULL, NULL, NULL, NULL, 2, NULL, 12, NULL, NULL, 1, 2, 2, NULL, NULL, 1, '2024-07-17 08:44:18', '2024-07-17 08:44:18', NULL, NULL, NULL, NULL),
(498, 'Alfa Edison Haji', '8176022555', NULL, 'alfa@alfakaza.com', 'SAPUHI', ' <br /> - <b>Nama :</b> ', NULL, 'new', 0, NULL, NULL, 1, NULL, '01/24/000005', NULL, NULL, 2, NULL, 12, NULL, NULL, 1, 2, 2, NULL, NULL, 1, '2024-07-02 08:44:18', '2024-07-09 08:44:18', NULL, NULL, 'muslim', 1),
(499, 'Alfa2', '0123456789', NULL, NULL, NULL, NULL, 'Male', 'new', 0, NULL, NULL, 1, NULL, '01/24/000003', NULL, NULL, 2, NULL, NULL, NULL, NULL, NULL, 2, 2, NULL, NULL, 1, '2024-07-17 09:48:31', '2024-07-17 09:48:32', NULL, NULL, 'muslim', 1),
(500, 'جهة الإتصال2', '1016855615664330', NULL, NULL, NULL, '', NULL, 'new', 0, NULL, NULL, 1, NULL, NULL, NULL, NULL, 1, NULL, NULL, NULL, NULL, 1, 1, 1, NULL, NULL, 1, '2024-07-21 10:55:48', '2024-07-21 10:55:48', NULL, NULL, NULL, NULL),
(501, 'contact name', '1.0168584156166E+17', NULL, NULL, NULL, '', NULL, 'new', 0, NULL, NULL, 1, NULL, NULL, NULL, NULL, 1, NULL, NULL, NULL, NULL, 1, 1, 1, NULL, NULL, 1, '2024-07-21 10:55:48', '2024-07-21 10:55:48', NULL, NULL, NULL, NULL);

-- --------------------------------------------------------

--
-- Table structure for table `contact_categories`
--

CREATE TABLE `contact_categories` (
  `id` bigint(20) UNSIGNED NOT NULL,
  `name` varchar(255) DEFAULT NULL,
  `created_at` timestamp NULL DEFAULT NULL,
  `updated_at` timestamp NULL DEFAULT NULL,
  `deleted_at` timestamp NULL DEFAULT NULL
) ENGINE=InnoDB DEFAULT CHARSET=utf8mb4 COLLATE=utf8mb4_unicode_ci;

--
-- Dumping data for table `contact_categories`
--

INSERT INTO `contact_categories` (`id`, `name`, `created_at`, `updated_at`, `deleted_at`) VALUES
(1, 'VIP', '2024-01-30 10:57:10', '2024-02-02 13:42:45', NULL),
(2, 'فئة عليا', '2024-01-30 10:57:28', '2024-02-02 13:44:39', NULL);

-- --------------------------------------------------------

--
-- Table structure for table `contact_completions`
--

CREATE TABLE `contact_completions` (
  `id` bigint(20) UNSIGNED NOT NULL,
  `property_name` varchar(255) DEFAULT NULL,
  `contact_id` bigint(20) UNSIGNED DEFAULT NULL,
  `completed_by` bigint(20) UNSIGNED DEFAULT NULL,
  `created_at` timestamp NULL DEFAULT NULL,
  `updated_at` timestamp NULL DEFAULT NULL
) ENGINE=InnoDB DEFAULT CHARSET=utf8mb4 COLLATE=utf8mb4_unicode_ci;

--
-- Dumping data for table `contact_completions`
--

INSERT INTO `contact_completions` (`id`, `property_name`, `contact_id`, `completed_by`, `created_at`, `updated_at`) VALUES
(127, 'name', 9, 1, '2024-02-08 14:54:56', '2024-02-08 14:54:56'),
(128, 'contact_source_id', 9, 1, '2024-02-08 14:54:56', '2024-02-08 14:54:56'),
(129, 'activity_id', 9, 1, '2024-02-08 14:54:56', '2024-02-08 14:54:56'),
(130, 'interest_id', 9, 1, '2024-02-08 14:54:56', '2024-02-08 14:54:56'),
(131, 'mobile', 9, 1, '2024-02-08 14:54:56', '2024-02-08 14:54:56'),
(132, 'gender', 9, 1, '2024-02-08 14:54:56', '2024-02-08 14:54:56'),
(133, 'city_id', 9, 1, '2024-02-08 14:54:56', '2024-02-08 14:54:56'),
(134, 'area_id', 9, 1, '2024-02-08 14:54:56', '2024-02-08 14:54:56'),
(135, 'industry_id', 9, 1, '2024-02-08 14:54:56', '2024-02-08 14:54:56'),
(136, 'major_id', 9, 1, '2024-02-08 14:54:56', '2024-02-08 14:54:56'),
(137, 'name', 10, 1, '2024-02-08 14:56:02', '2024-02-08 14:56:02'),
(138, 'contact_source_id', 10, 1, '2024-02-08 14:56:02', '2024-02-08 14:56:02'),
(139, 'activity_id', 10, 1, '2024-02-08 14:56:02', '2024-02-08 14:56:02'),
(140, 'interest_id', 10, 1, '2024-02-08 14:56:02', '2024-02-08 14:56:02'),
(141, 'mobile', 10, 1, '2024-02-08 14:56:02', '2024-02-08 14:56:02'),
(142, 'gender', 10, 1, '2024-02-08 14:56:02', '2024-02-08 14:56:02'),
(143, 'city_id', 10, 1, '2024-02-08 14:56:02', '2024-02-08 14:56:02'),
(144, 'area_id', 10, 1, '2024-02-08 14:56:02', '2024-02-08 14:56:02'),
(145, 'industry_id', 10, 1, '2024-02-08 14:56:02', '2024-02-08 14:56:02'),
(146, 'major_id', 10, 1, '2024-02-08 14:56:02', '2024-02-08 14:56:02'),
(177, 'name', 7, 1, '2024-02-19 10:15:24', '2024-02-19 10:15:24'),
(178, 'contact_source_id', 7, 1, '2024-02-19 10:15:24', '2024-02-19 10:15:24'),
(179, 'activity_id', 7, 1, '2024-02-19 10:15:24', '2024-02-19 10:15:24'),
(180, 'interest_id', 7, 1, '2024-02-19 10:15:24', '2024-02-19 10:15:24'),
(181, 'mobile', 7, 1, '2024-02-19 10:15:24', '2024-02-19 10:15:24'),
(182, 'email', 7, 1, '2024-02-19 10:15:24', '2024-02-19 10:15:24'),
(183, 'gender', 7, 1, '2024-02-19 10:15:24', '2024-02-19 10:15:24'),
(184, 'city_id', 7, 1, '2024-02-19 10:15:24', '2024-02-19 10:15:24'),
(185, 'area_id', 7, 1, '2024-02-19 10:15:24', '2024-02-19 10:15:24'),
(186, 'industry_id', 7, 1, '2024-02-19 10:15:24', '2024-02-19 10:15:24'),
(187, 'major_id', 7, 1, '2024-02-19 10:15:24', '2024-02-19 10:15:24'),
(188, 'name', 11, 1, '2024-02-19 12:03:27', '2024-02-19 12:03:27'),
(189, 'contact_source_id', 11, 1, '2024-02-19 12:03:27', '2024-02-19 12:03:27'),
(190, 'activity_id', 11, 1, '2024-02-19 12:03:27', '2024-02-19 12:03:27'),
(191, 'interest_id', 11, 1, '2024-02-19 12:03:27', '2024-02-19 12:03:27'),
(192, 'mobile', 11, 1, '2024-02-19 12:03:27', '2024-02-19 12:03:27'),
(193, 'gender', 11, 1, '2024-02-19 12:03:27', '2024-02-19 12:03:27'),
(222, 'name', 13, 1, '2024-04-21 08:04:30', '2024-04-21 08:04:30'),
(223, 'name', 13, 1, '2024-04-21 08:04:30', '2024-04-21 08:04:30'),
(224, 'contact_source_id', 13, 1, '2024-04-21 08:04:30', '2024-04-21 08:04:30'),
(225, 'contact_source_id', 13, 1, '2024-04-21 08:04:30', '2024-04-21 08:04:30'),
(226, 'activity_id', 13, 1, '2024-04-21 08:04:30', '2024-04-21 08:04:30'),
(227, 'activity_id', 13, 1, '2024-04-21 08:04:30', '2024-04-21 08:04:30'),
(228, 'interest_id', 13, 1, '2024-04-21 08:04:30', '2024-04-21 08:04:30'),
(229, 'interest_id', 13, 1, '2024-04-21 08:04:30', '2024-04-21 08:04:30'),
(230, 'mobile', 13, 1, '2024-04-21 08:04:30', '2024-04-21 08:04:30'),
(231, 'mobile', 13, 1, '2024-04-21 08:04:30', '2024-04-21 08:04:30'),
(232, 'mobile2', 13, 1, '2024-04-21 08:04:30', '2024-04-21 08:04:30'),
(233, 'mobile2', 13, 1, '2024-04-21 08:04:31', '2024-04-21 08:04:31'),
(234, 'email', 13, 1, '2024-04-21 08:04:31', '2024-04-21 08:04:31'),
(235, 'email', 13, 1, '2024-04-21 08:04:31', '2024-04-21 08:04:31'),
(236, 'national_id', 13, 1, '2024-04-21 08:04:31', '2024-04-21 08:04:31'),
(237, 'national_id', 13, 1, '2024-04-21 08:04:31', '2024-04-21 08:04:31'),
(238, 'birth_date', 13, 1, '2024-04-21 08:04:31', '2024-04-21 08:04:31'),
(239, 'birth_date', 13, 1, '2024-04-21 08:04:31', '2024-04-21 08:04:31'),
(240, 'company_name', 13, 1, '2024-04-21 08:04:31', '2024-04-21 08:04:31'),
(241, 'company_name', 13, 1, '2024-04-21 08:04:31', '2024-04-21 08:04:31'),
(242, 'job_title_id', 13, 1, '2024-04-21 08:04:31', '2024-04-21 08:04:31'),
(243, 'job_title_id', 13, 1, '2024-04-21 08:04:31', '2024-04-21 08:04:31'),
(244, 'gender', 13, 1, '2024-04-21 08:04:31', '2024-04-21 08:04:31'),
(245, 'gender', 13, 1, '2024-04-21 08:04:31', '2024-04-21 08:04:31'),
(246, 'city_id', 13, 1, '2024-04-21 08:04:31', '2024-04-21 08:04:31'),
(247, 'city_id', 13, 1, '2024-04-21 08:04:31', '2024-04-21 08:04:31'),
(248, 'area_id', 13, 1, '2024-04-21 08:04:31', '2024-04-21 08:04:31'),
(249, 'area_id', 13, 1, '2024-04-21 08:04:31', '2024-04-21 08:04:31'),
(250, 'notes', 13, 1, '2024-04-21 08:04:31', '2024-04-21 08:04:31'),
(251, 'notes', 13, 1, '2024-04-21 08:04:31', '2024-04-21 08:04:31'),
(252, 'name', 12, 1, '2024-04-21 08:04:48', '2024-04-21 08:04:48'),
(253, 'contact_source_id', 12, 1, '2024-04-21 08:04:48', '2024-04-21 08:04:48'),
(254, 'activity_id', 12, 1, '2024-04-21 08:04:48', '2024-04-21 08:04:48'),
(255, 'interest_id', 12, 1, '2024-04-21 08:04:48', '2024-04-21 08:04:48'),
(256, 'mobile', 12, 1, '2024-04-21 08:04:48', '2024-04-21 08:04:48'),
(257, 'gender', 12, 1, '2024-04-21 08:04:48', '2024-04-21 08:04:48'),
(272, 'name', 14, 1, '2024-05-20 10:25:45', '2024-05-20 10:25:45'),
(273, 'contact_source_id', 14, 1, '2024-05-20 10:25:45', '2024-05-20 10:25:45'),
(274, 'activity_id', 14, 1, '2024-05-20 10:25:45', '2024-05-20 10:25:45'),
(275, 'interest_id', 14, 1, '2024-05-20 10:25:45', '2024-05-20 10:25:45'),
(276, 'mobile', 14, 1, '2024-05-20 10:25:45', '2024-05-20 10:25:45'),
(277, 'email', 14, 1, '2024-05-20 10:25:45', '2024-05-20 10:25:45'),
(278, 'gender', 14, 1, '2024-05-20 10:25:45', '2024-05-20 10:25:45'),
(279, 'branch_id', 15, 1, '2024-07-14 10:24:07', '2024-07-14 10:24:07'),
(280, 'name', 15, 1, '2024-07-14 10:24:07', '2024-07-14 10:24:07'),
(281, 'activity_id', 15, 1, '2024-07-14 10:24:07', '2024-07-14 10:24:07'),
(282, 'interest_id', 15, 1, '2024-07-14 10:24:07', '2024-07-14 10:24:07'),
(283, 'contact_source_id', 15, 1, '2024-07-14 10:24:07', '2024-07-14 10:24:07'),
(284, 'email', 15, 1, '2024-07-14 10:24:07', '2024-07-14 10:24:07'),
(285, 'mobile', 15, 1, '2024-07-14 10:24:07', '2024-07-14 10:24:07'),
(286, 'mobile2', 15, 1, '2024-07-14 10:24:07', '2024-07-14 10:24:07'),
(287, 'national_id', 15, 1, '2024-07-14 10:24:07', '2024-07-14 10:24:07'),
(288, 'birth_date', 15, 1, '2024-07-14 10:24:07', '2024-07-14 10:24:07'),
(289, 'gender', 15, 1, '2024-07-14 10:24:07', '2024-07-14 10:24:07'),
(290, 'religion', 15, 1, '2024-07-14 10:24:07', '2024-07-14 10:24:07'),
(291, 'address', 15, 1, '2024-07-14 10:24:07', '2024-07-14 10:24:07'),
(292, 'company_name', 15, 1, '2024-07-14 10:24:07', '2024-07-14 10:24:07'),
(293, 'notes', 15, 1, '2024-07-14 10:24:07', '2024-07-14 10:24:07'),
(294, 'branch_id', 16, 1, '2024-07-14 10:25:05', '2024-07-14 10:25:05'),
(295, 'name', 16, 1, '2024-07-14 10:25:05', '2024-07-14 10:25:05'),
(296, 'activity_id', 16, 1, '2024-07-14 10:25:05', '2024-07-14 10:25:05'),
(297, 'interest_id', 16, 1, '2024-07-14 10:25:05', '2024-07-14 10:25:05'),
(298, 'contact_source_id', 16, 1, '2024-07-14 10:25:05', '2024-07-14 10:25:05'),
(299, 'email', 16, 1, '2024-07-14 10:25:05', '2024-07-14 10:25:05'),
(300, 'mobile', 16, 1, '2024-07-14 10:25:05', '2024-07-14 10:25:05'),
(301, 'birth_date', 16, 1, '2024-07-14 10:25:05', '2024-07-14 10:25:05'),
(302, 'gender', 16, 1, '2024-07-14 10:25:05', '2024-07-14 10:25:05'),
(303, 'religion', 16, 1, '2024-07-14 10:25:05', '2024-07-14 10:25:05'),
(304, 'address', 16, 1, '2024-07-14 10:25:05', '2024-07-14 10:25:05'),
(305, 'company_name', 16, 1, '2024-07-14 10:25:05', '2024-07-14 10:25:05'),
(306, 'branch_id', 17, 1, '2024-07-14 10:28:37', '2024-07-14 10:28:37'),
(307, 'name', 17, 1, '2024-07-14 10:28:37', '2024-07-14 10:28:37'),
(308, 'activity_id', 17, 1, '2024-07-14 10:28:37', '2024-07-14 10:28:37'),
(309, 'interest_id', 17, 1, '2024-07-14 10:28:37', '2024-07-14 10:28:37'),
(310, 'contact_source_id', 17, 1, '2024-07-14 10:28:37', '2024-07-14 10:28:37'),
(311, 'email', 17, 1, '2024-07-14 10:28:37', '2024-07-14 10:28:37'),
(312, 'mobile', 17, 1, '2024-07-14 10:28:37', '2024-07-14 10:28:37'),
(313, 'birth_date', 17, 1, '2024-07-14 10:28:37', '2024-07-14 10:28:37'),
(314, 'gender', 17, 1, '2024-07-14 10:28:37', '2024-07-14 10:28:37'),
(315, 'religion', 17, 1, '2024-07-14 10:28:37', '2024-07-14 10:28:37'),
(316, 'address', 17, 1, '2024-07-14 10:28:37', '2024-07-14 10:28:37'),
(317, 'company_name', 17, 1, '2024-07-14 10:28:37', '2024-07-14 10:28:37'),
(318, 'notes', 17, 1, '2024-07-14 10:28:37', '2024-07-14 10:28:37'),
(319, 'branch_id', 18, 1, '2024-07-14 10:29:40', '2024-07-14 10:29:40'),
(320, 'name', 18, 1, '2024-07-14 10:29:40', '2024-07-14 10:29:40'),
(321, 'activity_id', 18, 1, '2024-07-14 10:29:40', '2024-07-14 10:29:40'),
(322, 'interest_id', 18, 1, '2024-07-14 10:29:40', '2024-07-14 10:29:40'),
(323, 'contact_source_id', 18, 1, '2024-07-14 10:29:40', '2024-07-14 10:29:40'),
(324, 'email', 18, 1, '2024-07-14 10:29:40', '2024-07-14 10:29:40'),
(325, 'mobile', 18, 1, '2024-07-14 10:29:40', '2024-07-14 10:29:40'),
(326, 'birth_date', 18, 1, '2024-07-14 10:29:40', '2024-07-14 10:29:40'),
(327, 'gender', 18, 1, '2024-07-14 10:29:40', '2024-07-14 10:29:40'),
(328, 'religion', 18, 1, '2024-07-14 10:29:40', '2024-07-14 10:29:40'),
(329, 'address', 18, 1, '2024-07-14 10:29:40', '2024-07-14 10:29:40'),
(330, 'company_name', 18, 1, '2024-07-14 10:29:40', '2024-07-14 10:29:40'),
(331, 'notes', 18, 1, '2024-07-14 10:29:40', '2024-07-14 10:29:40'),
(332, 'branch_id', 19, 1, '2024-07-14 10:49:24', '2024-07-14 10:49:24'),
(333, 'name', 19, 1, '2024-07-14 10:49:24', '2024-07-14 10:49:24'),
(334, 'activity_id', 19, 1, '2024-07-14 10:49:24', '2024-07-14 10:49:24'),
(335, 'interest_id', 19, 1, '2024-07-14 10:49:24', '2024-07-14 10:49:24'),
(336, 'contact_source_id', 19, 1, '2024-07-14 10:49:24', '2024-07-14 10:49:24'),
(337, 'email', 19, 1, '2024-07-14 10:49:24', '2024-07-14 10:49:24'),
(338, 'mobile', 19, 1, '2024-07-14 10:49:24', '2024-07-14 10:49:24'),
(339, 'birth_date', 19, 1, '2024-07-14 10:49:24', '2024-07-14 10:49:24'),
(340, 'gender', 19, 1, '2024-07-14 10:49:24', '2024-07-14 10:49:24'),
(341, 'religion', 19, 1, '2024-07-14 10:49:24', '2024-07-14 10:49:24'),
(342, 'address', 19, 1, '2024-07-14 10:49:24', '2024-07-14 10:49:24'),
(343, 'company_name', 19, 1, '2024-07-14 10:49:24', '2024-07-14 10:49:24'),
(344, 'branch_id', 20, 1, '2024-07-14 10:51:04', '2024-07-14 10:51:04'),
(345, 'name', 20, 1, '2024-07-14 10:51:04', '2024-07-14 10:51:04'),
(346, 'activity_id', 20, 1, '2024-07-14 10:51:04', '2024-07-14 10:51:04'),
(347, 'interest_id', 20, 1, '2024-07-14 10:51:04', '2024-07-14 10:51:04'),
(348, 'contact_source_id', 20, 1, '2024-07-14 10:51:04', '2024-07-14 10:51:04'),
(349, 'email', 20, 1, '2024-07-14 10:51:04', '2024-07-14 10:51:04'),
(350, 'mobile', 20, 1, '2024-07-14 10:51:04', '2024-07-14 10:51:04'),
(351, 'birth_date', 20, 1, '2024-07-14 10:51:04', '2024-07-14 10:51:04'),
(352, 'gender', 20, 1, '2024-07-14 10:51:04', '2024-07-14 10:51:04'),
(353, 'religion', 20, 1, '2024-07-14 10:51:04', '2024-07-14 10:51:04'),
(354, 'address', 20, 1, '2024-07-14 10:51:04', '2024-07-14 10:51:04'),
(355, 'company_name', 20, 1, '2024-07-14 10:51:04', '2024-07-14 10:51:04'),
(356, 'notes', 20, 1, '2024-07-14 10:51:04', '2024-07-14 10:51:04'),
(357, 'branch_id', 27, 1, '2024-07-16 09:52:05', '2024-07-16 09:52:05'),
(358, 'name', 27, 1, '2024-07-16 09:52:05', '2024-07-16 09:52:05'),
(359, 'contact_source_id', 27, 1, '2024-07-16 09:52:05', '2024-07-16 09:52:05'),
(360, 'activity_id', 27, 1, '2024-07-16 09:52:05', '2024-07-16 09:52:05'),
(361, 'interest_id', 27, 1, '2024-07-16 09:52:05', '2024-07-16 09:52:05'),
(362, 'mobile', 27, 1, '2024-07-16 09:52:05', '2024-07-16 09:52:05'),
(363, 'gender', 27, 1, '2024-07-16 09:52:05', '2024-07-16 09:52:05'),
(364, 'religion', 27, 1, '2024-07-16 09:52:05', '2024-07-16 09:52:05'),
(365, 'city_id', 27, 1, '2024-07-16 09:52:05', '2024-07-16 09:52:05'),
(366, 'industry_id', 27, 1, '2024-07-16 09:52:05', '2024-07-16 09:52:05'),
(367, 'major_id', 27, 1, '2024-07-16 09:52:05', '2024-07-16 09:52:05'),
(368, 'branch_id', 29, 1, '2024-07-17 07:40:49', '2024-07-17 07:40:49'),
(369, 'name', 29, 1, '2024-07-17 07:40:49', '2024-07-17 07:40:49'),
(370, 'activity_id', 29, 1, '2024-07-17 07:40:49', '2024-07-17 07:40:49'),
(371, 'interest_id', 29, 1, '2024-07-17 07:40:49', '2024-07-17 07:40:49'),
(372, 'contact_source_id', 29, 1, '2024-07-17 07:40:49', '2024-07-17 07:40:49'),
(373, 'email', 29, 1, '2024-07-17 07:40:49', '2024-07-17 07:40:49'),
(374, 'mobile', 29, 1, '2024-07-17 07:40:49', '2024-07-17 07:40:49'),
(375, 'birth_date', 29, 1, '2024-07-17 07:40:49', '2024-07-17 07:40:49'),
(376, 'gender', 29, 1, '2024-07-17 07:40:49', '2024-07-17 07:40:49'),
(377, 'religion', 29, 1, '2024-07-17 07:40:49', '2024-07-17 07:40:49'),
(378, 'city_id', 29, 1, '2024-07-17 07:40:49', '2024-07-17 07:40:49'),
(379, 'area_id', 29, 1, '2024-07-17 07:40:49', '2024-07-17 07:40:49'),
(380, 'address', 29, 1, '2024-07-17 07:40:49', '2024-07-17 07:40:49'),
(381, 'notes', 29, 1, '2024-07-17 07:40:49', '2024-07-17 07:40:49'),
(382, 'branch_id', 499, 1, '2024-07-17 09:48:32', '2024-07-17 09:48:32'),
(383, 'name', 499, 1, '2024-07-17 09:48:32', '2024-07-17 09:48:32'),
(384, 'activity_id', 499, 1, '2024-07-17 09:48:32', '2024-07-17 09:48:32'),
(385, 'interest_id', 499, 1, '2024-07-17 09:48:32', '2024-07-17 09:48:32'),
(386, 'contact_source_id', 499, 1, '2024-07-17 09:48:32', '2024-07-17 09:48:32'),
(387, 'mobile', 499, 1, '2024-07-17 09:48:32', '2024-07-17 09:48:32'),
(388, 'gender', 499, 1, '2024-07-17 09:48:32', '2024-07-17 09:48:32'),
(389, 'religion', 499, 1, '2024-07-17 09:48:32', '2024-07-17 09:48:32');

-- --------------------------------------------------------

--
-- Table structure for table `contact_sources`
--

CREATE TABLE `contact_sources` (
  `id` bigint(20) UNSIGNED NOT NULL,
  `name` varchar(255) DEFAULT NULL,
  `created_at` timestamp NULL DEFAULT NULL,
  `updated_at` timestamp NULL DEFAULT NULL,
  `deleted_at` timestamp NULL DEFAULT NULL
) ENGINE=InnoDB DEFAULT CHARSET=utf8mb4 COLLATE=utf8mb4_unicode_ci;

--
-- Dumping data for table `contact_sources`
--

INSERT INTO `contact_sources` (`id`, `name`, `created_at`, `updated_at`, `deleted_at`) VALUES
(1, 'الفيسبوك', '2024-01-30 10:56:22', '2024-02-02 13:42:12', NULL),
(2, 'جوجل', '2024-01-30 10:56:46', '2024-02-02 13:42:27', NULL),
(3, 'مندوب', '2024-02-08 12:11:29', '2024-02-08 12:11:29', NULL),
(6, 'converted', '2024-07-15 07:02:53', '2024-07-15 07:02:53', NULL),
(7, 'new', '2024-07-15 07:02:53', '2024-07-15 07:02:53', NULL),
(8, 'contacted', '2024-07-15 07:02:53', '2024-07-15 07:02:53', NULL),
(9, 'qualified', '2024-07-15 07:02:53', '2024-07-15 07:02:53', NULL);

-- --------------------------------------------------------

--
-- Table structure for table `countries`
--

CREATE TABLE `countries` (
  `id` bigint(20) UNSIGNED NOT NULL,
  `name` varchar(255) DEFAULT NULL,
  `nicename` varchar(255) DEFAULT NULL,
  `iso` varchar(255) DEFAULT NULL,
  `iso3` varchar(255) DEFAULT NULL,
  `numcode` int(11) DEFAULT NULL,
  `phonecode` int(11) DEFAULT NULL,
  `created_at` timestamp NULL DEFAULT NULL,
  `updated_at` timestamp NULL DEFAULT NULL,
  `deleted_at` timestamp NULL DEFAULT NULL
) ENGINE=InnoDB DEFAULT CHARSET=utf8mb4 COLLATE=utf8mb4_unicode_ci;

--
-- Dumping data for table `countries`
--

INSERT INTO `countries` (`id`, `name`, `nicename`, `iso`, `iso3`, `numcode`, `phonecode`, `created_at`, `updated_at`, `deleted_at`) VALUES
(1, 'AFGHANISTAN', 'Afghanistan', 'AF', 'AFG', 4, 93, NULL, NULL, NULL),
(2, 'ALBANIA', 'Albania', 'AL', 'ALB', 8, 355, NULL, NULL, NULL),
(3, 'ALGERIA', 'Algeria', 'DZ', 'DZA', 12, 213, NULL, NULL, NULL),
(4, 'AMERICAN SAMOA', 'American Samoa', 'AS', 'ASM', 16, 1684, NULL, NULL, NULL),
(5, 'ANDORRA', 'Andorra', 'AD', 'AND', 20, 376, NULL, NULL, NULL),
(6, 'ANGOLA', 'Angola', 'AO', 'AGO', 24, 244, NULL, NULL, NULL),
(7, 'ANGUILLA', 'Anguilla', 'AI', 'AIA', 660, 1264, NULL, NULL, NULL),
(8, 'ANTARCTICA', 'Antarctica', 'AQ', '', 0, 0, NULL, NULL, NULL),
(9, 'ANTIGUA AND BARBUDA', 'Antigua and Barbuda', 'AG', 'ATG', 28, 1268, NULL, NULL, NULL),
(10, 'ARGENTINA', 'Argentina', 'AR', 'ARG', 32, 54, NULL, NULL, NULL),
(11, 'ARMENIA', 'Armenia', 'AM', 'ARM', 51, 374, NULL, NULL, NULL),
(12, 'ARUBA', 'Aruba', 'AW', 'ABW', 533, 297, NULL, NULL, NULL),
(13, 'AUSTRALIA', 'Australia', 'AU', 'AUS', 36, 61, NULL, NULL, NULL),
(14, 'AUSTRIA', 'Austria', 'AT', 'AUT', 40, 43, NULL, NULL, NULL),
(15, 'AZERBAIJAN', 'Azerbaijan', 'AZ', 'AZE', 31, 994, NULL, NULL, NULL),
(16, 'BAHAMAS', 'Bahamas', 'BS', 'BHS', 44, 1242, NULL, NULL, NULL),
(17, 'BAHRAIN', 'Bahrain', 'BH', 'BHR', 48, 973, NULL, NULL, NULL),
(18, 'BANGLADESH', 'Bangladesh', 'BD', 'BGD', 50, 880, NULL, NULL, NULL),
(19, 'BARBADOS', 'Barbados', 'BB', 'BRB', 52, 1246, NULL, NULL, NULL),
(20, 'BELARUS', 'Belarus', 'BY', 'BLR', 112, 375, NULL, NULL, NULL),
(21, 'BELGIUM', 'Belgium', 'BE', 'BEL', 56, 32, NULL, NULL, NULL),
(22, 'BELIZE', 'Belize', 'BZ', 'BLZ', 84, 501, NULL, NULL, NULL),
(23, 'BENIN', 'Benin', 'BJ', 'BEN', 204, 229, NULL, NULL, NULL),
(24, 'BERMUDA', 'Bermuda', 'BM', 'BMU', 60, 1441, NULL, NULL, NULL),
(25, 'BHUTAN', 'Bhutan', 'BT', 'BTN', 64, 975, NULL, NULL, NULL),
(26, 'BOLIVIA', 'Bolivia', 'BO', 'BOL', 68, 591, NULL, NULL, NULL),
(27, 'BOSNIA AND HERZEGOVINA', 'Bosnia and Herzegovina', 'BA', 'BIH', 70, 387, NULL, NULL, NULL),
(28, 'BOTSWANA', 'Botswana', 'BW', 'BWA', 72, 267, NULL, NULL, NULL),
(29, 'BOUVET ISLAND', 'Bouvet Island', 'BV', '', 0, 0, NULL, NULL, NULL),
(30, 'BRAZIL', 'Brazil', 'BR', 'BRA', 76, 55, NULL, NULL, NULL),
(31, 'BRITISH INDIAN OCEAN TERRITORY', 'British Indian Ocean Territory', 'IO', '', 0, 246, NULL, NULL, NULL),
(32, 'BRUNEI DARUSSALAM', 'Brunei Darussalam', 'BN', 'BRN', 96, 673, NULL, NULL, NULL),
(33, 'BULGARIA', 'Bulgaria', 'BG', 'BGR', 100, 359, NULL, NULL, NULL),
(34, 'BURKINA FASO', 'Burkina Faso', 'BF', 'BFA', 854, 226, NULL, NULL, NULL),
(35, 'BURUNDI', 'Burundi', 'BI', 'BDI', 108, 257, NULL, NULL, NULL),
(36, 'CAMBODIA', 'Cambodia', 'KH', 'KHM', 116, 855, NULL, NULL, NULL),
(37, 'CAMEROON', 'Cameroon', 'CM', 'CMR', 120, 237, NULL, NULL, NULL),
(38, 'CANADA', 'Canada', 'CA', 'CAN', 124, 1, NULL, NULL, NULL),
(39, 'CAPE VERDE', 'Cape Verde', 'CV', 'CPV', 132, 238, NULL, NULL, NULL),
(40, 'CAYMAN ISLANDS', 'Cayman Islands', 'KY', 'CYM', 136, 1345, NULL, NULL, NULL),
(41, 'CENTRAL AFRICAN REPUBLIC', 'Central African Republic', 'CF', 'CAF', 140, 236, NULL, NULL, NULL),
(42, 'CHAD', 'Chad', 'TD', 'TCD', 148, 235, NULL, NULL, NULL),
(43, 'CHILE', 'Chile', 'CL', 'CHL', 152, 56, NULL, NULL, NULL),
(44, 'CHINA', 'China', 'CN', 'CHN', 156, 86, NULL, NULL, NULL),
(45, 'CHRISTMAS ISLAND', 'Christmas Island', 'CX', '', 0, 61, NULL, NULL, NULL),
(46, 'COCOS (KEELING) ISLANDS', 'Cocos (Keeling) Islands', 'CC', '', 0, 672, NULL, NULL, NULL),
(47, 'COLOMBIA', 'Colombia', 'CO', 'COL', 170, 57, NULL, NULL, NULL),
(48, 'COMOROS', 'Comoros', 'KM', 'COM', 174, 269, NULL, NULL, NULL),
(49, 'CONGO', 'Congo', 'CG', 'COG', 178, 242, NULL, NULL, NULL),
(50, 'CONGO, THE DEMOCRATIC REPUBLIC OF THE', 'Congo, the Democratic Republic of the', 'CD', 'COD', 180, 242, NULL, NULL, NULL),
(51, 'COOK ISLANDS', 'Cook Islands', 'CK', 'COK', 184, 682, NULL, NULL, NULL),
(52, 'COSTA RICA', 'Costa Rica', 'CR', 'CRI', 188, 506, NULL, NULL, NULL),
(53, 'COTE D\'IVOIRE', 'Cote D\'Ivoire', 'CI', 'CIV', 384, 225, NULL, NULL, NULL),
(54, 'CROATIA', 'Croatia', 'HR', 'HRV', 191, 385, NULL, NULL, NULL),
(55, 'CUBA', 'Cuba', 'CU', 'CUB', 192, 53, NULL, NULL, NULL),
(56, 'CYPRUS', 'Cyprus', 'CY', 'CYP', 196, 357, NULL, NULL, NULL),
(57, 'CZECH REPUBLIC', 'Czech Republic', 'CZ', 'CZE', 203, 420, NULL, NULL, NULL),
(58, 'DENMARK', 'Denmark', 'DK', 'DNK', 208, 45, NULL, NULL, NULL),
(59, 'DJIBOUTI', 'Djibouti', 'DJ', 'DJI', 262, 253, NULL, NULL, NULL),
(60, 'DOMINICA', 'Dominica', 'DM', 'DMA', 212, 1767, NULL, NULL, NULL),
(61, 'DOMINICAN REPUBLIC', 'Dominican Republic', 'DO', 'DOM', 214, 1809, NULL, NULL, NULL),
(62, 'ECUADOR', 'Ecuador', 'EC', 'ECU', 218, 593, NULL, NULL, NULL),
(63, 'EGYPT', 'Egypt', 'EG', 'EGY', 818, 20, NULL, NULL, NULL),
(64, 'EL SALVADOR', 'El Salvador', 'SV', 'SLV', 222, 503, NULL, NULL, NULL),
(65, 'EQUATORIAL GUINEA', 'Equatorial Guinea', 'GQ', 'GNQ', 226, 240, NULL, NULL, NULL),
(66, 'ERITREA', 'Eritrea', 'ER', 'ERI', 232, 291, NULL, NULL, NULL),
(67, 'ESTONIA', 'Estonia', 'EE', 'EST', 233, 372, NULL, NULL, NULL),
(68, 'ETHIOPIA', 'Ethiopia', 'ET', 'ETH', 231, 251, NULL, NULL, NULL),
(69, 'FALKLAND ISLANDS (MALVINAS)', 'Falkland Islands (Malvinas)', 'FK', 'FLK', 238, 500, NULL, NULL, NULL),
(70, 'FAROE ISLANDS', 'Faroe Islands', 'FO', 'FRO', 234, 298, NULL, NULL, NULL),
(71, 'FIJI', 'Fiji', 'FJ', 'FJI', 242, 679, NULL, NULL, NULL),
(72, 'FINLAND', 'Finland', 'FI', 'FIN', 246, 358, NULL, NULL, NULL),
(73, 'FRANCE', 'France', 'FR', 'FRA', 250, 33, NULL, NULL, NULL),
(74, 'FRENCH GUIANA', 'French Guiana', 'GF', 'GUF', 254, 594, NULL, NULL, NULL),
(75, 'FRENCH POLYNESIA', 'French Polynesia', 'PF', 'PYF', 258, 689, NULL, NULL, NULL),
(76, 'FRENCH SOUTHERN TERRITORIES', 'French Southern Territories', 'TF', '', 0, 0, NULL, NULL, NULL),
(77, 'GABON', 'Gabon', 'GA', 'GAB', 266, 241, NULL, NULL, NULL),
(78, 'GAMBIA', 'Gambia', 'GM', 'GMB', 270, 220, NULL, NULL, NULL),
(79, 'GEORGIA', 'Georgia', 'GE', 'GEO', 268, 995, NULL, NULL, NULL),
(80, 'GERMANY', 'Germany', 'DE', 'DEU', 276, 49, NULL, NULL, NULL),
(81, 'GHANA', 'Ghana', 'GH', 'GHA', 288, 233, NULL, NULL, NULL),
(82, 'GIBRALTAR', 'Gibraltar', 'GI', 'GIB', 292, 350, NULL, NULL, NULL),
(83, 'GREECE', 'Greece', 'GR', 'GRC', 300, 30, NULL, NULL, NULL),
(84, 'GREENLAND', 'Greenland', 'GL', 'GRL', 304, 299, NULL, NULL, NULL),
(85, 'GRENADA', 'Grenada', 'GD', 'GRD', 308, 1473, NULL, NULL, NULL),
(86, 'GUADELOUPE', 'Guadeloupe', 'GP', 'GLP', 312, 590, NULL, NULL, NULL),
(87, 'GUAM', 'Guam', 'GU', 'GUM', 316, 1671, NULL, NULL, NULL),
(88, 'GUATEMALA', 'Guatemala', 'GT', 'GTM', 320, 502, NULL, NULL, NULL),
(89, 'GUINEA', 'Guinea', 'GN', 'GIN', 324, 224, NULL, NULL, NULL),
(90, 'GUINEA-BISSAU', 'Guinea-Bissau', 'GW', 'GNB', 624, 245, NULL, NULL, NULL),
(91, 'GUYANA', 'Guyana', 'GY', 'GUY', 328, 592, NULL, NULL, NULL),
(92, 'HAITI', 'Haiti', 'HT', 'HTI', 332, 509, NULL, NULL, NULL),
(93, 'HEARD ISLAND AND MCDONALD ISLANDS', 'Heard Island and Mcdonald Islands', 'HM', '', 0, 0, NULL, NULL, NULL),
(94, 'HOLY SEE (VATICAN CITY STATE)', 'Holy See (Vatican City State)', 'VA', 'VAT', 336, 39, NULL, NULL, NULL),
(95, 'HONDURAS', 'Honduras', 'HN', 'HND', 340, 504, NULL, NULL, NULL),
(96, 'HONG KONG', 'Hong Kong', 'HK', 'HKG', 344, 852, NULL, NULL, NULL),
(97, 'HUNGARY', 'Hungary', 'HU', 'HUN', 348, 36, NULL, NULL, NULL),
(98, 'ICELAND', 'Iceland', 'IS', 'ISL', 352, 354, NULL, NULL, NULL),
(99, 'INDIA', 'India', 'IN', 'IND', 356, 91, NULL, NULL, NULL),
(100, 'INDONESIA', 'Indonesia', 'ID', 'IDN', 360, 62, NULL, NULL, NULL),
(101, 'IRAN, ISLAMIC REPUBLIC OF', 'Iran, Islamic Republic of', 'IR', 'IRN', 364, 98, NULL, NULL, NULL),
(102, 'IRAQ', 'Iraq', 'IQ', 'IRQ', 368, 964, NULL, NULL, NULL),
(103, 'IRELAND', 'Ireland', 'IE', 'IRL', 372, 353, NULL, NULL, NULL),
(104, 'ISRAEL', 'Israel', 'IL', 'ISR', 376, 972, NULL, NULL, NULL),
(105, 'ITALY', 'Italy', 'IT', 'ITA', 380, 39, NULL, NULL, NULL),
(106, 'JAMAICA', 'Jamaica', 'JM', 'JAM', 388, 1876, NULL, NULL, NULL),
(107, 'JAPAN', 'Japan', 'JP', 'JPN', 392, 81, NULL, NULL, NULL),
(108, 'JORDAN', 'Jordan', 'JO', 'JOR', 400, 962, NULL, NULL, NULL),
(109, 'KAZAKHSTAN', 'Kazakhstan', 'KZ', 'KAZ', 398, 7, NULL, NULL, NULL),
(110, 'KENYA', 'Kenya', 'KE', 'KEN', 404, 254, NULL, NULL, NULL),
(111, 'KIRIBATI', 'Kiribati', 'KI', 'KIR', 296, 686, NULL, NULL, NULL),
(112, 'KOREA, DEMOCRATIC PEOPLE\'S REPUBLIC OF', 'Korea, Democratic People\'s Republic of', 'KP', 'PRK', 408, 850, NULL, NULL, NULL),
(113, 'KOREA, REPUBLIC OF', 'Korea, Republic of', 'KR', 'KOR', 410, 82, NULL, NULL, NULL),
(114, 'KUWAIT', 'Kuwait', 'KW', 'KWT', 414, 965, NULL, NULL, NULL),
(115, 'KYRGYZSTAN', 'Kyrgyzstan', 'KG', 'KGZ', 417, 996, NULL, NULL, NULL),
(116, 'LAO PEOPLE\'S DEMOCRATIC REPUBLIC', 'Lao People\'s Democratic Republic', 'LA', 'LAO', 418, 856, NULL, NULL, NULL),
(117, 'LATVIA', 'Latvia', 'LV', 'LVA', 428, 371, NULL, NULL, NULL),
(118, 'LEBANON', 'Lebanon', 'LB', 'LBN', 422, 961, NULL, NULL, NULL),
(119, 'LESOTHO', 'Lesotho', 'LS', 'LSO', 426, 266, NULL, NULL, NULL),
(120, 'LIBERIA', 'Liberia', 'LR', 'LBR', 430, 231, NULL, NULL, NULL),
(121, 'LIBYAN ARAB JAMAHIRIYA', 'Libyan Arab Jamahiriya', 'LY', 'LBY', 434, 218, NULL, NULL, NULL),
(122, 'LIECHTENSTEIN', 'Liechtenstein', 'LI', 'LIE', 438, 423, NULL, NULL, NULL),
(123, 'LITHUANIA', 'Lithuania', 'LT', 'LTU', 440, 370, NULL, NULL, NULL),
(124, 'LUXEMBOURG', 'Luxembourg', 'LU', 'LUX', 442, 352, NULL, NULL, NULL),
(125, 'MACAO', 'Macao', 'MO', 'MAC', 446, 853, NULL, NULL, NULL),
(126, 'MACEDONIA, THE FORMER YUGOSLAV REPUBLIC OF', 'Macedonia, the Former Yugoslav Republic of', 'MK', 'MKD', 807, 389, NULL, NULL, NULL),
(127, 'MADAGASCAR', 'Madagascar', 'MG', 'MDG', 450, 261, NULL, NULL, NULL),
(128, 'MALAWI', 'Malawi', 'MW', 'MWI', 454, 265, NULL, NULL, NULL),
(129, 'MALAYSIA', 'Malaysia', 'MY', 'MYS', 458, 60, NULL, NULL, NULL),
(130, 'MALDIVES', 'Maldives', 'MV', 'MDV', 462, 960, NULL, NULL, NULL),
(131, 'MALI', 'Mali', 'ML', 'MLI', 466, 223, NULL, NULL, NULL),
(132, 'MALTA', 'Malta', 'MT', 'MLT', 470, 356, NULL, NULL, NULL),
(133, 'MARSHALL ISLANDS', 'Marshall Islands', 'MH', 'MHL', 584, 692, NULL, NULL, NULL),
(134, 'MARTINIQUE', 'Martinique', 'MQ', 'MTQ', 474, 596, NULL, NULL, NULL),
(135, 'MAURITANIA', 'Mauritania', 'MR', 'MRT', 478, 222, NULL, NULL, NULL),
(136, 'MAURITIUS', 'Mauritius', 'MU', 'MUS', 480, 230, NULL, NULL, NULL),
(137, 'MAYOTTE', 'Mayotte', 'YT', '', 0, 269, NULL, NULL, NULL),
(138, 'MEXICO', 'Mexico', 'MX', 'MEX', 484, 52, NULL, NULL, NULL),
(139, 'MICRONESIA, FEDERATED STATES OF', 'Micronesia, Federated States of', 'FM', 'FSM', 583, 691, NULL, NULL, NULL),
(140, 'MOLDOVA, REPUBLIC OF', 'Moldova, Republic of', 'MD', 'MDA', 498, 373, NULL, NULL, NULL),
(141, 'MONACO', 'Monaco', 'MC', 'MCO', 492, 377, NULL, NULL, NULL),
(142, 'MONGOLIA', 'Mongolia', 'MN', 'MNG', 496, 976, NULL, NULL, NULL),
(143, 'MONTSERRAT', 'Montserrat', 'MS', 'MSR', 500, 1664, NULL, NULL, NULL),
(144, 'MOROCCO', 'Morocco', 'MA', 'MAR', 504, 212, NULL, NULL, NULL),
(145, 'MOZAMBIQUE', 'Mozambique', 'MZ', 'MOZ', 508, 258, NULL, NULL, NULL),
(146, 'MYANMAR', 'Myanmar', 'MM', 'MMR', 104, 95, NULL, NULL, NULL),
(147, 'NAMIBIA', 'Namibia', 'NA', 'NAM', 516, 264, NULL, NULL, NULL),
(148, 'NAURU', 'Nauru', 'NR', 'NRU', 520, 674, NULL, NULL, NULL),
(149, 'NEPAL', 'Nepal', 'NP', 'NPL', 524, 977, NULL, NULL, NULL),
(150, 'NETHERLANDS', 'Netherlands', 'NL', 'NLD', 528, 31, NULL, NULL, NULL),
(151, 'NETHERLANDS ANTILLES', 'Netherlands Antilles', 'AN', 'ANT', 530, 599, NULL, NULL, NULL),
(152, 'NEW CALEDONIA', 'New Caledonia', 'NC', 'NCL', 540, 687, NULL, NULL, NULL),
(153, 'NEW ZEALAND', 'New Zealand', 'NZ', 'NZL', 554, 64, NULL, NULL, NULL),
(154, 'NICARAGUA', 'Nicaragua', 'NI', 'NIC', 558, 505, NULL, NULL, NULL),
(155, 'NIGER', 'Niger', 'NE', 'NER', 562, 227, NULL, NULL, NULL),
(156, 'NIGERIA', 'Nigeria', 'NG', 'NGA', 566, 234, NULL, NULL, NULL),
(157, 'NIUE', 'Niue', 'NU', 'NIU', 570, 683, NULL, NULL, NULL),
(158, 'NORFOLK ISLAND', 'Norfolk Island', 'NF', 'NFK', 574, 672, NULL, NULL, NULL),
(159, 'NORTHERN MARIANA ISLANDS', 'Northern Mariana Islands', 'MP', 'MNP', 580, 1670, NULL, NULL, NULL),
(160, 'NORWAY', 'Norway', 'NO', 'NOR', 578, 47, NULL, NULL, NULL),
(161, 'OMAN', 'Oman', 'OM', 'OMN', 512, 968, NULL, NULL, NULL),
(162, 'PAKISTAN', 'Pakistan', 'PK', 'PAK', 586, 92, NULL, NULL, NULL),
(163, 'PALAU', 'Palau', 'PW', 'PLW', 585, 680, NULL, NULL, NULL),
(164, 'PALESTINIAN TERRITORY, OCCUPIED', 'Palestinian Territory, Occupied', 'PS', '', 0, 970, NULL, NULL, NULL),
(165, 'PANAMA', 'Panama', 'PA', 'PAN', 591, 507, NULL, NULL, NULL),
(166, 'PAPUA NEW GUINEA', 'Papua New Guinea', 'PG', 'PNG', 598, 675, NULL, NULL, NULL),
(167, 'PARAGUAY', 'Paraguay', 'PY', 'PRY', 600, 595, NULL, NULL, NULL),
(168, 'PERU', 'Peru', 'PE', 'PER', 604, 51, NULL, NULL, NULL),
(169, 'PHILIPPINES', 'Philippines', 'PH', 'PHL', 608, 63, NULL, NULL, NULL),
(170, 'PITCAIRN', 'Pitcairn', 'PN', 'PCN', 612, 0, NULL, NULL, NULL),
(171, 'POLAND', 'Poland', 'PL', 'POL', 616, 48, NULL, NULL, NULL),
(172, 'PORTUGAL', 'Portugal', 'PT', 'PRT', 620, 351, NULL, NULL, NULL),
(173, 'PUERTO RICO', 'Puerto Rico', 'PR', 'PRI', 630, 1787, NULL, NULL, NULL),
(174, 'QATAR', 'Qatar', 'QA', 'QAT', 634, 974, NULL, NULL, NULL),
(175, 'REUNION', 'Reunion', 'RE', 'REU', 638, 262, NULL, NULL, NULL),
(176, 'ROMANIA', 'Romania', 'RO', 'ROM', 642, 40, NULL, NULL, NULL),
(177, 'RUSSIAN FEDERATION', 'Russian Federation', 'RU', 'RUS', 643, 70, NULL, NULL, NULL),
(178, 'RWANDA', 'Rwanda', 'RW', 'RWA', 646, 250, NULL, NULL, NULL),
(179, 'SAINT HELENA', 'Saint Helena', 'SH', 'SHN', 654, 290, NULL, NULL, NULL),
(180, 'SAINT KITTS AND NEVIS', 'Saint Kitts and Nevis', 'KN', 'KNA', 659, 1869, NULL, NULL, NULL),
(181, 'SAINT LUCIA', 'Saint Lucia', 'LC', 'LCA', 662, 1758, NULL, NULL, NULL),
(182, 'SAINT PIERRE AND MIQUELON', 'Saint Pierre and Miquelon', 'PM', 'SPM', 666, 508, NULL, NULL, NULL),
(183, 'SAINT VINCENT AND THE GRENADINES', 'Saint Vincent and the Grenadines', 'VC', 'VCT', 670, 1784, NULL, NULL, NULL),
(184, 'SAMOA', 'Samoa', 'WS', 'WSM', 882, 684, NULL, NULL, NULL),
(185, 'SAN MARINO', 'San Marino', 'SM', 'SMR', 674, 378, NULL, NULL, NULL),
(186, 'SAO TOME AND PRINCIPE', 'Sao Tome and Principe', 'ST', 'STP', 678, 239, NULL, NULL, NULL),
(187, 'SAUDI ARABIA', 'Saudi Arabia', 'SA', 'SAU', 682, 966, NULL, NULL, NULL),
(188, 'SENEGAL', 'Senegal', 'SN', 'SEN', 686, 221, NULL, NULL, NULL),
(189, 'SERBIA AND MONTENEGRO', 'Serbia and Montenegro', 'CS', '', 0, 381, NULL, NULL, NULL),
(190, 'SEYCHELLES', 'Seychelles', 'SC', 'SYC', 690, 248, NULL, NULL, NULL),
(191, 'SIERRA LEONE', 'Sierra Leone', 'SL', 'SLE', 694, 232, NULL, NULL, NULL),
(192, 'SINGAPORE', 'Singapore', 'SG', 'SGP', 702, 65, NULL, NULL, NULL),
(193, 'SLOVAKIA', 'Slovakia', 'SK', 'SVK', 703, 421, NULL, NULL, NULL),
(194, 'SLOVENIA', 'Slovenia', 'SI', 'SVN', 705, 386, NULL, NULL, NULL),
(195, 'SOLOMON ISLANDS', 'Solomon Islands', 'SB', 'SLB', 90, 677, NULL, NULL, NULL),
(196, 'SOMALIA', 'Somalia', 'SO', 'SOM', 706, 252, NULL, NULL, NULL),
(197, 'SOUTH AFRICA', 'South Africa', 'ZA', 'ZAF', 710, 27, NULL, NULL, NULL),
(198, 'SOUTH GEORGIA AND THE SOUTH SANDWICH ISLANDS', 'South Georgia and the South Sandwich Islands', 'GS', '', 0, 0, NULL, NULL, NULL),
(199, 'SPAIN', 'Spain', 'ES', 'ESP', 724, 34, NULL, NULL, NULL),
(200, 'SRI LANKA', 'Sri Lanka', 'LK', 'LKA', 144, 94, NULL, NULL, NULL),
(201, 'SUDAN', 'Sudan', 'SD', 'SDN', 736, 249, NULL, NULL, NULL),
(202, 'SURINAME', 'Suriname', 'SR', 'SUR', 740, 597, NULL, NULL, NULL),
(203, 'SVALBARD AND JAN MAYEN', 'Svalbard and Jan Mayen', 'SJ', 'SJM', 744, 47, NULL, NULL, NULL),
(204, 'SWAZILAND', 'Swaziland', 'SZ', 'SWZ', 748, 268, NULL, NULL, NULL),
(205, 'SWEDEN', 'Sweden', 'SE', 'SWE', 752, 46, NULL, NULL, NULL),
(206, 'SWITZERLAND', 'Switzerland', 'CH', 'CHE', 756, 41, NULL, NULL, NULL),
(207, 'SYRIAN ARAB REPUBLIC', 'Syrian Arab Republic', 'SY', 'SYR', 760, 963, NULL, NULL, NULL),
(208, 'TAIWAN, PROVINCE OF CHINA', 'Taiwan, Province of China', 'TW', 'TWN', 158, 886, NULL, NULL, NULL),
(209, 'TAJIKISTAN', 'Tajikistan', 'TJ', 'TJK', 762, 992, NULL, NULL, NULL),
(210, 'TANZANIA, UNITED REPUBLIC OF', 'Tanzania, United Republic of', 'TZ', 'TZA', 834, 255, NULL, NULL, NULL),
(211, 'THAILAND', 'Thailand', 'TH', 'THA', 764, 66, NULL, NULL, NULL),
(212, 'TIMOR-LESTE', 'Timor-Leste', 'TL', '', 0, 670, NULL, NULL, NULL),
(213, 'TOGO', 'Togo', 'TG', 'TGO', 768, 228, NULL, NULL, NULL),
(214, 'TOKELAU', 'Tokelau', 'TK', 'TKL', 772, 690, NULL, NULL, NULL),
(215, 'TONGA', 'Tonga', 'TO', 'TON', 776, 676, NULL, NULL, NULL),
(216, 'TRINIDAD AND TOBAGO', 'Trinidad and Tobago', 'TT', 'TTO', 780, 1868, NULL, NULL, NULL),
(217, 'TUNISIA', 'Tunisia', 'TN', 'TUN', 788, 216, NULL, NULL, NULL),
(218, 'TURKEY', 'Turkey', 'TR', 'TUR', 792, 90, NULL, NULL, NULL),
(219, 'TURKMENISTAN', 'Turkmenistan', 'TM', 'TKM', 795, 7370, NULL, NULL, NULL),
(220, 'TURKS AND CAICOS ISLANDS', 'Turks and Caicos Islands', 'TC', 'TCA', 796, 1649, NULL, NULL, NULL),
(221, 'TUVALU', 'Tuvalu', 'TV', 'TUV', 798, 688, NULL, NULL, NULL),
(222, 'UGANDA', 'Uganda', 'UG', 'UGA', 800, 256, NULL, NULL, NULL),
(223, 'UKRAINE', 'Ukraine', 'UA', 'UKR', 804, 380, NULL, NULL, NULL),
(224, 'UNITED ARAB EMIRATES', 'United Arab Emirates', 'AE', 'ARE', 784, 971, NULL, NULL, NULL),
(225, 'UNITED KINGDOM', 'United Kingdom', 'GB', 'GBR', 826, 44, NULL, NULL, NULL),
(226, 'UNITED STATES', 'United States', 'US', 'USA', 840, 1, NULL, NULL, NULL),
(227, 'UNITED STATES MINOR OUTLYING ISLANDS', 'United States Minor Outlying Islands', 'UM', '', 0, 1, NULL, NULL, NULL),
(228, 'URUGUAY', 'Uruguay', 'UY', 'URY', 858, 598, NULL, NULL, NULL),
(229, 'UZBEKISTAN', 'Uzbekistan', 'UZ', 'UZB', 860, 998, NULL, NULL, NULL),
(230, 'VANUATU', 'Vanuatu', 'VU', 'VUT', 548, 678, NULL, NULL, NULL),
(231, 'VENEZUELA', 'Venezuela', 'VE', 'VEN', 862, 58, NULL, NULL, NULL),
(232, 'VIET NAM', 'Viet Nam', 'VN', 'VNM', 704, 84, NULL, NULL, NULL),
(233, 'VIRGIN ISLANDS, BRITISH', 'Virgin Islands, British', 'VG', 'VGB', 92, 1284, NULL, NULL, NULL),
(234, 'VIRGIN ISLANDS, U.S.', 'Virgin Islands, U.s.', 'VI', 'VIR', 850, 1340, NULL, NULL, NULL),
(235, 'WALLIS AND FUTUNA', 'Wallis and Futuna', 'WF', 'WLF', 876, 681, NULL, NULL, NULL),
(236, 'WESTERN SAHARA', 'Western Sahara', 'EH', 'ESH', 732, 212, NULL, NULL, NULL),
(237, 'YEMEN', 'Yemen', 'YE', 'YEM', 887, 967, NULL, NULL, NULL),
(238, 'ZAMBIA', 'Zambia', 'ZM', 'ZMB', 894, 260, NULL, NULL, NULL),
(239, 'ZIMBABWE', 'Zimbabwe', 'ZW', 'ZWE', 716, 263, NULL, NULL, NULL),
(242, 'مصر', NULL, NULL, NULL, NULL, 20, NULL, NULL, NULL),
(243, 'المملكة العربية السعودية', NULL, NULL, NULL, NULL, 966, NULL, NULL, NULL),
(244, 'الإمارات العربية المتحدة', NULL, NULL, NULL, NULL, 971, NULL, NULL, NULL);

-- --------------------------------------------------------

--
-- Table structure for table `customers`
--

CREATE TABLE `customers` (
  `id` bigint(20) UNSIGNED NOT NULL,
  `name` varchar(255) DEFAULT NULL,
  `mobile` varchar(255) DEFAULT NULL,
  `mobile2` varchar(255) DEFAULT NULL,
  `email` varchar(255) DEFAULT NULL,
  `company_name` varchar(255) DEFAULT NULL,
  `notes` varchar(255) DEFAULT NULL,
  `gender` varchar(255) DEFAULT NULL,
  `birth_date` date DEFAULT NULL,
  `national_id` varchar(255) DEFAULT NULL,
  `city_id` bigint(20) UNSIGNED DEFAULT NULL,
  `area_id` bigint(20) UNSIGNED DEFAULT NULL,
  `contact_source_id` bigint(20) UNSIGNED DEFAULT NULL,
  `contact_category_id` bigint(20) UNSIGNED DEFAULT NULL,
  `job_title_id` bigint(20) UNSIGNED DEFAULT NULL,
  `industry_id` bigint(20) UNSIGNED DEFAULT NULL,
  `major_id` bigint(20) UNSIGNED DEFAULT NULL,
  `parent_id` bigint(20) UNSIGNED DEFAULT NULL,
  `activity_id` bigint(20) UNSIGNED DEFAULT NULL,
  `branch_id` bigint(20) UNSIGNED DEFAULT NULL,
  `firebase_token` varchar(255) DEFAULT NULL,
  `created_by` bigint(20) UNSIGNED DEFAULT NULL,
  `deleted_at` timestamp NULL DEFAULT NULL,
  `created_at` timestamp NULL DEFAULT NULL,
  `updated_at` timestamp NULL DEFAULT NULL,
  `password` varchar(255) DEFAULT NULL,
  `code` varchar(255) DEFAULT NULL,
  `address` varchar(255) DEFAULT NULL,
  `religion` enum('muslim','christian','other') DEFAULT NULL,
  `interest_id` bigint(20) UNSIGNED DEFAULT NULL
) ENGINE=InnoDB DEFAULT CHARSET=utf8mb4 COLLATE=utf8mb4_unicode_ci;

--
-- Dumping data for table `customers`
--

INSERT INTO `customers` (`id`, `name`, `mobile`, `mobile2`, `email`, `company_name`, `notes`, `gender`, `birth_date`, `national_id`, `city_id`, `area_id`, `contact_source_id`, `contact_category_id`, `job_title_id`, `industry_id`, `major_id`, `parent_id`, `activity_id`, `branch_id`, `firebase_token`, `created_by`, `deleted_at`, `created_at`, `updated_at`, `password`, `code`, `address`, `religion`, `interest_id`) VALUES
(8, 'Ahmed Nabil', '01016856433', NULL, 'ahmednassag@dsadasdas.com', NULL, NULL, 'Male', '2024-07-18', NULL, 1, NULL, 1, 1, 2, 1, 1, NULL, 1, 1, NULL, 1, NULL, '2024-02-06 09:44:09', '2024-07-14 13:17:48', '$2y$10$TJxG2hlALGigk2d6CwLjW.MR0/Mp8MOUXI9fdsdQIGrraDWomIL5e', '01/24/000001', NULL, 'muslim', NULL),
(9, 'احمد ابراهيم', '01234567892', NULL, 'ahmednassag@gmail.com', NULL, 'عميل مهم جدااااااا', 'Male', '2024-07-18', NULL, 3, 117, 2, 1, NULL, 1, 1, NULL, 1, 2, '12345678', 1, NULL, '2024-02-13 09:20:48', '2024-04-23 09:22:05', '$2y$10$zE1wvKTZwYO8DeaGFYOjO.6bEJ8ZjCvtMwc8wxCAvUuUnWLGmFb0q', NULL, NULL, NULL, NULL),
(10, 'Related client', '0123456786x', NULL, '', NULL, NULL, 'Male', NULL, '', 1, 1, 1, 1, 1, 1, 1, 9, 1, NULL, NULL, 1, '2024-07-14 13:01:15', '2024-03-15 00:08:50', '2024-07-14 13:01:15', NULL, NULL, NULL, NULL, NULL),
(11, 'محمد علي', '01156879716x', '8888', 'rrrrrr@gmail.comx', 'frhh', 'ccbb', 'Male', '2000-01-01', '22555x', 9, 204, 1, NULL, 3, NULL, NULL, NULL, NULL, 2, NULL, 1, '2024-07-14 13:01:15', '2024-04-23 08:45:53', '2024-07-14 13:01:15', NULL, NULL, NULL, NULL, NULL),
(12, 'contact 2', '2024-11-20', NULL, 'contact2@email.com', NULL, '', NULL, NULL, NULL, NULL, NULL, 2, NULL, 11, NULL, 74, NULL, NULL, 2, NULL, 1, NULL, '2024-07-15 07:36:10', '2024-07-15 07:36:10', NULL, NULL, NULL, NULL, NULL),
(13, 'Christen Hobbs', '242344334', NULL, 'tuhiwyqal@mailinator.com', 'Eaton and Sims Trading', 'Commodi ad dolorem a', 'Male', '1997-07-09', NULL, NULL, NULL, 1, NULL, NULL, NULL, NULL, NULL, NULL, 2, NULL, 1, NULL, '2024-07-15 11:06:06', '2024-07-15 11:06:06', NULL, '00/24/000001', NULL, NULL, NULL),
(14, 'aaaaa', '222222', NULL, NULL, NULL, NULL, 'Male', NULL, NULL, NULL, NULL, 1, NULL, NULL, NULL, NULL, NULL, 1, 2, NULL, 1, NULL, '2024-07-15 11:38:21', '2024-07-15 11:38:21', NULL, '02/24/000001', NULL, 'muslim', 1),
(15, '121212121', '212112121212', NULL, NULL, NULL, NULL, 'Male', NULL, NULL, NULL, NULL, 1, NULL, NULL, NULL, NULL, 14, 2, 2, NULL, 1, NULL, '2024-07-15 13:46:33', '2024-07-15 13:47:26', NULL, '02/24/000002', NULL, 'muslim', NULL),
(16, '333333', '333333', NULL, NULL, NULL, NULL, 'Male', NULL, NULL, NULL, NULL, 7, NULL, NULL, NULL, NULL, 15, 1, 2, NULL, 1, NULL, '2024-07-15 13:47:59', '2024-07-15 13:47:59', NULL, '02/24/000003', NULL, 'muslim', 1),
(17, 'جهة الإتصال2', '010168564333', NULL, NULL, NULL, '', NULL, NULL, NULL, NULL, NULL, 1, NULL, NULL, NULL, NULL, NULL, 1, NULL, NULL, 1, NULL, '2024-07-15 14:25:50', '2024-07-15 14:25:50', NULL, NULL, NULL, NULL, NULL),
(18, 'abc', '123', NULL, NULL, NULL, '', NULL, NULL, NULL, NULL, NULL, 1, NULL, NULL, NULL, NULL, NULL, 1, NULL, NULL, 1, NULL, '2024-07-15 14:25:50', '2024-07-15 14:25:50', NULL, NULL, NULL, NULL, NULL),
(19, 'contact name', '01067222427', NULL, NULL, NULL, NULL, 'Male', NULL, NULL, NULL, NULL, 1, NULL, NULL, NULL, NULL, NULL, 2, 1, NULL, 1, NULL, '2024-07-15 14:25:50', '2024-07-16 09:58:24', NULL, '01/24/000002', NULL, 'muslim', 2);

-- --------------------------------------------------------

--
-- Table structure for table `customer_categories`
--

CREATE TABLE `customer_categories` (
  `id` bigint(20) UNSIGNED NOT NULL,
  `customer_category_id` bigint(20) UNSIGNED DEFAULT NULL,
  `customer_id` bigint(20) UNSIGNED DEFAULT NULL,
  `created_at` timestamp NULL DEFAULT NULL,
  `updated_at` timestamp NULL DEFAULT NULL,
  `deleted_at` timestamp NULL DEFAULT NULL
) ENGINE=InnoDB DEFAULT CHARSET=utf8mb4 COLLATE=utf8mb4_unicode_ci;

-- --------------------------------------------------------

--
-- Table structure for table `departments`
--

CREATE TABLE `departments` (
  `id` bigint(20) UNSIGNED NOT NULL,
  `name` varchar(255) DEFAULT NULL,
  `created_at` timestamp NULL DEFAULT NULL,
  `updated_at` timestamp NULL DEFAULT NULL,
  `deleted_at` timestamp NULL DEFAULT NULL
) ENGINE=InnoDB DEFAULT CHARSET=utf8mb4 COLLATE=utf8mb4_unicode_ci;

--
-- Dumping data for table `departments`
--

INSERT INTO `departments` (`id`, `name`, `created_at`, `updated_at`, `deleted_at`) VALUES
(1, 'التسويق', '2024-01-30 11:01:04', '2024-02-03 09:38:51', NULL),
(2, 'المبيعات', '2024-01-30 11:01:14', '2024-02-03 09:39:01', NULL),
(3, 'الادارة', '2024-02-03 09:39:15', '2024-02-03 09:39:15', NULL);

-- --------------------------------------------------------

--
-- Table structure for table `employees`
--

CREATE TABLE `employees` (
  `id` bigint(20) UNSIGNED NOT NULL,
  `name` varchar(255) DEFAULT NULL,
  `mobile` varchar(255) DEFAULT NULL,
  `email` varchar(255) DEFAULT NULL,
  `active` tinyint(1) DEFAULT 1,
  `has_branch_access` tinyint(1) DEFAULT 1,
  `dept` bigint(20) UNSIGNED DEFAULT NULL,
  `branch_id` bigint(20) UNSIGNED DEFAULT NULL,
  `created_at` timestamp NULL DEFAULT NULL,
  `updated_at` timestamp NULL DEFAULT NULL,
  `deleted_at` timestamp NULL DEFAULT NULL
) ENGINE=InnoDB DEFAULT CHARSET=utf8mb4 COLLATE=utf8mb4_unicode_ci;

--
-- Dumping data for table `employees`
--

INSERT INTO `employees` (`id`, `name`, `mobile`, `email`, `active`, `has_branch_access`, `dept`, `branch_id`, `created_at`, `updated_at`, `deleted_at`) VALUES
(1, 'Ahmed Nabil', '01016856433', 'ahmednassag@gmail.com', 1, 0, 1, 1, '2024-01-30 10:45:42', '2024-04-16 12:55:06', NULL),
(2, 'رنا محمد', '01148602531', 'rana@mv-is.com', 1, 1, 1, 1, '2024-01-30 11:02:05', '2024-02-03 09:38:08', NULL),
(3, 'وليد الكيلاني', '01119066040', 'ceo@mv-is.com', 1, 1, 3, 1, '2024-01-30 11:03:17', '2024-02-03 09:39:56', NULL),
(4, 'Ahmed Nabil', '01016856433', 'ahmednassag@gmail.com', 1, 1, NULL, NULL, '2024-02-14 09:16:17', '2024-02-14 09:16:17', NULL),
(5, 'ahmed', '0123456789', 'ahmed@email.com', 1, 0, 1, 1, '2024-05-12 06:34:02', '2024-05-12 06:34:02', NULL);

-- --------------------------------------------------------

--
-- Table structure for table `employee_targets`
--

CREATE TABLE `employee_targets` (
  `id` bigint(20) UNSIGNED NOT NULL,
  `month` varchar(255) DEFAULT NULL,
  `target_amount` decimal(10,2) DEFAULT NULL,
  `target_meeting` int(11) DEFAULT NULL,
  `employee_id` bigint(20) UNSIGNED DEFAULT NULL,
  `created_at` timestamp NULL DEFAULT NULL,
  `updated_at` timestamp NULL DEFAULT NULL,
  `deleted_at` timestamp NULL DEFAULT NULL
) ENGINE=InnoDB DEFAULT CHARSET=utf8mb4 COLLATE=utf8mb4_unicode_ci;

--
-- Dumping data for table `employee_targets`
--

INSERT INTO `employee_targets` (`id`, `month`, `target_amount`, `target_meeting`, `employee_id`, `created_at`, `updated_at`, `deleted_at`) VALUES
(1, 'Jan', 1000.00, 10, 1, '2024-01-30 11:03:42', '2024-01-30 11:03:42', NULL),
(2, 'Jan', 1000.00, 10, 2, '2024-01-30 11:04:09', '2024-01-30 11:04:09', NULL),
(3, 'Feb', 2000.00, 20, 3, '2024-01-30 11:04:46', '2024-01-30 11:04:46', NULL),
(4, 'Mar', 1000000.00, 50, 1, '2024-02-01 17:09:55', '2024-02-01 17:09:55', NULL),
(5, 'Feb-2024', 1100000.00, 150, 2, '2024-02-09 16:39:18', '2024-02-09 16:39:18', NULL),
(6, 'Mar-2024', 1500000.00, 150, 2, '2024-02-13 09:06:22', '2024-02-13 09:06:22', NULL),
(7, 'Mar-2024', 200000.00, 200, 2, '2024-02-26 15:46:26', '2024-02-26 15:46:26', NULL),
(8, 'Jul-2024', 30.00, 30, 1, '2024-07-23 07:07:38', '2024-07-23 07:07:38', NULL);

-- --------------------------------------------------------

--
-- Table structure for table `failed_jobs`
--

CREATE TABLE `failed_jobs` (
  `id` bigint(20) UNSIGNED NOT NULL,
  `uuid` varchar(255) NOT NULL,
  `connection` text NOT NULL,
  `queue` text NOT NULL,
  `payload` longtext NOT NULL,
  `exception` longtext NOT NULL,
  `failed_at` timestamp NOT NULL DEFAULT current_timestamp()
) ENGINE=InnoDB DEFAULT CHARSET=utf8mb4 COLLATE=utf8mb4_unicode_ci;

-- --------------------------------------------------------

--
-- Table structure for table `industries`
--

CREATE TABLE `industries` (
  `id` bigint(20) UNSIGNED NOT NULL,
  `name` varchar(255) DEFAULT NULL,
  `created_at` timestamp NULL DEFAULT NULL,
  `updated_at` timestamp NULL DEFAULT NULL,
  `deleted_at` timestamp NULL DEFAULT NULL
) ENGINE=InnoDB DEFAULT CHARSET=utf8mb4 COLLATE=utf8mb4_unicode_ci;

--
-- Dumping data for table `industries`
--

INSERT INTO `industries` (`id`, `name`, `created_at`, `updated_at`, `deleted_at`) VALUES
(1, 'الجهات السيادية', '2024-01-30 10:58:37', '2024-02-02 13:47:53', NULL),
(2, 'الهندسة والمقاولات', '2024-01-30 10:58:49', '2024-02-02 13:48:37', NULL),
(3, 'قطاع طبي', '2024-02-08 15:04:28', '2024-02-08 15:04:28', NULL),
(4, 'ادارة', '2024-02-08 15:05:02', '2024-02-08 15:05:02', NULL),
(5, 'تكنولوجيا المعلومات', NULL, NULL, NULL),
(6, 'الرعاية الصحية', NULL, NULL, NULL),
(7, 'الماليات', NULL, NULL, NULL),
(8, 'المعمار', NULL, NULL, NULL),
(9, 'التعليم', NULL, NULL, NULL),
(10, 'السياحة', NULL, NULL, NULL),
(11, 'السيارات', NULL, NULL, NULL),
(12, 'التجارة', NULL, NULL, NULL),
(13, 'الاتصالات', NULL, NULL, NULL),
(14, 'التصنيع', NULL, NULL, NULL),
(15, 'الطاقة والبتروكيماويات', NULL, NULL, NULL),
(16, 'الصناعات الغذائية', NULL, NULL, NULL),
(17, 'الطباعة والنشر', NULL, NULL, NULL),
(18, 'الأبحاث والتطوير', NULL, NULL, NULL),
(19, 'الفنون والتصميم', NULL, NULL, NULL),
(20, 'الترفيه والفنون الإبداعية', NULL, NULL, NULL),
(21, 'الأمن والدفاع', NULL, NULL, NULL),
(23, '', '2024-07-15 07:10:04', '2024-07-15 07:10:04', NULL);

-- --------------------------------------------------------

--
-- Table structure for table `interests`
--

CREATE TABLE `interests` (
  `id` bigint(20) UNSIGNED NOT NULL,
  `name` varchar(255) DEFAULT NULL,
  `activity_id` bigint(20) UNSIGNED DEFAULT NULL,
  `created_at` timestamp NULL DEFAULT NULL,
  `updated_at` timestamp NULL DEFAULT NULL,
  `deleted_at` timestamp NULL DEFAULT NULL
) ENGINE=InnoDB DEFAULT CHARSET=utf8mb4 COLLATE=utf8mb4_unicode_ci;

--
-- Dumping data for table `interests`
--

INSERT INTO `interests` (`id`, `name`, `activity_id`, `created_at`, `updated_at`, `deleted_at`) VALUES
(1, 'حج 2024', 1, '2024-01-30 10:58:11', '2024-02-02 13:46:21', NULL),
(2, 'اسوان', 2, '2024-01-30 10:58:23', '2024-02-02 13:46:38', NULL),
(3, 'حج مباشر 2024', 1, '2024-02-08 12:07:59', '2024-02-08 12:07:59', NULL),
(4, 'شهر العسل', 7, '2024-02-13 09:01:17', '2024-02-13 09:01:17', NULL),
(5, 'باكتا كير', 8, '2024-02-26 15:44:08', '2024-02-26 15:44:08', NULL);

-- --------------------------------------------------------

--
-- Table structure for table `interest_meeting`
--

CREATE TABLE `interest_meeting` (
  `id` bigint(20) UNSIGNED NOT NULL,
  `interest_id` bigint(20) UNSIGNED DEFAULT NULL,
  `meeting_id` bigint(20) UNSIGNED DEFAULT NULL,
  `created_at` timestamp NULL DEFAULT NULL,
  `updated_at` timestamp NULL DEFAULT NULL
) ENGINE=InnoDB DEFAULT CHARSET=utf8mb4 COLLATE=utf8mb4_unicode_ci;

--
-- Dumping data for table `interest_meeting`
--

INSERT INTO `interest_meeting` (`id`, `interest_id`, `meeting_id`, `created_at`, `updated_at`) VALUES
(1, 3, 9, NULL, NULL),
(2, 1, 10, NULL, NULL),
(3, 2, 11, NULL, NULL),
(4, 3, 12, NULL, NULL),
(5, 1, 13, NULL, NULL),
(6, 1, 16, NULL, NULL),
(7, 1, 17, NULL, NULL),
(8, 1, 18, NULL, NULL),
(9, 1, 19, NULL, NULL),
(10, 1, 20, NULL, NULL),
(11, 1, 21, NULL, NULL),
(12, 1, 22, NULL, NULL),
(13, 1, 23, NULL, NULL),
(14, 1, 24, NULL, NULL),
(15, 1, 25, NULL, NULL),
(16, 1, 26, NULL, NULL),
(17, 1, 27, NULL, NULL),
(18, 1, 28, NULL, NULL),
(19, 1, 29, NULL, NULL),
(20, 1, 30, NULL, NULL),
(21, 1, 31, NULL, NULL),
(22, 1, 32, NULL, NULL),
(23, 1, 38, NULL, NULL),
(24, 1, 39, NULL, NULL),
(25, 1, 40, NULL, NULL),
(26, 1, 41, NULL, NULL),
(27, 1, 42, NULL, NULL),
(28, 1, 43, NULL, NULL),
(29, 1, 44, NULL, NULL),
(30, 1, 45, NULL, NULL),
(31, 1, 46, NULL, NULL),
(32, 1, 47, NULL, NULL),
(33, 1, 48, NULL, NULL),
(34, 1, 49, NULL, NULL),
(35, 1, 50, NULL, NULL),
(36, 1, 51, NULL, NULL),
(37, 1, 52, NULL, NULL),
(38, 1, 53, NULL, NULL),
(39, 1, 54, NULL, NULL),
(40, 1, 55, NULL, NULL),
(41, 1, 56, NULL, NULL);

-- --------------------------------------------------------

--
-- Table structure for table `invoices`
--

CREATE TABLE `invoices` (
  `id` bigint(20) UNSIGNED NOT NULL,
  `invoice_number` varchar(255) DEFAULT NULL,
  `invoice_date` date DEFAULT NULL,
  `total_amount` decimal(10,2) DEFAULT NULL,
  `amount_paid` decimal(10,2) DEFAULT NULL,
  `debt` decimal(10,2) DEFAULT NULL,
  `description` text DEFAULT NULL,
  `status` enum('draft','sent','paid','void') DEFAULT 'void',
  `customer_id` bigint(20) UNSIGNED DEFAULT 1,
  `activity_id` bigint(20) UNSIGNED DEFAULT 1,
  `interest_id` bigint(20) UNSIGNED DEFAULT 1,
  `created_by` bigint(20) UNSIGNED DEFAULT 1,
  `created_at` timestamp NULL DEFAULT NULL,
  `updated_at` timestamp NULL DEFAULT NULL
) ENGINE=InnoDB DEFAULT CHARSET=utf8mb4 COLLATE=utf8mb4_unicode_ci;

--
-- Dumping data for table `invoices`
--

INSERT INTO `invoices` (`id`, `invoice_number`, `invoice_date`, `total_amount`, `amount_paid`, `debt`, `description`, `status`, `customer_id`, `activity_id`, `interest_id`, `created_by`, `created_at`, `updated_at`) VALUES
(4, '102', '2024-02-06', 1500.00, 1500.00, 0.00, '545', 'paid', 8, 1, 1, 1, '2024-02-06 09:44:10', '2024-02-06 09:44:10'),
(5, '999', '2024-02-13', 60000.00, 20000.00, 40000.00, 'دفعة مقدمة تحت حساب حجز شهر العسل', 'draft', 9, 2, 2, 1, '2024-02-13 09:20:48', '2024-02-15 11:06:42'),
(10, '20240423', '2024-04-23', 5000.00, 3000.00, 2000.00, 'description', 'paid', 11, 1, 1, 1, '2024-04-23 10:30:22', '2024-04-23 10:30:22'),
(11, '20240423', '2024-04-23', 5000.00, 3000.00, 2000.00, 'description', 'paid', 11, 1, 1, 1, '2024-04-23 10:30:22', '2024-04-23 10:30:22'),
(12, '201193', '2024-07-15', 1000.00, 500.00, 500.00, 'desc', 'paid', 12, 2, 2, 1, '2024-07-15 07:36:10', '2024-07-15 07:36:10'),
(13, '123123', '2024-07-15', 5000.00, 3000.00, 2000.00, NULL, 'paid', 13, 1, 1, 1, '2024-07-15 11:06:06', '2024-07-15 11:06:06'),
(14, '728287', '2024-07-15', 0.00, 0.00, 0.00, '', 'paid', 17, 1, 1, 1, '2024-07-15 14:25:50', '2024-07-15 14:25:50'),
(15, '984307', '2024-07-15', 0.00, 0.00, 0.00, '', 'paid', 18, 1, 1, 1, '2024-07-15 14:25:50', '2024-07-15 14:25:50'),
(16, '862927', '2024-07-15', 0.00, 0.00, 0.00, '', 'paid', 19, 1, 1, 1, '2024-07-15 14:25:50', '2024-07-15 14:25:50');

-- --------------------------------------------------------

--
-- Table structure for table `job_titles`
--

CREATE TABLE `job_titles` (
  `id` bigint(20) UNSIGNED NOT NULL,
  `name` varchar(255) DEFAULT NULL,
  `created_at` timestamp NULL DEFAULT NULL,
  `updated_at` timestamp NULL DEFAULT NULL,
  `deleted_at` timestamp NULL DEFAULT NULL
) ENGINE=InnoDB DEFAULT CHARSET=utf8mb4 COLLATE=utf8mb4_unicode_ci;

--
-- Dumping data for table `job_titles`
--

INSERT INTO `job_titles` (`id`, `name`, `created_at`, `updated_at`, `deleted_at`) VALUES
(1, 'مهندس مدني', '2024-01-30 10:59:34', '2024-02-02 13:51:37', NULL),
(2, 'ظابط', '2024-01-30 10:59:44', '2024-02-02 13:51:51', NULL),
(3, 'مدير مبيعات', '2024-02-08 15:02:33', '2024-02-08 15:02:33', NULL),
(4, 'محاسب', '2024-02-08 15:02:39', '2024-02-08 15:02:39', NULL),
(5, 'مصمم جرافيك', '2024-02-08 15:02:46', '2024-02-08 15:02:46', NULL),
(6, 'دكتور عيون', '2024-02-08 15:02:58', '2024-02-08 15:02:58', NULL),
(7, 'دكتور نساء', '2024-02-08 15:03:06', '2024-02-08 15:03:06', NULL),
(8, 'صاحب شركة', '2024-02-08 15:03:31', '2024-02-08 15:03:31', NULL),
(11, 'Male', '2024-07-15 07:02:53', '2024-07-15 07:02:53', NULL),
(12, '', '2024-07-15 07:02:53', '2024-07-15 07:02:53', NULL),
(13, 'manager opra', '2024-07-17 08:44:16', '2024-07-17 08:44:16', NULL),
(14, 'director', '2024-07-17 08:44:16', '2024-07-17 08:44:16', NULL),
(15, 'mice director', '2024-07-17 08:44:16', '2024-07-17 08:44:16', NULL),
(16, 'opra tour', '2024-07-17 08:44:16', '2024-07-17 08:44:16', NULL),
(17, 'ceo', '2024-07-17 08:44:16', '2024-07-17 08:44:16', NULL),
(18, 'director utama', '2024-07-17 08:44:16', '2024-07-17 08:44:16', NULL),
(19, 'suprvr', '2024-07-17 08:44:16', '2024-07-17 08:44:16', NULL),
(20, 'div umroh hajj', '2024-07-17 08:44:16', '2024-07-17 08:44:16', NULL),
(21, 'accounting', '2024-07-17 08:44:16', '2024-07-17 08:44:16', NULL),
(22, 'reservation agent', '2024-07-17 08:44:16', '2024-07-17 08:44:16', NULL),
(23, 'accounting - director', '2024-07-17 08:44:16', '2024-07-17 08:44:16', NULL),
(24, 'marketing manager', '2024-07-17 08:44:16', '2024-07-17 08:44:16', NULL),
(25, 'owner', '2024-07-17 08:44:16', '2024-07-17 08:44:16', NULL),
(26, 'staff', '2024-07-17 08:44:16', '2024-07-17 08:44:16', NULL),
(27, 'product&ticketing', '2024-07-17 08:44:16', '2024-07-17 08:44:16', NULL),
(28, 'director sales', '2024-07-17 08:44:16', '2024-07-17 08:44:16', NULL),
(29, 'wakil director utama', '2024-07-17 08:44:16', '2024-07-17 08:44:16', NULL),
(30, 'oprasional', '2024-07-17 08:44:16', '2024-07-17 08:44:16', NULL),
(31, 'finance', '2024-07-17 08:44:16', '2024-07-17 08:44:16', NULL),
(32, 'reservation', '2024-07-17 08:44:16', '2024-07-17 08:44:16', NULL),
(33, 'direktur', '2024-07-17 08:44:16', '2024-07-17 08:44:16', NULL),
(34, 'director of general affairs', '2024-07-17 08:44:16', '2024-07-17 08:44:16', NULL),
(35, 'general manager', '2024-07-17 08:44:16', '2024-07-17 08:44:16', NULL),
(36, 'director cabang', '2024-07-17 08:44:16', '2024-07-17 08:44:16', NULL),
(37, 'sales maneger', '2024-07-17 08:44:16', '2024-07-17 08:44:16', NULL),
(38, 'regional director of sales', '2024-07-17 08:44:16', '2024-07-17 08:44:16', NULL),
(39, 'business manager', '2024-07-17 08:44:16', '2024-07-17 08:44:16', NULL),
(40, 'project manager', '2024-07-17 08:44:16', '2024-07-17 08:44:16', NULL),
(41, 'sales manager', '2024-07-17 08:44:16', '2024-07-17 08:44:16', NULL),
(42, 'business dev', '2024-07-17 08:44:16', '2024-07-17 08:44:16', NULL),
(43, 'tour and product', '2024-07-17 08:44:16', '2024-07-17 08:44:16', NULL),
(44, 'ganeral manager', '2024-07-17 08:44:16', '2024-07-17 08:44:16', NULL),
(45, 'travel consultant', '2024-07-17 08:44:16', '2024-07-17 08:44:16', NULL),
(46, 'manager', '2024-07-17 08:44:16', '2024-07-17 08:44:16', NULL),
(47, 'umroh hajj dept', '2024-07-17 08:44:16', '2024-07-17 08:44:16', NULL),
(48, 'pembimbing ibadah', '2024-07-17 08:44:16', '2024-07-17 08:44:16', NULL),
(49, 'manager director', '2024-07-17 08:44:16', '2024-07-17 08:44:16', NULL),
(50, 'president director', '2024-07-17 08:44:16', '2024-07-17 08:44:16', NULL),
(51, 'religious umroh', '2024-07-17 08:44:16', '2024-07-17 08:44:16', NULL),
(52, 'assistant sales manager', '2024-07-17 08:44:16', '2024-07-17 08:44:16', NULL),
(53, 'opra manager', '2024-07-17 08:44:16', '2024-07-17 08:44:16', NULL),
(54, 'marketing - direktour', '2024-07-17 08:44:16', '2024-07-17 08:44:16', NULL),
(55, 'direktor', '2024-07-17 08:44:16', '2024-07-17 08:44:16', NULL),
(56, 'sales', '2024-07-17 08:44:16', '2024-07-17 08:44:16', NULL),
(57, 'visa team', '2024-07-17 08:44:16', '2024-07-17 08:44:16', NULL),
(58, 'technical -customer relation', '2024-07-17 08:44:16', '2024-07-17 08:44:16', NULL),
(59, 'marketing', '2024-07-17 08:44:16', '2024-07-17 08:44:16', NULL),
(60, 'direktor utama', '2024-07-17 08:44:16', '2024-07-17 08:44:16', NULL),
(61, 'direktur utama', '2024-07-17 08:44:16', '2024-07-17 08:44:16', NULL),
(62, 'oprasional director', '2024-07-17 08:44:16', '2024-07-17 08:44:16', NULL),
(63, 'head product', '2024-07-17 08:44:16', '2024-07-17 08:44:16', NULL),
(64, 'manager oprasional', '2024-07-17 08:44:16', '2024-07-17 08:44:16', NULL),
(65, 'divisi marketing', '2024-07-17 08:44:16', '2024-07-17 08:44:16', NULL),
(66, 'tecketing', '2024-07-17 08:44:16', '2024-07-17 08:44:16', NULL),
(67, 'ceo nursa', '2024-07-17 08:44:16', '2024-07-17 08:44:16', NULL),
(68, 'dev product', '2024-07-17 08:44:16', '2024-07-17 08:44:16', NULL),
(69, 'ticketing', '2024-07-17 08:44:16', '2024-07-17 08:44:16', NULL),
(70, 'manager umroh haji', '2024-07-17 08:44:16', '2024-07-17 08:44:16', NULL),
(71, 'co founder', '2024-07-17 08:44:16', '2024-07-17 08:44:16', NULL),
(72, 'umrah haji division', '2024-07-17 08:44:16', '2024-07-17 08:44:16', NULL),
(73, 'g.m', '2024-07-17 08:44:16', '2024-07-17 08:44:16', NULL),
(74, 'spv product opration umroh', '2024-07-17 08:44:16', '2024-07-17 08:44:16', NULL),
(75, 'manager keuangan', '2024-07-17 08:44:16', '2024-07-17 08:44:16', NULL),
(76, 'tiketing', '2024-07-17 08:44:16', '2024-07-17 08:44:16', NULL),
(77, 'sekertaris', '2024-07-17 08:44:16', '2024-07-17 08:44:16', NULL),
(78, 'mnager drektor', '2024-07-17 08:44:16', '2024-07-17 08:44:16', NULL),
(79, 'direkror', '2024-07-17 08:44:16', '2024-07-17 08:44:16', NULL),
(80, 'komisaris utama', '2024-07-17 08:44:16', '2024-07-17 08:44:16', NULL),
(81, 'drektor utama', '2024-07-17 08:44:16', '2024-07-17 08:44:16', NULL),
(82, 'perwakilan bekasi', '2024-07-17 08:44:16', '2024-07-17 08:44:16', NULL),
(83, 'direktor oprasional', '2024-07-17 08:44:16', '2024-07-17 08:44:16', NULL),
(84, 'acconting', '2024-07-17 08:44:16', '2024-07-17 08:44:16', NULL),
(85, 'central manager', '2024-07-17 08:44:16', '2024-07-17 08:44:16', NULL),
(86, 'div haji & perizinan', '2024-07-17 08:44:16', '2024-07-17 08:44:16', NULL),
(87, 'managing director', '2024-07-17 08:44:16', '2024-07-17 08:44:16', NULL),
(88, 'chief executive officer', '2024-07-17 08:44:16', '2024-07-17 08:44:16', NULL),
(89, 'manager marketing', '2024-07-17 08:44:16', '2024-07-17 08:44:16', NULL),
(90, 'directur utama', '2024-07-17 08:44:16', '2024-07-17 08:44:16', NULL),
(91, 'reservation staff', '2024-07-17 08:44:16', '2024-07-17 08:44:16', NULL),
(92, 'oprations directore', '2024-07-17 08:44:16', '2024-07-17 08:44:16', NULL),
(93, 'komisaris', '2024-07-17 08:44:16', '2024-07-17 08:44:16', NULL),
(94, 'rirektur utama', '2024-07-17 08:44:16', '2024-07-17 08:44:16', NULL),
(95, 'derectur utama', '2024-07-17 08:44:16', '2024-07-17 08:44:16', NULL),
(96, 'sales executive', '2024-07-17 08:44:16', '2024-07-17 08:44:16', NULL),
(97, 'directur', '2024-07-17 08:44:16', '2024-07-17 08:44:16', NULL),
(98, 'direcute oprational', '2024-07-17 08:44:16', '2024-07-17 08:44:16', NULL),
(99, 'manager operational', '2024-07-17 08:44:16', '2024-07-17 08:44:16', NULL),
(100, 'commissoner', '2024-07-17 08:44:16', '2024-07-17 08:44:16', NULL),
(101, 'administration', '2024-07-17 08:44:16', '2024-07-17 08:44:16', NULL),
(102, 'marketing export', '2024-07-17 08:44:16', '2024-07-17 08:44:16', NULL),
(103, 'sales &opration', '2024-07-17 08:44:16', '2024-07-17 08:44:16', NULL),
(104, 'manager oprational', '2024-07-17 08:44:16', '2024-07-17 08:44:16', NULL),
(105, 'sales excecutive', '2024-07-17 08:44:16', '2024-07-17 08:44:16', NULL),
(106, 'umrah &haji dept', '2024-07-17 08:44:16', '2024-07-17 08:44:16', NULL),
(107, 'marketing division', '2024-07-17 08:44:16', '2024-07-17 08:44:16', NULL),
(108, 'oprations manager', '2024-07-17 08:44:16', '2024-07-17 08:44:16', NULL),
(109, 'perident director', '2024-07-17 08:44:16', '2024-07-17 08:44:16', NULL),
(110, 'directur pemasaran', '2024-07-17 08:44:16', '2024-07-17 08:44:16', NULL),
(111, 'manager pemasaran', '2024-07-17 08:44:17', '2024-07-17 08:44:17', NULL),
(112, 'Finance & Administrastion', '2024-07-17 08:44:17', '2024-07-17 08:44:17', NULL),
(113, 'Chef Product & Ticketing Officer', '2024-07-17 08:44:17', '2024-07-17 08:44:17', NULL),
(114, 'Operational Manager', '2024-07-17 08:44:17', '2024-07-17 08:44:17', NULL),
(115, 'Senior Manager', '2024-07-17 08:44:17', '2024-07-17 08:44:17', NULL),
(116, 'Rervasise', '2024-07-17 08:44:17', '2024-07-17 08:44:17', NULL),
(117, 'Reservasi', '2024-07-17 08:44:17', '2024-07-17 08:44:17', NULL),
(118, 'Bendahara Umum', '2024-07-17 08:44:17', '2024-07-17 08:44:17', NULL),
(119, 'Huan Capital &', '2024-07-17 08:44:17', '2024-07-17 08:44:17', NULL),
(120, 'General Affairs', '2024-07-17 08:44:17', '2024-07-17 08:44:17', NULL),
(121, 'Haji Operasion Advisor', '2024-07-17 08:44:17', '2024-07-17 08:44:17', NULL),
(122, 'Sales & Marketing', '2024-07-17 08:44:17', '2024-07-17 08:44:17', NULL),
(123, 'Ketua Umum ASPURI', '2024-07-17 08:44:17', '2024-07-17 08:44:17', NULL),
(124, 'CEO/Owner PATRIA GROUP', '2024-07-17 08:44:17', '2024-07-17 08:44:17', NULL),
(125, 'Reception', '2024-07-17 08:44:17', '2024-07-17 08:44:17', NULL),
(126, 'Sales & Marketing Executive', '2024-07-17 08:44:17', '2024-07-17 08:44:17', NULL),
(127, 'Marketing/Creative Marketing', '2024-07-17 08:44:17', '2024-07-17 08:44:17', NULL),
(128, 'Director of Sales MICE &', '2024-07-17 08:44:17', '2024-07-17 08:44:17', NULL),
(129, 'Wedding', '2024-07-17 08:44:17', '2024-07-17 08:44:17', NULL),
(130, 'Head director', '2024-07-17 08:44:17', '2024-07-17 08:44:17', NULL),
(131, 'Manager Departemen Reservasi', '2024-07-17 08:44:17', '2024-07-17 08:44:17', NULL),
(132, 'Presiden Director', '2024-07-17 08:44:17', '2024-07-17 08:44:17', NULL),
(133, 'Businees Development', '2024-07-17 08:44:17', '2024-07-17 08:44:17', NULL),
(134, 'Manager Principal', '2024-07-17 08:44:17', '2024-07-17 08:44:17', NULL),
(135, 'Founder, Preident & Group', '2024-07-17 08:44:17', '2024-07-17 08:44:17', NULL),
(136, 'Operation handeling & Visa &', '2024-07-17 08:44:17', '2024-07-17 08:44:17', NULL),
(137, 'Transportaion Manager', '2024-07-17 08:44:17', '2024-07-17 08:44:17', NULL),
(138, 'Staff Handling', '2024-07-17 08:44:17', '2024-07-17 08:44:17', NULL),
(139, 'Co - Founder', '2024-07-17 08:44:17', '2024-07-17 08:44:17', NULL),
(140, 'Technical', '2024-07-17 08:44:17', '2024-07-17 08:44:17', NULL),
(141, 'Tour Department', '2024-07-17 08:44:17', '2024-07-17 08:44:17', NULL),
(142, 'Operation Manager', '2024-07-17 08:44:17', '2024-07-17 08:44:17', NULL),
(143, 'Operasional Manager', '2024-07-17 08:44:17', '2024-07-17 08:44:17', NULL),
(144, 'Marketing & businness', '2024-07-17 08:44:17', '2024-07-17 08:44:17', NULL),
(145, 'Development Manager', '2024-07-17 08:44:17', '2024-07-17 08:44:17', NULL),
(146, 'Direktur Operasional', '2024-07-17 08:44:17', '2024-07-17 08:44:17', NULL),
(147, 'Public Relation &', '2024-07-17 08:44:17', '2024-07-17 08:44:17', NULL),
(148, 'General Affair', '2024-07-17 08:44:17', '2024-07-17 08:44:17', NULL),
(149, 'Key Account Director Holy', '2024-07-17 08:44:17', '2024-07-17 08:44:17', NULL),
(150, 'Destination - KSA', '2024-07-17 08:44:17', '2024-07-17 08:44:17', NULL),
(151, 'Director of Sales', '2024-07-17 08:44:17', '2024-07-17 08:44:17', NULL),
(152, 'Sales Engeineer', '2024-07-17 08:44:17', '2024-07-17 08:44:17', NULL),
(153, 'Assist Sales Manager', '2024-07-17 08:44:17', '2024-07-17 08:44:17', NULL),
(154, 'Assists sales Manager', '2024-07-17 08:44:17', '2024-07-17 08:44:17', NULL),
(155, 'Senior Manager.', '2024-07-17 08:44:17', '2024-07-17 08:44:17', NULL),
(156, 'Preferred Relationship', '2024-07-17 08:44:17', '2024-07-17 08:44:17', NULL),
(157, 'senior Sales &', '2024-07-17 08:44:17', '2024-07-17 08:44:17', NULL),
(158, 'Business Development', '2024-07-17 08:44:17', '2024-07-17 08:44:17', NULL),
(159, 'Sales Associate', '2024-07-17 08:44:17', '2024-07-17 08:44:17', NULL),
(160, 'Trade &', '2024-07-17 08:44:17', '2024-07-17 08:44:17', NULL),
(161, 'Promotion Manager CHD', '2024-07-17 08:44:17', '2024-07-17 08:44:17', NULL),
(162, 'Teller', '2024-07-17 08:44:17', '2024-07-17 08:44:17', NULL),
(163, 'Teler', '2024-07-17 08:44:17', '2024-07-17 08:44:17', NULL),
(164, 'Sales Representative', '2024-07-17 08:44:17', '2024-07-17 08:44:17', NULL),
(165, 'Sekretaris Umum', '2024-07-17 08:44:17', '2024-07-17 08:44:17', NULL),
(166, 'Assistant Director Of Sales', '2024-07-17 08:44:17', '2024-07-17 08:44:17', NULL),
(167, 'Owner Commissioner', '2024-07-17 08:44:17', '2024-07-17 08:44:17', NULL),
(168, 'VP Organization Depelopment', '2024-07-17 08:44:17', '2024-07-17 08:44:17', NULL),
(169, 'Comemercial Manager (Sales) &', '2024-07-17 08:44:17', '2024-07-17 08:44:17', NULL),
(170, 'Marketing Department', '2024-07-17 08:44:17', '2024-07-17 08:44:17', NULL),
(171, 'Corporate Businees Division', '2024-07-17 08:44:17', '2024-07-17 08:44:17', NULL),
(172, 'Branch Manager', '2024-07-17 08:44:17', '2024-07-17 08:44:17', NULL),
(173, 'Senior Bussines Manager', '2024-07-17 08:44:17', '2024-07-17 08:44:17', NULL),
(174, 'Account Executive', '2024-07-17 08:44:17', '2024-07-17 08:44:17', NULL),
(175, 'Marketing Services', '2024-07-17 08:44:17', '2024-07-17 08:44:17', NULL),
(176, 'Management and Marketing', '2024-07-17 08:44:17', '2024-07-17 08:44:17', NULL),
(177, 'Consultan', '2024-07-17 08:44:17', '2024-07-17 08:44:17', NULL),
(178, 'Businees Development Manager', '2024-07-17 08:44:17', '2024-07-17 08:44:17', NULL),
(179, 'Sales Supervisor', '2024-07-17 08:44:17', '2024-07-17 08:44:17', NULL),
(180, 'Group Desk', '2024-07-17 08:44:17', '2024-07-17 08:44:17', NULL),
(181, 'Legal Officer', '2024-07-17 08:44:17', '2024-07-17 08:44:17', NULL),
(182, 'Admin Officer', '2024-07-17 08:44:17', '2024-07-17 08:44:17', NULL),
(183, 'Marketing Director', '2024-07-17 08:44:17', '2024-07-17 08:44:17', NULL),
(184, 'Sales ana Operation Executive', '2024-07-17 08:44:17', '2024-07-17 08:44:17', NULL),
(185, 'Senior Officer - Reservation', '2024-07-17 08:44:17', '2024-07-17 08:44:17', NULL),
(186, 'Takumi Consultant', '2024-07-17 08:44:17', '2024-07-17 08:44:17', NULL),
(187, 'Manager Operasional', '2024-07-17 08:44:17', '2024-07-17 08:44:17', NULL),
(188, 'Ketua Umum', '2024-07-17 08:44:17', '2024-07-17 08:44:17', NULL);

-- --------------------------------------------------------

--
-- Table structure for table `la_configs`
--

CREATE TABLE `la_configs` (
  `id` bigint(20) UNSIGNED NOT NULL,
  `key` varchar(255) DEFAULT NULL,
  `section` varchar(255) DEFAULT NULL,
  `value` text DEFAULT NULL,
  `created_at` timestamp NULL DEFAULT NULL,
  `updated_at` timestamp NULL DEFAULT NULL
) ENGINE=InnoDB DEFAULT CHARSET=utf8mb4 COLLATE=utf8mb4_unicode_ci;

--
-- Dumping data for table `la_configs`
--

INSERT INTO `la_configs` (`id`, `key`, `section`, `value`, `created_at`, `updated_at`) VALUES
(1, 'whatsapp_token', 'whatsapp_token', 'mt3hbohextp372bg', NULL, NULL),
(2, 'whatsapp_instance', 'whatsapp_instance', '90409', NULL, NULL),
(3, 'end_date', 'end_date', '08-08-2024', NULL, NULL);

-- --------------------------------------------------------

--
-- Table structure for table `lead_categories`
--

CREATE TABLE `lead_categories` (
  `id` bigint(20) UNSIGNED NOT NULL,
  `contact_id` bigint(20) UNSIGNED DEFAULT 1,
  `contact_category_id` bigint(20) UNSIGNED DEFAULT 1,
  `created_at` timestamp NULL DEFAULT NULL,
  `updated_at` timestamp NULL DEFAULT NULL,
  `deleted_at` timestamp NULL DEFAULT NULL
) ENGINE=InnoDB DEFAULT CHARSET=utf8mb4 COLLATE=utf8mb4_unicode_ci;

-- --------------------------------------------------------

--
-- Table structure for table `lead_cteagories`
--

CREATE TABLE `lead_cteagories` (
  `id` bigint(20) UNSIGNED NOT NULL,
  `contact_id` bigint(20) UNSIGNED DEFAULT NULL,
  `contact_category_id` bigint(20) UNSIGNED DEFAULT NULL,
  `created_at` timestamp NULL DEFAULT NULL,
  `updated_at` timestamp NULL DEFAULT NULL,
  `deleted_at` timestamp NULL DEFAULT NULL
) ENGINE=InnoDB DEFAULT CHARSET=utf8mb4 COLLATE=utf8mb4_unicode_ci;

-- --------------------------------------------------------

--
-- Table structure for table `lead_histories`
--

CREATE TABLE `lead_histories` (
  `id` bigint(20) UNSIGNED NOT NULL,
  `action` int(11) DEFAULT NULL,
  `related_model_id` int(11) DEFAULT NULL,
  `placeholders` text DEFAULT NULL,
  `contact_id` bigint(20) UNSIGNED DEFAULT 1,
  `created_by` bigint(20) UNSIGNED DEFAULT 1,
  `created_at` timestamp NULL DEFAULT NULL,
  `updated_at` timestamp NULL DEFAULT NULL
) ENGINE=InnoDB DEFAULT CHARSET=utf8mb4 COLLATE=utf8mb4_unicode_ci;

--
-- Dumping data for table `lead_histories`
--

INSERT INTO `lead_histories` (`id`, `action`, `related_model_id`, `placeholders`, `contact_id`, `created_by`, `created_at`, `updated_at`) VALUES
(5, 1, 7, '{\"notes\":\"67667676\",\"follow_date\":\"2024-02-09\",\"meeting_id\":7,\"created_by\":1,\"updated_at\":\"2024-02-09T15:50:52.000000Z\",\"created_at\":\"2024-02-09T15:50:52.000000Z\",\"id\":7}', 10, 1, '2024-02-09 15:50:52', '2024-02-09 15:50:52'),
(6, 1, 8, '{\"notes\":\"\\u0637\\u0644\\u0628 \\u062d\\u062c\\u0632 \\u0631\\u062d\\u0644\\u0629 \\u0634\\u0647\\u0631 \\u0627\\u0644\\u0639\\u0633\\u0644 4 \\u0627\\u0641\\u0631\\u0627\\u062f \\u0647\\u0648 \\u0648\\u0645\\u0631\\u0627\\u062a\\u0647 \\u0648\\u0635\\u0627\\u062d\\u0628\\u0647 \\u0648\\u0645\\u0631\\u0627\\u0627\\u062a\\u0647 \\u062e\\u0645\\u0633 \\u0646\\u062c\\u0648\\u0645 \\u0627\\u0639\\u0644\\u0649 \\u0641\\u0626\\u0629 \\u0641\\u0637\\u0627\\u0631 \\u0648\\u063a\\u062f\\u0627 \\u0648\\u0639\\u0634\\u0627\\u0621 \\u0648\\u0637\\u0644\\u0628 \\u0648\\u0633\\u064a\\u0644 \\u0627\\u0644\\u0633\\u0641\\u0631 \\u0637\\u064a\\u0631\\u0627\\u0646\",\"follow_date\":\"2024-02-14\",\"meeting_id\":8,\"created_by\":1,\"updated_at\":\"2024-02-13T09:19:03.000000Z\",\"created_at\":\"2024-02-13T09:19:03.000000Z\",\"id\":8}', 10, 1, '2024-02-13 09:19:03', '2024-02-13 09:19:03'),
(7, 1, 9, '{\"notes\":\"\\u0645\\u0639\\u0627\\u0647 \\u0645\\u062c\\u0645\\u0648\\u0639\\u0629\",\"follow_date\":\"2024-02-19\",\"meeting_id\":9,\"created_by\":1,\"updated_at\":\"2024-02-19T12:06:55.000000Z\",\"created_at\":\"2024-02-19T12:06:55.000000Z\",\"id\":9}', 11, 1, '2024-02-19 12:06:55', '2024-02-19 12:06:55'),
(8, 1, 10, '{\"notes\":\"hfghfgh\",\"follow_date\":\"2024-04-30\",\"meeting_id\":10,\"created_by\":1,\"updated_at\":\"2024-04-14T13:33:27.000000Z\",\"created_at\":\"2024-04-14T13:33:27.000000Z\",\"id\":10}', 12, 1, '2024-04-14 13:33:27', '2024-04-14 13:33:27'),
(9, 1, 11, '{\"notes\":\"jmghjgh\",\"follow_date\":\"2024-04-01\",\"meeting_id\":11,\"created_by\":1,\"updated_at\":\"2024-04-15T12:43:45.000000Z\",\"created_at\":\"2024-04-15T12:43:45.000000Z\",\"id\":11}', 12, 1, '2024-04-15 12:43:45', '2024-04-15 12:43:45'),
(10, 2, 12, '{\"from\":\"contacted\",\"to\":\"qualified\"}', 12, 1, '2024-04-21 03:47:31', '2024-04-21 03:47:31'),
(11, 1, 12, '{\"notes\":\"note\",\"follow_date\":\"2024-04-01\",\"meeting_id\":12,\"created_by\":1,\"updated_at\":\"2024-04-21T11:19:39.000000Z\",\"created_at\":\"2024-04-21T11:19:39.000000Z\",\"id\":12}', 13, 1, '2024-04-21 11:19:39', '2024-04-21 11:19:39'),
(12, 1, 53, '{\"notes\":\"note\",\"follow_date\":\"2024-04-21\",\"meeting_id\":53,\"created_by\":1,\"updated_at\":\"2024-04-21T13:06:25.000000Z\",\"created_at\":\"2024-04-21T13:06:25.000000Z\",\"id\":40}', 9, 1, '2024-04-21 13:06:25', '2024-04-21 13:06:25'),
(13, 1, 54, '{\"notes\":\"note\",\"follow_date\":\"2024-04-21\",\"meeting_id\":54,\"created_by\":1,\"updated_at\":\"2024-04-21T13:06:32.000000Z\",\"created_at\":\"2024-04-21T13:06:32.000000Z\",\"id\":41}', 9, 1, '2024-04-21 13:06:32', '2024-04-21 13:06:32'),
(14, 1, 55, '{\"notes\":\"qqq\",\"follow_date\":\"2024-04-30\",\"meeting_id\":55,\"created_by\":1,\"updated_at\":\"2024-04-22T11:21:19.000000Z\",\"created_at\":\"2024-04-22T11:21:19.000000Z\",\"id\":42}', 13, 1, '2024-04-22 11:21:19', '2024-04-22 11:21:19'),
(15, 2, 13, '{\"from\":\"contacted\",\"to\":\"converted\"}', 13, 1, '2024-04-23 10:29:15', '2024-04-23 10:29:15'),
(16, 2, 13, '{\"from\":\"contacted\",\"to\":\"converted\"}', 13, 1, '2024-04-23 10:29:15', '2024-04-23 10:29:15'),
(17, 2, 13, '{\"from\":\"converted\",\"to\":\"converted\"}', 13, 1, '2024-04-23 10:30:22', '2024-04-23 10:30:22'),
(18, 2, 13, '{\"from\":\"converted\",\"to\":\"converted\"}', 13, 1, '2024-04-23 10:30:22', '2024-04-23 10:30:22'),
(19, 2, 28, '{\"from\":\"new\",\"to\":\"converted\"}', 28, 1, '2024-07-15 07:36:10', '2024-07-15 07:36:10'),
(20, 2, 18, '{\"from\":\"new\",\"to\":\"converted\"}', 18, 1, '2024-07-15 11:06:06', '2024-07-15 11:06:06');

-- --------------------------------------------------------

--
-- Table structure for table `majors`
--

CREATE TABLE `majors` (
  `id` bigint(20) UNSIGNED NOT NULL,
  `name` varchar(255) DEFAULT NULL,
  `industry_id` bigint(20) UNSIGNED DEFAULT NULL,
  `created_at` timestamp NULL DEFAULT NULL,
  `updated_at` timestamp NULL DEFAULT NULL,
  `deleted_at` timestamp NULL DEFAULT NULL
) ENGINE=InnoDB DEFAULT CHARSET=utf8mb4 COLLATE=utf8mb4_unicode_ci;

--
-- Dumping data for table `majors`
--

INSERT INTO `majors` (`id`, `name`, `industry_id`, `created_at`, `updated_at`, `deleted_at`) VALUES
(1, 'الامن الوطني', 1, '2024-01-30 10:59:05', '2024-02-02 13:50:56', NULL),
(2, 'الهندسة', 2, '2024-01-30 10:59:18', '2024-02-02 13:51:26', NULL),
(3, 'هندسة البرمجيات', 5, NULL, NULL, NULL),
(4, 'علوم البيانات', 5, NULL, NULL, NULL),
(5, 'أمن المعلومات', 5, NULL, NULL, NULL),
(6, 'تطوير الويب', 5, NULL, NULL, NULL),
(7, 'الشبكات', 5, NULL, NULL, NULL),
(8, 'التمريض', 6, NULL, NULL, NULL),
(9, 'الطب', 6, NULL, NULL, NULL),
(10, 'الصيدلة', 6, NULL, NULL, NULL),
(11, 'العلاج الطبيعي', 6, NULL, NULL, NULL),
(12, 'طب الأسنان', 6, NULL, NULL, NULL),
(13, 'المحاسبة', 7, NULL, NULL, NULL),
(14, 'البنوك والاستثمار', 7, NULL, NULL, NULL),
(15, 'التخطيط المالي', 7, NULL, NULL, NULL),
(16, 'الاقتصاد', 7, NULL, NULL, NULL),
(17, 'المقاولات', 8, NULL, NULL, NULL),
(18, 'الهندسة المدنية', 8, NULL, NULL, NULL),
(19, 'الهندسة المعمارية', 8, NULL, NULL, NULL),
(20, 'إدارة المشاريع', 8, NULL, NULL, NULL),
(21, 'خدمات البناء', 8, NULL, NULL, NULL),
(22, 'التدريس', 9, NULL, NULL, NULL),
(23, 'تطوير المناهج', 9, NULL, NULL, NULL),
(24, 'علم النفس التربوي', 9, NULL, NULL, NULL),
(25, 'التعليم الخاص', 9, NULL, NULL, NULL),
(26, 'إدارة الفنادق', 10, NULL, NULL, NULL),
(27, 'إدارة السياحة', 10, NULL, NULL, NULL),
(28, 'إدارة الفعاليات', 10, NULL, NULL, NULL),
(29, 'الهندسة الميكانيكية', 11, NULL, NULL, NULL),
(30, 'تكنولوجيا السيارات', 11, NULL, NULL, NULL),
(31, 'تصميم السيارات', 11, NULL, NULL, NULL),
(32, 'التسويق بالتجزئة', 12, NULL, NULL, NULL),
(33, 'إدارة المبيعات', 12, NULL, NULL, NULL),
(34, 'التجارة الإلكترونية', 12, NULL, NULL, NULL),
(35, 'التسويق للتجزئة', 12, NULL, NULL, NULL),
(36, 'هندسة الشبكات', 13, NULL, NULL, NULL),
(37, 'بنية الاتصالات', 13, NULL, NULL, NULL),
(38, 'الاتصالات اللاسلكية', 13, NULL, NULL, NULL),
(39, 'التصميم الصناعي', 14, NULL, NULL, NULL),
(40, 'إدارة سلسلة التوريد', 14, NULL, NULL, NULL),
(41, 'مراقبة الجودة', 14, NULL, NULL, NULL),
(42, 'هندسة البترول', 15, NULL, NULL, NULL),
(43, 'الطاقة المتجددة', 15, NULL, NULL, NULL),
(44, 'هندسة الكيمياء', 15, NULL, NULL, NULL),
(45, 'تكنولوجيا البتروكيماويات', 15, NULL, NULL, NULL),
(46, 'الهندسة الغذائية', 16, NULL, NULL, NULL),
(47, 'تصنيع المشروبات', 16, NULL, NULL, NULL),
(48, 'السلامة الغذائية', 16, NULL, NULL, NULL),
(49, 'تطوير منتجات الأغذية', 16, NULL, NULL, NULL),
(50, 'تحرير النصوص', 17, NULL, NULL, NULL),
(51, 'تصميم الجرافيك', 17, NULL, NULL, NULL),
(52, 'إدارة الطباعة', 17, NULL, NULL, NULL),
(53, 'تقنيات النشر الرقمي', 17, NULL, NULL, NULL),
(54, 'البحث العلمي', 18, NULL, NULL, NULL),
(55, 'التطوير التكنولوجي', 18, NULL, NULL, NULL),
(56, 'الابتكار والاختراع', 18, NULL, NULL, NULL),
(57, 'علم البيانات', 18, NULL, NULL, NULL),
(58, 'الفنون التشكيلية', 19, NULL, NULL, NULL),
(59, 'التصميم الداخلي', 19, NULL, NULL, NULL),
(60, 'التصميم الصناعي', 19, NULL, NULL, NULL),
(61, 'الأزياء والموضة', 19, NULL, NULL, NULL),
(62, 'تصميم الجرافيك', 19, NULL, NULL, NULL),
(63, 'التمثيل', 20, NULL, NULL, NULL),
(64, 'السينما', 20, NULL, NULL, NULL),
(65, 'الموسيقى', 20, NULL, NULL, NULL),
(66, 'الرقص', 20, NULL, NULL, NULL),
(67, 'الأمن السيبراني', 21, NULL, NULL, NULL),
(68, 'الدفاع والأمن القومي', 21, NULL, NULL, NULL),
(69, 'الاستخبارات العسكرية', 21, NULL, NULL, NULL),
(70, 'التخطيط الاستراتيجي', 21, NULL, NULL, NULL),
(73, '', NULL, '2024-07-15 07:10:04', '2024-07-15 07:10:04', NULL),
(74, 'notes', NULL, '2024-07-15 07:29:30', '2024-07-15 07:29:30', NULL);

-- --------------------------------------------------------

--
-- Table structure for table `media`
--

CREATE TABLE `media` (
  `id` bigint(20) UNSIGNED NOT NULL,
  `file_name` varchar(255) NOT NULL,
  `file_path` varchar(255) NOT NULL,
  `file_type` varchar(255) NOT NULL,
  `file_size` varchar(255) NOT NULL,
  `file_sort` bigint(20) UNSIGNED NOT NULL DEFAULT 0,
  `mediable_id` bigint(20) UNSIGNED NOT NULL,
  `mediable_type` varchar(255) NOT NULL,
  `created_at` timestamp NULL DEFAULT NULL,
  `updated_at` timestamp NULL DEFAULT NULL
) ENGINE=InnoDB DEFAULT CHARSET=utf8mb4 COLLATE=utf8mb4_unicode_ci;

--
-- Dumping data for table `media`
--

INSERT INTO `media` (`id`, `file_name`, `file_path`, `file_type`, `file_size`, `file_sort`, `mediable_id`, `mediable_type`, `created_at`, `updated_at`) VALUES
(2, '1707398152.fbbf602ef607c01659982149df6ed28d.jpg', 'https://testnew.ourcrm.app/public/attachments/contact/1707398152.fbbf602ef607c01659982149df6ed28d.jpg', 'image/jpeg', '48503', 1, 8, 'App\\Models\\Contact', '2024-02-08 13:15:52', '2024-02-08 13:15:52'),
(4, 'avatar.webp', 'https://testnew.ourcrm.app/public/public/attachments/user/1713099309.splash_2.png', 'image/png', '48435', 1, 1, 'App\\Models\\User', '2024-04-14 12:55:09', '2024-04-14 12:55:09');

-- --------------------------------------------------------

--
-- Table structure for table `meetings`
--

CREATE TABLE `meetings` (
  `id` bigint(20) UNSIGNED NOT NULL,
  `type` varchar(255) DEFAULT NULL,
  `meeting_place` varchar(255) DEFAULT NULL,
  `meeting_date` date DEFAULT '2020-01-01',
  `revenue` decimal(15,3) DEFAULT 0.000,
  `interests_ids` varchar(255) DEFAULT NULL,
  `contact_id` bigint(20) UNSIGNED DEFAULT 1,
  `reply_id` bigint(20) UNSIGNED DEFAULT 1,
  `created_by` bigint(20) UNSIGNED DEFAULT 1,
  `created_at` timestamp NULL DEFAULT NULL,
  `updated_at` timestamp NULL DEFAULT NULL,
  `deleted_at` timestamp NULL DEFAULT NULL
) ENGINE=InnoDB DEFAULT CHARSET=utf8mb4 COLLATE=utf8mb4_unicode_ci;

--
-- Dumping data for table `meetings`
--

INSERT INTO `meetings` (`id`, `type`, `meeting_place`, `meeting_date`, `revenue`, `interests_ids`, `contact_id`, `reply_id`, `created_by`, `created_at`, `updated_at`, `deleted_at`) VALUES
(6, 'call', 'in', '2024-02-08', 50000.000, '[\"2\"]', 7, 1, 1, '2024-02-08 13:08:24', '2024-04-21 13:17:04', NULL),
(7, 'meeting', 'in', '2024-04-13', 5000.000, '[\"1\"]', 9, 1, 1, '2024-02-09 15:50:52', '2024-04-21 13:20:54', NULL),
(8, 'call', 'out', '2024-02-13', 50000.000, '[\"2\"]', 10, 3, 1, '2024-02-13 09:19:03', '2024-02-13 09:19:03', NULL),
(9, 'call', 'in', '2024-02-19', 4500.000, '[\"3\"]', 11, 2, 1, '2024-02-19 12:06:55', '2024-02-19 12:06:55', NULL),
(10, 'meeting', 'in', '2024-04-14', 1000000.000, '[\"1\"]', 12, 1, 1, '2024-04-14 13:33:27', '2024-04-14 13:33:27', NULL),
(11, 'call', 'in', '2024-04-15', 1000.000, '[\"2\"]', 12, 2, 1, '2024-04-15 12:43:45', '2024-04-15 12:43:45', NULL),
(12, 'call', 'in', '2024-04-21', 1000.000, '[\"3\"]', 13, 1, 1, '2024-04-21 11:19:39', '2024-04-21 11:19:39', NULL),
(13, 'call', 'in', '2024-04-21', 1000.000, '[\"1\"]', 9, 1, 1, '2024-04-21 12:47:55', '2024-04-21 12:47:55', NULL),
(14, 'call', 'in', '2024-04-21', 1000.000, '[\"1\"]', 9, 1, 1, '2024-04-21 12:51:20', '2024-04-21 12:51:20', NULL),
(15, 'call', 'in', '2024-04-21', 1000.000, '[\"1\"]', 9, 1, 1, '2024-04-21 12:51:34', '2024-04-21 12:51:34', NULL),
(16, 'call', 'in', '2024-04-21', 1000.000, '[\"1\"]', 9, 1, 1, '2024-04-21 12:52:15', '2024-04-21 12:52:15', NULL),
(17, 'call', 'in', '2024-04-21', 1000.000, '[\"1\"]', 9, 1, 1, '2024-04-21 12:52:32', '2024-04-21 12:52:32', NULL),
(18, 'call', 'in', '2024-04-21', 1000.000, '[\"1\"]', 9, 1, 1, '2024-04-21 12:53:49', '2024-04-21 12:53:49', NULL),
(19, 'call', 'in', '2024-04-21', 1000.000, '[\"1\"]', 9, 1, 1, '2024-04-21 12:54:03', '2024-04-21 12:54:03', NULL),
(20, 'call', 'in', '2024-04-21', 1000.000, '[\"1\"]', 9, 1, 1, '2024-04-21 12:54:35', '2024-04-21 12:54:35', NULL),
(21, 'call', 'in', '2024-04-21', 1000.000, '[\"1\"]', 9, 1, 1, '2024-04-21 12:54:42', '2024-04-21 12:54:42', NULL),
(22, 'call', 'in', '2024-04-21', 1000.000, '[\"1\"]', 9, 1, 1, '2024-04-21 12:54:47', '2024-04-21 12:54:47', NULL),
(23, 'call', 'in', '2024-04-21', 1000.000, '[\"1\"]', 9, 1, 1, '2024-04-21 12:54:50', '2024-04-21 12:54:50', NULL),
(24, 'call', 'in', '2024-04-21', 1000.000, '[\"1\"]', 9, 1, 1, '2024-04-21 12:55:06', '2024-04-21 12:55:06', NULL),
(25, 'call', 'in', '2024-04-21', 1000.000, '[\"1\"]', 9, 1, 1, '2024-04-21 12:55:09', '2024-04-21 12:55:09', NULL),
(26, 'call', 'in', '2024-04-21', 1000.000, '[\"1\"]', 9, 1, 1, '2024-04-21 12:55:14', '2024-04-21 12:55:14', NULL),
(27, 'call', 'in', '2024-04-21', 1000.000, '[\"1\"]', 9, 1, 1, '2024-04-21 12:55:30', '2024-04-21 12:55:30', NULL),
(28, 'call', 'in', '2024-04-21', 1000.000, '[\"1\"]', 9, 1, 1, '2024-04-21 12:55:45', '2024-04-21 12:55:45', NULL),
(29, 'call', 'in', '2024-04-21', 1000.000, '[\"1\"]', 9, 1, 1, '2024-04-21 12:55:48', '2024-04-21 12:55:48', NULL),
(30, 'call', 'in', '2024-04-21', 1000.000, '[\"1\"]', 9, 1, 1, '2024-04-21 12:56:22', '2024-04-21 12:56:22', NULL),
(31, 'call', 'in', '2024-04-21', 1000.000, '[\"1\"]', 9, 1, 1, '2024-04-21 12:56:25', '2024-04-21 12:56:25', NULL),
(32, 'call', 'in', '2024-04-21', 1000.000, '[\"1\"]', 9, 1, 1, '2024-04-21 12:56:59', '2024-04-21 12:56:59', NULL),
(33, 'call', 'in', '2024-04-21', 1000.000, '[\"1\"]', 9, 1, 1, '2024-04-21 12:57:05', '2024-04-21 12:57:05', NULL),
(34, 'call', 'in', '2024-04-21', 1000.000, '[\"1\"]', 9, 1, 1, '2024-04-21 12:57:42', '2024-04-21 12:57:42', NULL),
(35, 'call', 'in', '2024-04-21', 1000.000, '[\"1\"]', 9, 1, 1, '2024-04-21 12:57:49', '2024-04-21 12:57:49', NULL),
(36, 'call', 'in', '2024-04-21', 1000.000, '[\"1\"]', 9, 1, 1, '2024-04-21 12:57:58', '2024-04-21 12:57:58', NULL),
(37, 'call', 'in', '2024-04-21', 1000.000, '[\"1\"]', 9, 1, 1, '2024-04-21 12:58:22', '2024-04-21 12:58:22', NULL),
(38, 'call', 'in', '2024-04-21', 1000.000, '[\"1\"]', 9, 1, 1, '2024-04-21 12:58:46', '2024-04-21 12:58:46', NULL),
(39, 'call', 'in', '2024-04-20', 1000.000, '[\"1\"]', 9, 1, 1, '2024-04-21 12:59:38', '2024-04-21 12:59:38', NULL),
(40, 'call', 'in', '2024-04-20', 1000.000, '[\"1\"]', 9, 1, 1, '2024-04-21 12:59:44', '2024-04-21 12:59:44', NULL),
(41, 'call', 'in', '2024-04-20', 1000.000, '[\"1\"]', 9, 1, 1, '2024-04-21 12:59:59', '2024-04-21 12:59:59', NULL),
(42, 'call', 'in', '2024-04-20', 1000.000, '[\"1\"]', 9, 1, 1, '2024-04-21 13:00:20', '2024-04-21 13:00:20', NULL),
(43, 'call', 'in', '2024-04-20', 1000.000, '[\"1\"]', 9, 1, 1, '2024-04-21 13:02:08', '2024-04-21 13:02:08', NULL),
(44, 'call', 'in', '2024-04-20', 1000.000, '[\"1\"]', 9, 1, 1, '2024-04-21 13:02:29', '2024-04-21 13:02:29', NULL),
(45, 'call', 'in', '2024-04-20', 1000.000, '[\"1\"]', 9, 1, 1, '2024-04-21 13:03:51', '2024-04-21 13:03:51', NULL),
(46, 'call', 'in', '2024-04-20', 1000.000, '[\"1\"]', 9, 1, 1, '2024-04-21 13:04:41', '2024-04-21 13:04:41', NULL),
(47, 'call', 'in', '2024-04-20', 1000.000, '[\"1\"]', 9, 1, 1, '2024-04-21 13:04:54', '2024-04-21 13:04:54', NULL),
(48, 'call', 'in', '2024-04-20', 1000.000, '[\"1\"]', 9, 1, 1, '2024-04-21 13:05:24', '2024-04-21 13:05:24', NULL),
(49, 'call', 'in', '2024-04-20', 1000.000, '[\"1\"]', 9, 1, 1, '2024-04-21 13:05:32', '2024-04-21 13:05:32', NULL),
(50, 'call', 'in', '2024-04-20', 1000.000, '[\"1\"]', 9, 1, 1, '2024-04-21 13:05:44', '2024-04-21 13:05:44', NULL),
(51, 'call', 'in', '2024-04-20', 1000.000, '[\"1\"]', 9, 1, 1, '2024-04-21 13:06:03', '2024-04-21 13:06:03', NULL),
(52, 'call', 'in', '2024-04-20', 1000.000, '[\"1\"]', 9, 1, 1, '2024-04-21 13:06:19', '2024-04-21 13:06:19', NULL),
(53, 'call', 'in', '2024-04-20', 1000.000, '[\"1\"]', 9, 1, 1, '2024-04-21 13:06:25', '2024-04-21 13:06:25', NULL),
(54, 'call', 'in', '2024-04-20', 1000.000, '[\"1\"]', 9, 1, 1, '2024-04-21 13:06:32', '2024-04-21 13:06:32', NULL),
(55, 'meeting', 'out', '2024-04-22', 222.000, '[\"1\"]', 13, 3, 1, '2024-04-22 11:21:19', '2024-04-22 11:21:19', NULL),
(56, 'call', 'in', '2024-07-18', 222.000, '[\"1\"]', 14, 1, 1, '2024-07-18 12:34:06', '2024-07-18 12:34:06', NULL);

-- --------------------------------------------------------

--
-- Table structure for table `meeting_notes`
--

CREATE TABLE `meeting_notes` (
  `id` bigint(20) UNSIGNED NOT NULL,
  `notes` text DEFAULT NULL,
  `follow_date` date DEFAULT '2020-01-01',
  `meeting_id` bigint(20) UNSIGNED DEFAULT 1,
  `created_by` bigint(20) UNSIGNED DEFAULT 1,
  `created_at` timestamp NULL DEFAULT NULL,
  `updated_at` timestamp NULL DEFAULT NULL,
  `deleted_at` timestamp NULL DEFAULT NULL
) ENGINE=InnoDB DEFAULT CHARSET=utf8mb4 COLLATE=utf8mb4_unicode_ci;

--
-- Dumping data for table `meeting_notes`
--

INSERT INTO `meeting_notes` (`id`, `notes`, `follow_date`, `meeting_id`, `created_by`, `created_at`, `updated_at`, `deleted_at`) VALUES
(6, 'hggg', '2024-07-17', 6, 1, '2024-02-08 13:08:24', '2024-02-08 13:08:24', NULL),
(7, '67667676', '2024-02-09', 7, 1, '2024-02-09 15:50:52', '2024-02-09 15:50:52', NULL),
(8, 'طلب حجز رحلة شهر العسل 4 افراد هو ومراته وصاحبه ومرااته خمس نجوم اعلى فئة فطار وغدا وعشاء وطلب وسيل السفر طيران', '2024-02-14', 8, 1, '2024-02-13 09:19:03', '2024-02-13 09:19:03', NULL),
(9, 'معاه مجموعة', '2024-02-19', 9, 1, '2024-02-19 12:06:55', '2024-02-19 12:06:55', NULL),
(10, 'hfghfgh', '2024-04-30', 10, 1, '2024-04-14 13:33:27', '2024-04-14 13:33:27', NULL),
(11, 'jmghjgh', '2024-04-01', 11, 1, '2024-04-15 12:43:45', '2024-04-15 12:43:45', NULL),
(12, 'note', '2024-04-01', 12, 1, '2024-04-21 11:19:39', '2024-04-21 11:19:39', NULL),
(13, 'note', '2024-04-30', 13, 1, '2024-04-21 12:47:55', '2024-04-21 12:47:55', NULL),
(14, 'note', '2024-04-30', 17, 1, '2024-04-21 12:52:32', '2024-04-21 12:52:32', NULL),
(15, 'note', '2024-04-30', 19, 1, '2024-04-21 12:54:03', '2024-04-21 12:54:03', NULL),
(16, 'note', '2024-04-30', 20, 1, '2024-04-21 12:54:35', '2024-04-21 12:54:35', NULL),
(17, 'note', '2024-04-30', 21, 1, '2024-04-21 12:54:42', '2024-04-21 12:54:42', NULL),
(18, 'note', '2024-04-30', 22, 1, '2024-04-21 12:54:47', '2024-04-21 12:54:47', NULL),
(19, 'note', '2024-04-30', 23, 1, '2024-04-21 12:54:50', '2024-04-21 12:54:50', NULL),
(20, 'note', '2024-04-30', 24, 1, '2024-04-21 12:55:07', '2024-04-21 12:55:07', NULL),
(21, 'note', '2024-04-30', 25, 1, '2024-04-21 12:55:09', '2024-04-21 12:55:09', NULL),
(22, 'note', '2024-04-30', 26, 1, '2024-04-21 12:55:14', '2024-04-21 12:55:14', NULL),
(23, 'note', '2024-04-30', 27, 1, '2024-04-21 12:55:30', '2024-04-21 12:55:30', NULL),
(24, 'note', '2024-04-30', 28, 1, '2024-04-21 12:55:45', '2024-04-21 12:55:45', NULL),
(25, 'note', '2024-04-30', 29, 1, '2024-04-21 12:55:48', '2024-04-21 12:55:48', NULL),
(26, 'note', '2024-04-30', 30, 1, '2024-04-21 12:56:22', '2024-04-21 12:56:22', NULL),
(27, 'note', '2024-04-30', 31, 1, '2024-04-21 12:56:25', '2024-04-21 12:56:25', NULL),
(28, 'note', '2024-04-21', 41, 1, '2024-04-21 12:59:59', '2024-04-21 12:59:59', NULL),
(29, 'note', '2024-04-21', 42, 1, '2024-04-21 13:00:20', '2024-04-21 13:00:20', NULL),
(30, 'note', '2024-04-21', 43, 1, '2024-04-21 13:02:08', '2024-04-21 13:02:08', NULL),
(31, 'note', '2024-04-21', 44, 1, '2024-04-21 13:02:29', '2024-04-21 13:02:29', NULL),
(32, 'note', '2024-04-21', 45, 1, '2024-04-21 13:03:51', '2024-04-21 13:03:51', NULL),
(33, 'note', '2024-04-21', 46, 1, '2024-04-21 13:04:41', '2024-04-21 13:04:41', NULL),
(34, 'note', '2024-04-21', 47, 1, '2024-04-21 13:04:54', '2024-04-21 13:04:54', NULL),
(35, 'note', '2024-04-21', 48, 1, '2024-04-21 13:05:24', '2024-04-21 13:05:24', NULL),
(36, 'note', '2024-04-21', 49, 1, '2024-04-21 13:05:32', '2024-04-21 13:05:32', NULL),
(37, 'note', '2024-04-21', 50, 1, '2024-04-21 13:05:44', '2024-04-21 13:05:44', NULL),
(38, 'note', '2024-04-21', 51, 1, '2024-04-21 13:06:03', '2024-04-21 13:06:03', NULL),
(39, 'note', '2024-04-21', 52, 1, '2024-04-21 13:06:19', '2024-04-21 13:06:19', NULL),
(40, 'note', '2024-04-21', 53, 1, '2024-04-21 13:06:25', '2024-04-21 13:06:25', NULL),
(41, 'note', '2024-04-21', 54, 1, '2024-04-21 13:06:32', '2024-04-21 13:06:32', NULL),
(42, 'qqq', '2024-04-30', 55, 1, '2024-04-22 11:21:19', '2024-04-22 11:21:19', NULL);

-- --------------------------------------------------------

--
-- Table structure for table `migrations`
--

CREATE TABLE `migrations` (
  `id` int(10) UNSIGNED NOT NULL,
  `migration` varchar(255) NOT NULL,
  `batch` int(11) NOT NULL
) ENGINE=InnoDB DEFAULT CHARSET=utf8mb4 COLLATE=utf8mb4_unicode_ci;

--
-- Dumping data for table `migrations`
--

INSERT INTO `migrations` (`id`, `migration`, `batch`) VALUES
(1, '2014_10_12_100000_create_password_resets_table', 1),
(2, '2019_08_19_000000_create_failed_jobs_table', 1),
(3, '2019_12_14_000001_create_personal_access_tokens_table', 1),
(4, '2023_12_27_003110_create_permission_tables', 1),
(5, '2023_12_28_102127_create_media_table', 1),
(6, '2023_12_28_163258_create_categories_table', 1),
(7, '2024_01_23_101201_create_countries_table', 1),
(8, '2024_01_23_101202_create_cities_table', 1),
(9, '2024_01_23_101203_create_areas_table', 1),
(10, '2024_01_23_101445_create_contact_sources_table', 1),
(11, '2024_01_23_105406_create_activates_table', 1),
(12, '2024_01_23_105555_create_interests_table', 1),
(13, '2024_01_23_120346_create_contact_categories_table', 1),
(14, '2024_01_23_131134_create_industries_table', 1),
(15, '2024_01_23_135518_create_majors_table', 1),
(16, '2024_01_23_141321_create_job_titles_table', 1),
(17, '2024_01_23_150359_create_saved_replies_table', 1),
(18, '2024_01_23_181149_create_campaigns_table', 1),
(19, '2024_01_24_113642_create_point_settings_table', 1),
(20, '2024_01_24_145240_create_branches_table', 1),
(21, '2024_01_24_145318_create_departments_table', 1),
(22, '2024_01_25_135457_create_employees_table', 1),
(23, '2024_01_25_145011_create_notifications_table', 1),
(24, '2024_01_26_113724_create_employee_targets_table', 1),
(25, '2024_01_26_113941_create_targets_table', 1),
(26, '2024_01_27_112550_create_customers_table', 1),
(27, '2024_01_27_115922_create_contacts_table', 1),
(28, '2024_01_29_134207_create_meetings_table', 1),
(29, '2024_01_29_134241_create_meeting_notes_table', 1),
(30, '2024_01_29_155455_create_lead_histories_table', 1),
(31, '2024_01_29_160147_create_lead_categories_table', 1),
(32, '2024_01_30_114752_create_invoices_table', 1),
(33, '2024_01_30_114816_create_recorder_reminders_table', 1),
(34, '2024_01_30_115544_create_points_table', 1),
(35, '2024_01_31_000000_create_users_table', 1),
(36, '2024_01_31_152529_create_contact_completions_table', 1),
(37, '2024_01_30_154420_create_attachments_table', 2),
(38, '2024_02_03_143906_create_interest_meetings_table', 3),
(39, '2024_02_04_140535_create_lead_cteagories_table', 4),
(40, '2024_02_06_133802_create_customer_categories_table', 4),
(41, '2024_02_06_134823_create_organizations_table', 4),
(42, '2024_02_06_140222_create_uploads_table', 4),
(43, '2024_02_07_143216_create_l_a_configs_table', 4),
(44, '2024_02_15_010136_create_point_histories_table', 5),
(45, '2024_02_15_020757_create_tickets_table', 5),
(47, '2024_02_15_103933_create_reorder_reminders_table', 5),
(48, '2024_02_15_164819_alterattachments_table_v2', 5),
(49, '2024_02_15_173214_alter_customers_table_v3', 5),
(50, '2024_01_25_145011_create_notification_table', 6),
(51, '2024_03_19_131106_create_notifications_table', 7),
(52, '2024_02_15_021910_create_communication_logs_table', 8),
(53, '2024_07_11_131309_add_religion_and_address_and_branch_id_and_code_to_contacts_table', 9),
(54, '2024_07_11_133333_add_religion_and_address_and_branch_id_and_code_to_customers_table', 9),
(55, '2024_07_11_165738_add_code_to_branches_table', 9),
(56, '2024_07_15_142800_add_interest_id_customers_table', 10);

-- --------------------------------------------------------

--
-- Table structure for table `model_has_permissions`
--

CREATE TABLE `model_has_permissions` (
  `permission_id` bigint(20) UNSIGNED NOT NULL,
  `model_type` varchar(255) NOT NULL,
  `model_id` bigint(20) UNSIGNED NOT NULL
) ENGINE=InnoDB DEFAULT CHARSET=utf8mb4 COLLATE=utf8mb4_unicode_ci;

--
-- Dumping data for table `model_has_permissions`
--

INSERT INTO `model_has_permissions` (`permission_id`, `model_type`, `model_id`) VALUES
(1, 'App\\Models\\User', 1),
(2, 'App\\Models\\User', 1),
(3, 'App\\Models\\User', 1),
(4, 'App\\Models\\User', 1),
(5, 'App\\Models\\User', 1),
(6, 'App\\Models\\User', 1),
(7, 'App\\Models\\User', 1),
(8, 'App\\Models\\User', 1),
(9, 'App\\Models\\User', 1),
(10, 'App\\Models\\User', 1),
(11, 'App\\Models\\User', 1),
(12, 'App\\Models\\User', 1),
(13, 'App\\Models\\User', 1),
(14, 'App\\Models\\User', 1),
(15, 'App\\Models\\User', 1),
(16, 'App\\Models\\User', 1),
(17, 'App\\Models\\User', 1),
(18, 'App\\Models\\User', 1),
(19, 'App\\Models\\User', 1),
(20, 'App\\Models\\User', 1),
(21, 'App\\Models\\User', 1),
(22, 'App\\Models\\User', 1),
(23, 'App\\Models\\User', 1),
(24, 'App\\Models\\User', 1),
(25, 'App\\Models\\User', 1),
(26, 'App\\Models\\User', 1),
(27, 'App\\Models\\User', 1),
(28, 'App\\Models\\User', 1),
(29, 'App\\Models\\User', 1),
(30, 'App\\Models\\User', 1),
(31, 'App\\Models\\User', 1),
(32, 'App\\Models\\User', 1),
(33, 'App\\Models\\User', 1),
(34, 'App\\Models\\User', 1),
(35, 'App\\Models\\User', 1),
(36, 'App\\Models\\User', 1),
(37, 'App\\Models\\User', 1),
(38, 'App\\Models\\User', 1),
(39, 'App\\Models\\User', 1),
(40, 'App\\Models\\User', 1),
(41, 'App\\Models\\User', 1),
(42, 'App\\Models\\User', 1),
(43, 'App\\Models\\User', 1),
(44, 'App\\Models\\User', 1),
(45, 'App\\Models\\User', 1),
(46, 'App\\Models\\User', 1),
(47, 'App\\Models\\User', 1),
(48, 'App\\Models\\User', 1),
(49, 'App\\Models\\User', 1),
(50, 'App\\Models\\User', 1),
(51, 'App\\Models\\User', 1),
(52, 'App\\Models\\User', 1),
(53, 'App\\Models\\User', 1),
(54, 'App\\Models\\User', 1),
(55, 'App\\Models\\User', 1),
(56, 'App\\Models\\User', 1),
(57, 'App\\Models\\User', 1),
(58, 'App\\Models\\User', 1),
(59, 'App\\Models\\User', 1),
(60, 'App\\Models\\User', 1),
(61, 'App\\Models\\User', 1),
(62, 'App\\Models\\User', 1),
(63, 'App\\Models\\User', 1),
(64, 'App\\Models\\User', 1),
(65, 'App\\Models\\User', 1),
(66, 'App\\Models\\User', 1),
(67, 'App\\Models\\User', 1),
(68, 'App\\Models\\User', 1),
(69, 'App\\Models\\User', 1),
(70, 'App\\Models\\User', 1),
(71, 'App\\Models\\User', 1),
(72, 'App\\Models\\User', 1),
(73, 'App\\Models\\User', 1),
(74, 'App\\Models\\User', 1),
(75, 'App\\Models\\User', 1),
(76, 'App\\Models\\User', 1),
(77, 'App\\Models\\User', 1),
(78, 'App\\Models\\User', 1),
(79, 'App\\Models\\User', 1),
(80, 'App\\Models\\User', 1),
(81, 'App\\Models\\User', 1),
(82, 'App\\Models\\User', 1),
(83, 'App\\Models\\User', 1),
(84, 'App\\Models\\User', 1),
(85, 'App\\Models\\User', 1),
(86, 'App\\Models\\User', 1),
(87, 'App\\Models\\User', 1),
(88, 'App\\Models\\User', 1),
(89, 'App\\Models\\User', 1),
(90, 'App\\Models\\User', 1),
(91, 'App\\Models\\User', 1),
(92, 'App\\Models\\User', 1),
(93, 'App\\Models\\User', 1),
(94, 'App\\Models\\User', 1),
(95, 'App\\Models\\User', 1),
(96, 'App\\Models\\User', 1),
(97, 'App\\Models\\User', 1),
(98, 'App\\Models\\User', 1),
(99, 'App\\Models\\User', 1),
(100, 'App\\Models\\User', 1),
(101, 'App\\Models\\User', 1),
(102, 'App\\Models\\User', 1),
(103, 'App\\Models\\User', 1),
(104, 'App\\Models\\User', 1),
(105, 'App\\Models\\User', 1),
(106, 'App\\Models\\User', 1),
(107, 'App\\Models\\User', 1),
(108, 'App\\Models\\User', 1),
(109, 'App\\Models\\User', 1),
(110, 'App\\Models\\User', 1),
(111, 'App\\Models\\User', 1),
(112, 'App\\Models\\User', 1),
(113, 'App\\Models\\User', 1),
(114, 'App\\Models\\User', 1),
(115, 'App\\Models\\User', 1),
(116, 'App\\Models\\User', 1),
(117, 'App\\Models\\User', 1),
(118, 'App\\Models\\User', 1),
(119, 'App\\Models\\User', 1),
(120, 'App\\Models\\User', 1),
(121, 'App\\Models\\User', 1),
(122, 'App\\Models\\User', 1);

-- --------------------------------------------------------

--
-- Table structure for table `model_has_roles`
--

CREATE TABLE `model_has_roles` (
  `role_id` bigint(20) UNSIGNED NOT NULL,
  `model_type` varchar(255) NOT NULL,
  `model_id` bigint(20) UNSIGNED NOT NULL
) ENGINE=InnoDB DEFAULT CHARSET=utf8mb4 COLLATE=utf8mb4_unicode_ci;

--
-- Dumping data for table `model_has_roles`
--

INSERT INTO `model_has_roles` (`role_id`, `model_type`, `model_id`) VALUES
(1, 'App\\Models\\User', 1),
(1, 'App\\Models\\User', 2),
(1, 'App\\Models\\User', 3),
(2, 'App\\Models\\User', 11);

-- --------------------------------------------------------

--
-- Table structure for table `notification`
--

CREATE TABLE `notification` (
  `id` bigint(20) UNSIGNED NOT NULL,
  `notification` text DEFAULT NULL,
  `dept` bigint(20) UNSIGNED DEFAULT NULL,
  `employee_id` bigint(20) UNSIGNED DEFAULT NULL,
  `created_by` bigint(20) UNSIGNED DEFAULT NULL,
  `created_at` timestamp NULL DEFAULT NULL,
  `updated_at` timestamp NULL DEFAULT NULL,
  `deleted_at` timestamp NULL DEFAULT NULL
) ENGINE=InnoDB DEFAULT CHARSET=utf8mb4 COLLATE=utf8mb4_unicode_ci;

--
-- Dumping data for table `notification`
--

INSERT INTO `notification` (`id`, `notification`, `dept`, `employee_id`, `created_by`, `created_at`, `updated_at`, `deleted_at`) VALUES
(1, 'test', NULL, 1, 1, '2024-04-07 13:03:02', '2024-04-07 13:03:02', NULL),
(2, 'api', NULL, 1, 1, '2024-04-09 02:02:03', '2024-04-09 02:02:03', NULL),
(3, 'ava', NULL, 1, 1, '2024-04-16 13:08:06', '2024-04-16 13:08:06', NULL),
(4, 'etett', NULL, NULL, 1, '2024-07-21 09:48:35', '2024-07-21 10:23:21', '2024-07-21 10:23:21'),
(5, 'etett', NULL, 1, 1, '2024-07-21 09:48:35', '2024-07-21 09:48:35', NULL),
(6, 'notify', NULL, 1, 1, '2024-07-21 10:20:49', '2024-07-21 10:20:49', NULL),
(7, 'aaa', NULL, 1, 1, '2024-07-21 10:39:25', '2024-07-21 10:39:25', NULL),
(8, 'aaa', NULL, 2, 1, '2024-07-21 10:39:26', '2024-07-21 10:39:26', NULL),
(9, 'aaa', NULL, 3, 1, '2024-07-21 10:39:26', '2024-07-21 10:39:26', NULL),
(10, 'aaa', NULL, 5, 1, '2024-07-21 10:39:26', '2024-07-21 10:39:26', NULL),
(11, 'dwde', NULL, 1, 1, '2024-07-21 10:42:07', '2024-07-21 10:42:07', NULL);

-- --------------------------------------------------------

--
-- Table structure for table `notifications`
--

CREATE TABLE `notifications` (
  `id` char(36) NOT NULL,
  `type` varchar(255) DEFAULT NULL,
  `notifiable_type` varchar(255) NOT NULL,
  `notifiable_id` bigint(20) UNSIGNED NOT NULL,
  `data` text DEFAULT NULL,
  `read_at` timestamp NULL DEFAULT NULL,
  `created_at` timestamp NULL DEFAULT NULL,
  `updated_at` timestamp NULL DEFAULT NULL
) ENGINE=InnoDB DEFAULT CHARSET=utf8mb4 COLLATE=utf8mb4_unicode_ci;

--
-- Dumping data for table `notifications`
--

INSERT INTO `notifications` (`id`, `type`, `notifiable_type`, `notifiable_id`, `data`, `read_at`, `created_at`, `updated_at`) VALUES
('0f7ed7e7-7ec2-468a-b77f-88af74cfef9d', 'App\\Notifications\\NotificationNotification', 'App\\Models\\User', 1, '[\"dwde\"]', NULL, '2024-07-21 10:42:07', '2024-07-21 10:42:07'),
('13166e4e-af37-4f26-a30e-4391949291f5', 'App\\Notifications\\NotificationNotification', 'App\\Models\\User', 1, '[\"aaa\"]', NULL, '2024-07-21 10:39:25', '2024-07-21 10:39:25'),
('3ea50135-375a-42c8-8135-1c50f5b99499', 'App\\Notifications\\NotificationNotification', 'App\\Models\\User', 1, '[\"New Notification Added\"]', NULL, '2024-04-16 13:08:06', '2024-04-16 13:08:06'),
('4a47d945-fb38-4a97-a2b3-78c88658b794', 'App\\Notifications\\TicketReplyNotification', 'App\\Models\\Customer', 9, '[\"Ahmed NabilAdd New Ticket Reply\"]', NULL, '2024-04-23 11:55:49', '2024-04-23 11:55:49'),
('4f64840c-9d4b-4a27-b70a-5846c0c5feac', 'App\\Notifications\\TicketReplyNotification', 'App\\Models\\User', 2, '[\"\\u0627\\u062d\\u0645\\u062f \\u0627\\u0628\\u0631\\u0627\\u0647\\u064a\\u0645Add New Ticket Reply\"]', NULL, '2024-04-23 11:12:21', '2024-04-23 11:12:21'),
('5a84f309-f10f-4974-9574-39330428c26f', 'App\\Notifications\\TicketReplyNotification', 'App\\Models\\User', 2, '[\"\\u0627\\u062d\\u0645\\u062f \\u0627\\u0628\\u0631\\u0627\\u0647\\u064a\\u0645Add New Ticket Reply\"]', NULL, '2024-04-23 11:52:46', '2024-04-23 11:52:46'),
('85d6b4d4-de98-4f40-a368-9fda5e53cb20', 'App\\Notifications\\TicketReplyNotification', 'App\\Models\\User', 1, '[\"\\u0627\\u062d\\u0645\\u062f \\u0627\\u0628\\u0631\\u0627\\u0647\\u064a\\u0645Add New Ticket Reply\"]', NULL, '2024-04-23 11:55:56', '2024-04-23 11:55:56'),
('92fc625b-4b56-4187-9ca7-2cc92e9a1096', 'App\\Notifications\\NotificationNotification', 'App\\Models\\User', 2, '[\"aaa\"]', NULL, '2024-07-21 10:39:26', '2024-07-21 10:39:26'),
('99499', 'App\\Notifications\\NotificationNotification', 'App\\Models\\Customer', 9, '[\"New Notification Added\"]', NULL, '2024-04-16 13:08:06', '2024-04-16 13:08:06'),
('a4264a74-da1d-43d4-9715-ee206382ef6d', 'App\\Notifications\\TicketReplyNotification', 'App\\Models\\User', 1, '[\"\\u0627\\u062d\\u0645\\u062f \\u0627\\u0628\\u0631\\u0627\\u0647\\u064a\\u0645Add New Ticket Reply\"]', NULL, '2024-04-23 11:55:38', '2024-04-23 11:55:38'),
('ab5f6d39-faf7-45e9-9a37-b37144e3ca3d', 'App\\Notifications\\NotificationNotification', 'App\\Models\\User', 11, '[\"aaa\"]', NULL, '2024-07-21 10:39:26', '2024-07-21 10:39:26'),
('c13df451-25d7-45ce-8d19-82aa938196bd', 'App\\Notifications\\NotificationNotification', 'App\\Models\\User', 3, '[\"aaa\"]', NULL, '2024-07-21 10:39:26', '2024-07-21 10:39:26'),
('c9ea274c-135d-4cc0-b656-e4fa2ddb82d8', 'App\\Notifications\\NotificationNotification', 'App\\Models\\User', 1, '[\"notify\"]', NULL, '2024-07-21 10:20:49', '2024-07-21 10:20:49'),
('fad70ba1-6b97-473d-b0eb-5ed64d5b52d3', 'App\\Notifications\\NotificationNotification', 'App\\Models\\User', 1, '[\"etett\"]', NULL, '2024-07-21 09:48:36', '2024-07-21 09:48:36');

-- --------------------------------------------------------

--
-- Table structure for table `organizations`
--

CREATE TABLE `organizations` (
  `id` bigint(20) UNSIGNED NOT NULL,
  `name` varchar(255) DEFAULT NULL,
  `email` varchar(255) DEFAULT NULL,
  `phone` varchar(255) DEFAULT NULL,
  `website` varchar(255) DEFAULT 'http://',
  `connect_since` date DEFAULT NULL,
  `address` varchar(255) DEFAULT NULL,
  `city` varchar(255) DEFAULT NULL,
  `description` varchar(255) DEFAULT NULL,
  `profile_image` int(11) DEFAULT NULL,
  `profile` int(11) DEFAULT NULL,
  `assigned_to` bigint(20) UNSIGNED DEFAULT 1,
  `created_at` timestamp NULL DEFAULT NULL,
  `updated_at` timestamp NULL DEFAULT NULL,
  `deleted_at` timestamp NULL DEFAULT NULL
) ENGINE=InnoDB DEFAULT CHARSET=utf8mb4 COLLATE=utf8mb4_unicode_ci;

-- --------------------------------------------------------

--
-- Table structure for table `password_resets`
--

CREATE TABLE `password_resets` (
  `email` varchar(255) NOT NULL,
  `token` varchar(255) NOT NULL,
  `created_at` timestamp NULL DEFAULT NULL
) ENGINE=InnoDB DEFAULT CHARSET=utf8mb4 COLLATE=utf8mb4_unicode_ci;

-- --------------------------------------------------------

--
-- Table structure for table `permissions`
--

CREATE TABLE `permissions` (
  `id` bigint(20) UNSIGNED NOT NULL,
  `name` varchar(255) NOT NULL,
  `guard_name` varchar(255) NOT NULL,
  `created_at` timestamp NULL DEFAULT NULL,
  `updated_at` timestamp NULL DEFAULT NULL
) ENGINE=InnoDB DEFAULT CHARSET=utf8mb4 COLLATE=utf8mb4_unicode_ci;

--
-- Dumping data for table `permissions`
--

INSERT INTO `permissions` (`id`, `name`, `guard_name`, `created_at`, `updated_at`) VALUES
(1, 'المستخدمين', 'web', '2024-01-30 10:45:42', '2024-01-30 10:45:42'),
(2, 'قائمة المستخدمين', 'web', '2024-01-30 10:45:42', '2024-01-30 10:45:42'),
(3, 'صلاحيات المستخدمين', 'web', '2024-01-30 10:45:42', '2024-01-30 10:45:42'),
(4, 'إضافة مستخدم', 'web', '2024-01-30 10:45:42', '2024-01-30 10:45:42'),
(5, 'تعديل مستخدم', 'web', '2024-01-30 10:45:42', '2024-01-30 10:45:42'),
(6, 'حذف مستخدم', 'web', '2024-01-30 10:45:42', '2024-01-30 10:45:42'),
(7, 'عرض صلاحية', 'web', '2024-01-30 10:45:42', '2024-01-30 10:45:42'),
(8, 'إضافة صلاحية', 'web', '2024-01-30 10:45:42', '2024-01-30 10:45:42'),
(9, 'تعديل صلاحية', 'web', '2024-01-30 10:45:42', '2024-01-30 10:45:42'),
(10, 'حذف صلاحية', 'web', '2024-01-30 10:45:42', '2024-01-30 10:45:42'),
(11, 'الإشعارات', 'web', '2024-01-30 10:45:42', '2024-01-30 10:45:42'),
(12, 'الأماكن', 'web', '2024-02-14 09:16:14', '2024-02-14 09:16:14'),
(13, 'عرض الدول', 'web', '2024-02-14 09:16:14', '2024-02-14 09:16:14'),
(14, 'إضافة الدول', 'web', '2024-02-14 09:16:14', '2024-02-14 09:16:14'),
(15, 'تعديل الدول', 'web', '2024-02-14 09:16:14', '2024-02-14 09:16:14'),
(16, 'حذف الدول', 'web', '2024-02-14 09:16:14', '2024-02-14 09:16:14'),
(17, 'عرض المدن', 'web', '2024-02-14 09:16:14', '2024-02-14 09:16:14'),
(18, 'إضافة المدن', 'web', '2024-02-14 09:16:14', '2024-02-14 09:16:14'),
(19, 'تعديل المدن', 'web', '2024-02-14 09:16:14', '2024-02-14 09:16:14'),
(20, 'حذف المدن', 'web', '2024-02-14 09:16:14', '2024-02-14 09:16:14'),
(21, 'عرض المناطق', 'web', '2024-02-14 09:16:14', '2024-02-14 09:16:14'),
(22, 'إضافة المناطق', 'web', '2024-02-14 09:16:15', '2024-02-14 09:16:15'),
(23, 'تعديل المناطق', 'web', '2024-02-14 09:16:15', '2024-02-14 09:16:15'),
(24, 'حذف المناطق', 'web', '2024-02-14 09:16:15', '2024-02-14 09:16:15'),
(25, 'بيانات جهات الإتصال', 'web', '2024-02-14 09:16:15', '2024-02-14 09:16:15'),
(26, 'عرض مصادر جهات الإتصال', 'web', '2024-02-14 09:16:15', '2024-02-14 09:16:15'),
(27, 'إضافة مصادر جهات الإتصال', 'web', '2024-02-14 09:16:15', '2024-02-14 09:16:15'),
(28, 'تعديل مصادر جهات الإتصال', 'web', '2024-02-14 09:16:15', '2024-02-14 09:16:15'),
(29, 'حذف مصادر جهات الإتصال', 'web', '2024-02-14 09:16:15', '2024-02-14 09:16:15'),
(30, 'عرض فئات جهات الإتصال', 'web', '2024-02-14 09:16:15', '2024-02-14 09:16:15'),
(31, 'إضافة فئات جهات الإتصال', 'web', '2024-02-14 09:16:15', '2024-02-14 09:16:15'),
(32, 'تعديل فئات جهات الإتصال', 'web', '2024-02-14 09:16:15', '2024-02-14 09:16:15'),
(33, 'حذف فئات جهات الإتصال', 'web', '2024-02-14 09:16:15', '2024-02-14 09:16:15'),
(34, 'بيانات الأنشطة', 'web', '2024-02-14 09:16:15', '2024-02-14 09:16:15'),
(35, 'عرض الأنشطة الرئيسية', 'web', '2024-02-14 09:16:15', '2024-02-14 09:16:15'),
(36, 'إضافة الأنشطة الرئيسية', 'web', '2024-02-14 09:16:15', '2024-02-14 09:16:15'),
(37, 'تعديل الأنشطة الرئيسية', 'web', '2024-02-14 09:16:15', '2024-02-14 09:16:15'),
(38, 'حذف الأنشطة الرئيسية', 'web', '2024-02-14 09:16:15', '2024-02-14 09:16:15'),
(39, 'عرض الأنشطة الفرعية', 'web', '2024-02-14 09:16:15', '2024-02-14 09:16:15'),
(40, 'إضافة الأنشطة الفرعية', 'web', '2024-02-14 09:16:15', '2024-02-14 09:16:15'),
(41, 'تعديل الأنشطة الفرعية', 'web', '2024-02-14 09:16:15', '2024-02-14 09:16:15'),
(42, 'حذف الأنشطة الفرعية', 'web', '2024-02-14 09:16:15', '2024-02-14 09:16:15'),
(43, 'عرض قطاعات الأعمال', 'web', '2024-02-14 09:16:15', '2024-02-14 09:16:15'),
(44, 'إضافة قطاعات الأعمال', 'web', '2024-02-14 09:16:15', '2024-02-14 09:16:15'),
(45, 'تعديل قطاعات الأعمال', 'web', '2024-02-14 09:16:15', '2024-02-14 09:16:15'),
(46, 'حذف قطاعات الأعمال', 'web', '2024-02-14 09:16:15', '2024-02-14 09:16:15'),
(47, 'عرض التخصصات', 'web', '2024-02-14 09:16:15', '2024-02-14 09:16:15'),
(48, 'إضافة التخصصات', 'web', '2024-02-14 09:16:15', '2024-02-14 09:16:15'),
(49, 'تعديل التخصصات', 'web', '2024-02-14 09:16:15', '2024-02-14 09:16:15'),
(50, 'حذف التخصصات', 'web', '2024-02-14 09:16:15', '2024-02-14 09:16:15'),
(51, 'عرض المسميات الوظيفية', 'web', '2024-02-14 09:16:15', '2024-02-14 09:16:15'),
(52, 'إضافة المسميات الوظيفية', 'web', '2024-02-14 09:16:15', '2024-02-14 09:16:15'),
(53, 'تعديل المسميات الوظيفية', 'web', '2024-02-14 09:16:15', '2024-02-14 09:16:15'),
(54, 'حذف المسميات الوظيفية', 'web', '2024-02-14 09:16:15', '2024-02-14 09:16:15'),
(55, 'عرض الردود المحفوظة', 'web', '2024-02-14 09:16:15', '2024-02-14 09:16:15'),
(56, 'إضافة الردود المحفوظة', 'web', '2024-02-14 09:16:15', '2024-02-14 09:16:15'),
(57, 'تعديل الردود المحفوظة', 'web', '2024-02-14 09:16:16', '2024-02-14 09:16:16'),
(58, 'حذف الردود المحفوظة', 'web', '2024-02-14 09:16:16', '2024-02-14 09:16:16'),
(59, 'عرض تارجت الموظفين', 'web', '2024-02-14 09:16:16', '2024-02-14 09:16:16'),
(60, 'إضافة تارجت الموظفين', 'web', '2024-02-14 09:16:16', '2024-02-14 09:16:16'),
(61, 'تعديل تارجت الموظفين', 'web', '2024-02-14 09:16:16', '2024-02-14 09:16:16'),
(62, 'حذف تارجت الموظفين', 'web', '2024-02-14 09:16:16', '2024-02-14 09:16:16'),
(63, 'إدارة علاقات العملاء', 'web', '2024-02-14 09:16:16', '2024-02-14 09:16:16'),
(64, 'عرض جهات الإتصال', 'web', '2024-02-14 09:16:16', '2024-02-14 09:16:16'),
(65, 'إضافة جهات الإتصال', 'web', '2024-02-14 09:16:16', '2024-02-14 09:16:16'),
(66, 'تعديل جهات الإتصال', 'web', '2024-02-14 09:16:16', '2024-02-14 09:16:16'),
(67, 'حذف جهات الإتصال', 'web', '2024-02-14 09:16:16', '2024-02-14 09:16:16'),
(68, 'أرشفة جهات الإتصال', 'web', '2024-02-14 09:16:16', '2024-02-14 09:16:16'),
(69, 'تصدير جهات الإتصال', 'web', '2024-02-14 09:16:16', '2024-02-14 09:16:16'),
(70, 'إستيراد جهات الإتصال', 'web', '2024-02-14 09:16:16', '2024-02-14 09:16:16'),
(71, 'تغيير حالات تنشيط جهات الإتصال', 'web', '2024-02-14 09:16:16', '2024-02-14 09:16:16'),
(72, 'إرسال رسائل جهات الإتصال', 'web', '2024-02-14 09:16:16', '2024-02-14 09:16:16'),
(73, 'إضافة مكالمات جهات الإتصال', 'web', '2024-02-14 09:16:16', '2024-02-14 09:16:16'),
(74, 'عرض العملاء', 'web', '2024-02-14 09:16:16', '2024-02-14 09:16:16'),
(75, 'إضافة العملاء', 'web', '2024-02-14 09:16:16', '2024-02-14 09:16:16'),
(76, 'تعديل العملاء', 'web', '2024-02-14 09:16:16', '2024-02-14 09:16:16'),
(77, 'حذف العملاء', 'web', '2024-02-14 09:16:16', '2024-02-14 09:16:16'),
(78, 'إستيراد العملاء', 'web', '2024-02-14 09:16:16', '2024-02-14 09:16:16'),
(79, 'إضافة فواتير العملاء', 'web', '2024-02-14 09:16:16', '2024-02-14 09:16:16'),
(80, 'تعديل فواتير العملاء', 'web', '2024-02-14 09:16:16', '2024-02-14 09:16:16'),
(81, 'إضافة تذكيرات العملاء', 'web', '2024-02-14 09:16:16', '2024-02-14 09:16:16'),
(82, 'إضافة إعادة إستهداف العملاء', 'web', '2024-02-14 09:16:16', '2024-02-14 09:16:16'),
(83, 'إضافة عملاء مرتبط العملاء', 'web', '2024-02-14 09:16:16', '2024-02-14 09:16:16'),
(84, 'التسويق', 'web', '2024-02-14 09:16:16', '2024-02-14 09:16:16'),
(85, 'عرض الحملات', 'web', '2024-02-14 09:16:16', '2024-02-14 09:16:16'),
(86, 'إضافة الحملات', 'web', '2024-02-14 09:16:16', '2024-02-14 09:16:16'),
(87, 'تعديل الحملات', 'web', '2024-02-14 09:16:16', '2024-02-14 09:16:16'),
(88, 'حذف الحملات', 'web', '2024-02-14 09:16:16', '2024-02-14 09:16:16'),
(89, 'عرض أنظمة النقاط', 'web', '2024-02-14 09:16:16', '2024-02-14 09:16:16'),
(90, 'إضافة أنظمة النقاط', 'web', '2024-02-14 09:16:16', '2024-02-14 09:16:16'),
(91, 'تعديل أنظمة النقاط', 'web', '2024-02-14 09:16:16', '2024-02-14 09:16:16'),
(92, 'حذف أنظمة النقاط', 'web', '2024-02-14 09:16:16', '2024-02-14 09:16:16'),
(93, 'التقارير', 'web', '2024-02-14 09:16:16', '2024-02-14 09:16:16'),
(94, 'عرض تقارير المكالمات والزيارات', 'web', '2024-02-14 09:16:17', '2024-02-14 09:16:17'),
(95, 'عرض تقارير جهات الإتصال', 'web', '2024-02-14 09:16:17', '2024-02-14 09:16:17'),
(96, 'عرض تقارير مبيعات الموظفين', 'web', '2024-02-14 09:16:17', '2024-02-14 09:16:17'),
(97, 'عرض تقارير مبيعات الفروع', 'web', '2024-02-14 09:16:17', '2024-02-14 09:16:17'),
(98, 'عرض تقارير مبيعات الأنشظة', 'web', '2024-02-14 09:16:17', '2024-02-14 09:16:17'),
(99, 'التنبيهات', 'web', '2024-02-14 09:16:17', '2024-02-14 09:16:17'),
(100, 'عرض تذكيرات اليوم', 'web', '2024-02-14 09:16:17', '2024-02-14 09:16:17'),
(101, 'عرض تذكيرات الشهر', 'web', '2024-02-14 09:16:17', '2024-02-14 09:16:17'),
(102, 'عرض الإشعارات', 'web', '2024-02-14 09:16:17', '2024-02-14 09:16:17'),
(103, 'إضافة الإشعارات', 'web', '2024-02-14 09:16:17', '2024-02-14 09:16:17'),
(104, 'تعديل الإشعارات', 'web', '2024-02-14 09:16:17', '2024-02-14 09:16:17'),
(105, 'حذف الإشعارات', 'web', '2024-02-14 09:16:17', '2024-02-14 09:16:17'),
(106, 'الفريق', 'web', '2024-02-14 09:16:17', '2024-02-14 09:16:17'),
(107, 'عرض الفروع', 'web', '2024-02-14 09:16:17', '2024-02-14 09:16:17'),
(108, 'إضافة الفروع', 'web', '2024-02-14 09:16:17', '2024-02-14 09:16:17'),
(109, 'تعديل الفروع', 'web', '2024-02-14 09:16:17', '2024-02-14 09:16:17'),
(110, 'حذف الفروع', 'web', '2024-02-14 09:16:17', '2024-02-14 09:16:17'),
(111, 'عرض الأقسام', 'web', '2024-02-14 09:16:17', '2024-02-14 09:16:17'),
(112, 'إضافة الأقسام', 'web', '2024-02-14 09:16:17', '2024-02-14 09:16:17'),
(113, 'تعديل الأقسام', 'web', '2024-02-14 09:16:17', '2024-02-14 09:16:17'),
(114, 'حذف الأقسام', 'web', '2024-02-14 09:16:17', '2024-02-14 09:16:17'),
(115, 'عرض الصلاحيات', 'web', '2024-02-14 09:16:17', '2024-02-14 09:16:17'),
(116, 'إضافة الصلاحيات', 'web', '2024-02-14 09:16:17', '2024-02-14 09:16:17'),
(117, 'تعديل الصلاحيات', 'web', '2024-02-14 09:16:17', '2024-02-14 09:16:17'),
(118, 'حذف الصلاحيات', 'web', '2024-02-14 09:16:17', '2024-02-14 09:16:17'),
(119, 'عرض المستخدمين', 'web', '2024-02-14 09:16:17', '2024-02-14 09:16:17'),
(120, 'إضافة المستخدمين', 'web', '2024-02-14 09:16:17', '2024-02-14 09:16:17'),
(121, 'تعديل المستخدمين', 'web', '2024-02-14 09:16:17', '2024-02-14 09:16:17'),
(122, 'حذف المستخدمين', 'web', '2024-02-14 09:16:17', '2024-02-14 09:16:17');

-- --------------------------------------------------------

--
-- Table structure for table `personal_access_tokens`
--

CREATE TABLE `personal_access_tokens` (
  `id` bigint(20) UNSIGNED NOT NULL,
  `tokenable_type` varchar(255) NOT NULL,
  `tokenable_id` bigint(20) UNSIGNED NOT NULL,
  `name` varchar(255) NOT NULL,
  `token` varchar(64) NOT NULL,
  `abilities` text DEFAULT NULL,
  `last_used_at` timestamp NULL DEFAULT NULL,
  `created_at` timestamp NULL DEFAULT NULL,
  `updated_at` timestamp NULL DEFAULT NULL
) ENGINE=InnoDB DEFAULT CHARSET=utf8mb4 COLLATE=utf8mb4_unicode_ci;

-- --------------------------------------------------------

--
-- Table structure for table `points`
--

CREATE TABLE `points` (
  `id` bigint(20) UNSIGNED NOT NULL,
  `points` int(11) DEFAULT NULL,
  `expiry_date` date DEFAULT NULL,
  `activity_id` bigint(20) UNSIGNED DEFAULT NULL,
  `sub_activity_id` bigint(20) UNSIGNED DEFAULT NULL,
  `customer_id` bigint(20) UNSIGNED DEFAULT NULL,
  `created_at` timestamp NULL DEFAULT NULL,
  `updated_at` timestamp NULL DEFAULT NULL
) ENGINE=InnoDB DEFAULT CHARSET=utf8mb4 COLLATE=utf8mb4_unicode_ci;

--
-- Dumping data for table `points`
--

INSERT INTO `points` (`id`, `points`, `expiry_date`, `activity_id`, `sub_activity_id`, `customer_id`, `created_at`, `updated_at`) VALUES
(4, 1500, '2024-05-16', 1, 1, 8, '2024-02-06 09:44:10', '2024-02-06 09:44:10'),
(5, 40000, '2024-08-31', 2, 2, 9, '2024-02-13 09:20:48', '2024-02-13 09:20:48'),
(6, 3000, '2024-08-01', NULL, NULL, 11, '2024-04-23 10:29:15', '2024-04-23 10:29:15'),
(7, 3000, '2024-08-01', NULL, NULL, 11, '2024-04-23 10:29:15', '2024-04-23 10:29:15'),
(8, 3000, '2024-08-01', NULL, NULL, 11, '2024-04-23 10:30:22', '2024-04-23 10:30:22'),
(9, 3000, '2024-08-01', NULL, NULL, 11, '2024-04-23 10:30:22', '2024-04-23 10:30:22'),
(10, 1000, '2025-01-31', 2, 2, 12, '2024-07-15 07:36:10', '2024-07-15 07:36:10'),
(11, 3000, '2024-10-23', 1, 1, 13, '2024-07-15 11:06:06', '2024-07-15 11:06:06');

-- --------------------------------------------------------

--
-- Table structure for table `point_histories`
--

CREATE TABLE `point_histories` (
  `id` bigint(20) UNSIGNED NOT NULL,
  `points` int(11) NOT NULL,
  `expiry_date` date DEFAULT NULL,
  `customer_id` bigint(20) UNSIGNED DEFAULT NULL,
  `activity_id` bigint(20) UNSIGNED DEFAULT NULL,
  `sub_activity_id` bigint(20) UNSIGNED DEFAULT NULL,
  `created_at` timestamp NULL DEFAULT NULL,
  `updated_at` timestamp NULL DEFAULT NULL
) ENGINE=InnoDB DEFAULT CHARSET=utf8mb4 COLLATE=utf8mb4_unicode_ci;

-- --------------------------------------------------------

--
-- Table structure for table `point_settings`
--

CREATE TABLE `point_settings` (
  `id` bigint(20) UNSIGNED NOT NULL,
  `conversion_rate` decimal(8,2) DEFAULT NULL,
  `sales_conversion_rate` decimal(8,2) DEFAULT NULL,
  `points` int(11) DEFAULT NULL,
  `expiry_days` int(11) DEFAULT NULL,
  `activity_id` bigint(20) UNSIGNED DEFAULT NULL,
  `sub_activity_id` bigint(20) UNSIGNED DEFAULT NULL,
  `created_at` timestamp NULL DEFAULT NULL,
  `updated_at` timestamp NULL DEFAULT NULL,
  `deleted_at` timestamp NULL DEFAULT NULL
) ENGINE=InnoDB DEFAULT CHARSET=utf8mb4 COLLATE=utf8mb4_unicode_ci;

--
-- Dumping data for table `point_settings`
--

INSERT INTO `point_settings` (`id`, `conversion_rate`, `sales_conversion_rate`, `points`, `expiry_days`, `activity_id`, `sub_activity_id`, `created_at`, `updated_at`, `deleted_at`) VALUES
(1, 1.00, 1.00, 1, 100, 1, 1, '2024-01-30 11:11:44', '2024-01-30 11:11:44', NULL),
(2, 2.00, 2.00, 2, 200, 2, 2, '2024-01-30 11:11:44', '2024-01-30 11:11:44', NULL);

-- --------------------------------------------------------

--
-- Table structure for table `recorder_reminders`
--

CREATE TABLE `recorder_reminders` (
  `id` bigint(20) UNSIGNED NOT NULL,
  `reminder_type` varchar(255) DEFAULT NULL,
  `reminder_date` datetime DEFAULT NULL,
  `expected_amount` int(11) DEFAULT NULL,
  `is_completed` tinyint(1) DEFAULT 0,
  `activity_id` bigint(20) UNSIGNED DEFAULT NULL,
  `interest_id` bigint(20) UNSIGNED DEFAULT NULL,
  `customer_id` bigint(20) UNSIGNED DEFAULT NULL,
  `invoice_id` bigint(20) UNSIGNED DEFAULT NULL,
  `created_at` timestamp NULL DEFAULT NULL,
  `updated_at` timestamp NULL DEFAULT NULL,
  `deleted_at` timestamp NULL DEFAULT NULL
) ENGINE=InnoDB DEFAULT CHARSET=utf8mb4 COLLATE=utf8mb4_unicode_ci;

--
-- Dumping data for table `recorder_reminders`
--

INSERT INTO `recorder_reminders` (`id`, `reminder_type`, `reminder_date`, `expected_amount`, `is_completed`, `activity_id`, `interest_id`, `customer_id`, `invoice_id`, `created_at`, `updated_at`, `deleted_at`) VALUES
(2, NULL, '2024-02-13 00:00:00', 30000, 0, 1, 1, 9, NULL, '2024-02-13 09:27:44', '2024-02-13 09:27:44', NULL);

-- --------------------------------------------------------

--
-- Table structure for table `reorder_reminders`
--

CREATE TABLE `reorder_reminders` (
  `id` bigint(20) UNSIGNED NOT NULL,
  `reminder_type` varchar(255) DEFAULT NULL,
  `reminder_date` datetime NOT NULL,
  `is_completed` tinyint(1) NOT NULL DEFAULT 0,
  `expected_amount` bigint(20) UNSIGNED DEFAULT NULL,
  `invoice_id` bigint(20) UNSIGNED DEFAULT NULL,
  `customer_id` bigint(20) UNSIGNED DEFAULT NULL,
  `interest_id` bigint(20) UNSIGNED DEFAULT NULL,
  `activity_id` bigint(20) UNSIGNED DEFAULT NULL,
  `created_at` timestamp NULL DEFAULT NULL,
  `updated_at` timestamp NULL DEFAULT NULL
) ENGINE=InnoDB DEFAULT CHARSET=utf8mb4 COLLATE=utf8mb4_unicode_ci;

--
-- Dumping data for table `reorder_reminders`
--

INSERT INTO `reorder_reminders` (`id`, `reminder_type`, `reminder_date`, `is_completed`, `expected_amount`, `invoice_id`, `customer_id`, `interest_id`, `activity_id`, `created_at`, `updated_at`) VALUES
(1, NULL, '2024-04-13 00:00:00', 0, 1000, NULL, 10, 1, 1, '2024-04-13 18:49:05', '2024-04-21 12:43:02'),
(2, NULL, '2024-04-15 00:00:00', 1, 1000, NULL, 10, 2, 2, '2024-04-15 12:36:57', '2024-04-21 12:22:27'),
(3, NULL, '2024-04-15 00:00:00', 1, 100, NULL, 10, 1, 1, '2024-04-15 12:37:52', '2024-04-21 12:15:22'),
(4, NULL, '2024-04-17 00:00:00', 1, 100, NULL, 10, 1, 1, '2024-04-17 15:06:23', '2024-04-21 12:15:24'),
(5, NULL, '2024-05-11 00:00:00', 0, 1000, NULL, 10, 1, 1, '2024-04-21 11:50:47', '2024-04-21 11:50:47');

-- --------------------------------------------------------

--
-- Table structure for table `roles`
--

CREATE TABLE `roles` (
  `id` bigint(20) UNSIGNED NOT NULL,
  `name` varchar(255) NOT NULL,
  `guard_name` varchar(255) NOT NULL,
  `created_at` timestamp NULL DEFAULT NULL,
  `updated_at` timestamp NULL DEFAULT NULL
) ENGINE=InnoDB DEFAULT CHARSET=utf8mb4 COLLATE=utf8mb4_unicode_ci;

--
-- Dumping data for table `roles`
--

INSERT INTO `roles` (`id`, `name`, `guard_name`, `created_at`, `updated_at`) VALUES
(1, 'Admin', 'web', '2024-01-30 10:45:42', '2024-01-30 10:45:42'),
(2, 'موظف', 'web', '2024-02-19 10:45:26', '2024-02-19 10:45:26');

-- --------------------------------------------------------

--
-- Table structure for table `role_has_permissions`
--

CREATE TABLE `role_has_permissions` (
  `permission_id` bigint(20) UNSIGNED NOT NULL,
  `role_id` bigint(20) UNSIGNED NOT NULL
) ENGINE=InnoDB DEFAULT CHARSET=utf8mb4 COLLATE=utf8mb4_unicode_ci;

--
-- Dumping data for table `role_has_permissions`
--

INSERT INTO `role_has_permissions` (`permission_id`, `role_id`) VALUES
(1, 1),
(2, 1),
(3, 1),
(4, 1),
(5, 1),
(6, 1),
(7, 1),
(8, 1),
(9, 1),
(10, 1),
(11, 1),
(12, 1),
(13, 1),
(14, 1),
(15, 1),
(16, 1),
(17, 1),
(18, 1),
(19, 1),
(20, 1),
(21, 1),
(22, 1),
(23, 1),
(24, 1),
(25, 1),
(25, 2),
(26, 1),
(26, 2),
(27, 1),
(27, 2),
(28, 1),
(28, 2),
(29, 1),
(30, 1),
(30, 2),
(31, 1),
(31, 2),
(32, 1),
(32, 2),
(33, 1),
(34, 1),
(35, 1),
(36, 1),
(37, 1),
(38, 1),
(39, 1),
(40, 1),
(41, 1),
(42, 1),
(43, 1),
(44, 1),
(45, 1),
(46, 1),
(47, 1),
(48, 1),
(49, 1),
(50, 1),
(63, 2),
(64, 2),
(65, 2),
(66, 2),
(68, 2),
(69, 2),
(70, 2),
(71, 2),
(72, 2),
(73, 2),
(74, 2),
(75, 2),
(76, 2),
(78, 2),
(79, 2),
(81, 2),
(82, 2),
(83, 2),
(93, 2),
(94, 2),
(95, 2),
(96, 2),
(97, 2),
(98, 2),
(99, 2),
(100, 2),
(101, 2),
(102, 2);

-- --------------------------------------------------------

--
-- Table structure for table `saved_replies`
--

CREATE TABLE `saved_replies` (
  `id` bigint(20) UNSIGNED NOT NULL,
  `reply` varchar(255) DEFAULT NULL,
  `created_at` timestamp NULL DEFAULT NULL,
  `updated_at` timestamp NULL DEFAULT NULL,
  `deleted_at` timestamp NULL DEFAULT NULL
) ENGINE=InnoDB DEFAULT CHARSET=utf8mb4 COLLATE=utf8mb4_unicode_ci;

--
-- Dumping data for table `saved_replies`
--

INSERT INTO `saved_replies` (`id`, `reply`, `created_at`, `updated_at`, `deleted_at`) VALUES
(1, 'محتاج تأشيرة تجارية', '2024-01-30 11:00:01', '2024-02-02 13:53:45', NULL),
(2, 'محتاج برنامج خمس نجوم على ساحة الحرم - اطلالة', '2024-01-30 11:00:09', '2024-02-02 13:54:25', NULL),
(3, 'طلب حجز شهر عسل خمس نجوم', '2024-02-08 15:02:07', '2024-02-08 15:02:07', NULL);

-- --------------------------------------------------------

--
-- Table structure for table `targets`
--

CREATE TABLE `targets` (
  `id` bigint(20) UNSIGNED NOT NULL,
  `amount_target` decimal(10,2) DEFAULT NULL,
  `calls_target` int(11) DEFAULT NULL,
  `employee_id` bigint(20) UNSIGNED DEFAULT NULL,
  `employee_target_id` bigint(20) UNSIGNED DEFAULT NULL,
  `activity_id` bigint(20) UNSIGNED DEFAULT NULL,
  `interest_id` bigint(20) UNSIGNED DEFAULT NULL,
  `created_at` timestamp NULL DEFAULT NULL,
  `updated_at` timestamp NULL DEFAULT NULL,
  `deleted_at` timestamp NULL DEFAULT NULL
) ENGINE=InnoDB DEFAULT CHARSET=utf8mb4 COLLATE=utf8mb4_unicode_ci;

--
-- Dumping data for table `targets`
--

INSERT INTO `targets` (`id`, `amount_target`, `calls_target`, `employee_id`, `employee_target_id`, `activity_id`, `interest_id`, `created_at`, `updated_at`, `deleted_at`) VALUES
(1, 1000.00, 10, 1, 1, 1, NULL, '2024-01-30 11:03:42', '2024-01-30 11:03:42', NULL),
(2, 2000.00, 20, 2, 2, 2, NULL, '2024-01-30 11:04:09', '2024-01-30 11:04:09', NULL),
(3, 2000.00, 20, 3, 3, 2, NULL, '2024-01-30 11:04:46', '2024-01-30 11:04:46', NULL),
(4, 1000000.00, 50, 1, 4, 2, NULL, '2024-02-01 17:09:55', '2024-02-01 17:09:55', NULL),
(5, 1000000.00, 100, 2, 5, 1, NULL, '2024-02-09 16:39:18', '2024-02-09 16:39:18', NULL),
(6, 100000.00, 50, 2, 5, 3, NULL, '2024-02-09 16:39:18', '2024-02-09 16:39:18', NULL),
(7, 1000000.00, 100, 2, 6, 1, NULL, '2024-02-13 09:06:22', '2024-02-13 09:06:22', NULL),
(8, 500000.00, 50, 2, 6, 4, NULL, '2024-02-13 09:06:22', '2024-02-13 09:06:22', NULL),
(9, 100000.00, 100, 2, 7, 8, NULL, '2024-02-26 15:46:26', '2024-02-26 15:46:26', NULL),
(10, 100000.00, 100, 2, 7, 1, NULL, '2024-02-26 15:46:26', '2024-02-26 15:46:26', NULL),
(11, 10.00, 10, 1, 8, 1, NULL, '2024-07-23 07:07:38', '2024-07-23 07:07:38', NULL),
(12, 20.00, 20, 1, 8, 2, NULL, '2024-07-23 07:07:38', '2024-07-23 07:07:38', NULL);

-- --------------------------------------------------------

--
-- Table structure for table `tickets`
--

CREATE TABLE `tickets` (
  `id` bigint(20) UNSIGNED NOT NULL,
  `ticket_type` enum('Technical Issue','Inquiry','Request') NOT NULL,
  `description` text NOT NULL,
  `status` enum('Pending','Open','In-Progress','Resolved') NOT NULL,
  `priority` enum('Low','Medium','High') NOT NULL,
  `customer_id` bigint(20) UNSIGNED DEFAULT NULL,
  `activity_id` bigint(20) UNSIGNED DEFAULT NULL,
  `interest_id` bigint(20) UNSIGNED DEFAULT NULL,
  `assigned_agent_id` bigint(20) UNSIGNED DEFAULT NULL,
  `created_at` timestamp NULL DEFAULT NULL,
  `updated_at` timestamp NULL DEFAULT NULL
) ENGINE=InnoDB DEFAULT CHARSET=utf8mb4 COLLATE=utf8mb4_unicode_ci;

--
-- Dumping data for table `tickets`
--

INSERT INTO `tickets` (`id`, `ticket_type`, `description`, `status`, `priority`, `customer_id`, `activity_id`, `interest_id`, `assigned_agent_id`, `created_at`, `updated_at`) VALUES
(1, 'Inquiry', 'السعر كام', 'Pending', 'Low', 9, 1, 1, 2, '2024-02-19 10:23:16', '2024-04-09 02:22:31'),
(2, 'Technical Issue', 'اغغاىاغااغىاىغ', 'Pending', 'Low', 9, 1, 3, NULL, '2024-02-19 10:32:05', '2024-02-19 10:32:05'),
(3, 'Request', 'محتاج وجبات وانتقالات', 'Open', 'Low', 9, 1, 1, 1, '2024-02-19 12:39:34', '2024-02-19 12:41:53'),
(4, 'Request', 'description', 'Pending', 'Low', 9, 1, 1, NULL, '2024-03-17 02:55:50', '2024-03-17 02:55:50'),
(5, 'Inquiry', 'hello_bro', 'Pending', 'Low', 9, 1, 3, NULL, '2024-03-17 03:41:07', '2024-03-17 03:41:07'),
(6, 'Inquiry', 'hello_bro', 'Pending', 'Low', 9, 1, 3, NULL, '2024-03-17 03:59:11', '2024-03-17 03:59:11'),
(7, 'Inquiry', 'cadasdasddsa', 'Pending', 'Low', 9, 1, 1, NULL, '2024-03-17 04:50:42', '2024-03-17 04:50:42'),
(8, 'Inquiry', 'ggttt', 'Resolved', 'Low', 9, 1, 3, NULL, '2024-03-17 09:14:12', '2024-04-13 21:42:41'),
(9, 'Request', 'price', 'Open', 'Low', 9, 1, 1, NULL, '2024-03-19 01:49:44', '2024-04-15 11:34:34');

-- --------------------------------------------------------

--
-- Table structure for table `uploads`
--

CREATE TABLE `uploads` (
  `id` bigint(20) UNSIGNED NOT NULL,
  `name` varchar(255) DEFAULT NULL,
  `path` varchar(255) DEFAULT NULL,
  `extension` varchar(255) DEFAULT NULL,
  `caption` varchar(255) DEFAULT NULL,
  `hash` varchar(255) DEFAULT NULL,
  `public` tinyint(1) DEFAULT 0,
  `user_id` bigint(20) UNSIGNED DEFAULT NULL,
  `created_at` timestamp NULL DEFAULT NULL,
  `updated_at` timestamp NULL DEFAULT NULL,
  `deleted_at` timestamp NULL DEFAULT NULL
) ENGINE=InnoDB DEFAULT CHARSET=utf8mb4 COLLATE=utf8mb4_unicode_ci;

-- --------------------------------------------------------

--
-- Table structure for table `users`
--

CREATE TABLE `users` (
  `id` bigint(20) UNSIGNED NOT NULL,
  `name` varchar(255) NOT NULL,
  `email` varchar(255) NOT NULL,
  `email_verified_at` timestamp NULL DEFAULT NULL,
  `mobile` varchar(255) NOT NULL,
  `password` varchar(255) NOT NULL,
  `photo` varchar(255) DEFAULT NULL,
  `roles_name` text DEFAULT NULL,
  `status` tinyint(1) DEFAULT 1,
  `active` tinyint(1) DEFAULT 1,
  `type` varchar(255) DEFAULT 'Employee',
  `context_id` bigint(20) UNSIGNED DEFAULT NULL,
  `remember_token` varchar(100) DEFAULT NULL,
  `firebase_token` varchar(255) DEFAULT NULL,
  `created_at` timestamp NULL DEFAULT NULL,
  `updated_at` timestamp NULL DEFAULT NULL,
  `deleted_at` timestamp NULL DEFAULT NULL
) ENGINE=InnoDB DEFAULT CHARSET=utf8mb4 COLLATE=utf8mb4_unicode_ci;

--
-- Dumping data for table `users`
--

INSERT INTO `users` (`id`, `name`, `email`, `email_verified_at`, `mobile`, `password`, `photo`, `roles_name`, `status`, `active`, `type`, `context_id`, `remember_token`, `firebase_token`, `created_at`, `updated_at`, `deleted_at`) VALUES
(1, 'Ahmed Nabil', 'ahmednassag@gmail.com', NULL, '01016856433', '$2y$10$zE1wvKTZwYO8DeaGFYOjO.6bEJ8ZjCvtMwc8wxCAvUuUnWLGmFb0q', NULL, '[\"Admin\"]', 1, 1, 'Employee', 1, NULL, '12345678', '2024-01-30 10:45:42', '2024-04-17 13:17:25', NULL),
(2, 'رنا محمد', 'rana@mv-is.com', NULL, '01148602531', '$2y$10$CxyhOAkXsDJhrWVaH9UAgeqXphh3wPgo0152hYi8cEwuh1dkbHYEm', NULL, '[\"Admin\"]', 1, 1, 'Employee', 2, NULL, NULL, '2024-01-30 11:02:05', '2024-02-03 09:38:08', NULL),
(3, 'وليد الكيلاني', 'ceo@mv-is.com', NULL, '01119066040', '$2y$10$1SBklFT2Z8PgLlgBZBHk/Odf5h9SDJGytl7zO4LOz8sEk0uXBqi0m', NULL, '[\"Admin\"]', 1, 1, 'Employee', 3, NULL, NULL, '2024-01-30 11:03:17', '2024-02-03 09:39:56', NULL),
(11, 'ahmed', 'ahmed@email.com', NULL, '0123456789', '$2y$10$ljTDeUer8g.99ZKr1Ehat.L36avBvhBevlLQpraySyeah5AgDnlAq', NULL, '[\"\\u0645\\u0648\\u0638\\u0641\"]', 1, 1, 'Employee', 5, NULL, NULL, '2024-05-12 06:34:02', '2024-05-12 06:34:02', NULL);

--
-- Indexes for dumped tables
--

--
-- Indexes for table `activates`
--
ALTER TABLE `activates`
  ADD PRIMARY KEY (`id`);

--
-- Indexes for table `areas`
--
ALTER TABLE `areas`
  ADD PRIMARY KEY (`id`),
  ADD KEY `areas_city_id_foreign` (`city_id`);

--
-- Indexes for table `attachments`
--
ALTER TABLE `attachments`
  ADD PRIMARY KEY (`id`),
  ADD KEY `attachments_customer_id_foreign` (`customer_id`),
  ADD KEY `attachments_ticket_id_foreign` (`ticket_id`);

--
-- Indexes for table `branches`
--
ALTER TABLE `branches`
  ADD PRIMARY KEY (`id`);

--
-- Indexes for table `campaigns`
--
ALTER TABLE `campaigns`
  ADD PRIMARY KEY (`id`),
  ADD KEY `campaigns_activity_id_foreign` (`activity_id`),
  ADD KEY `campaigns_interest_id_foreign` (`interest_id`),
  ADD KEY `campaigns_contact_source_id_foreign` (`contact_source_id`);

--
-- Indexes for table `categories`
--
ALTER TABLE `categories`
  ADD PRIMARY KEY (`id`),
  ADD KEY `categories_parent_id_foreign` (`parent_id`);

--
-- Indexes for table `cities`
--
ALTER TABLE `cities`
  ADD PRIMARY KEY (`id`),
  ADD KEY `cities_country_id_foreign` (`country_id`);

--
-- Indexes for table `communication_logs`
--
ALTER TABLE `communication_logs`
  ADD PRIMARY KEY (`id`),
  ADD KEY `communication_logs_ticket_id_foreign` (`ticket_id`);

--
-- Indexes for table `contacts`
--
ALTER TABLE `contacts`
  ADD PRIMARY KEY (`id`),
  ADD KEY `contacts_city_id_foreign` (`city_id`),
  ADD KEY `contacts_area_id_foreign` (`area_id`),
  ADD KEY `contacts_contact_source_id_foreign` (`contact_source_id`),
  ADD KEY `contacts_contact_category_id_foreign` (`contact_category_id`),
  ADD KEY `contacts_job_title_id_foreign` (`job_title_id`),
  ADD KEY `contacts_industry_id_foreign` (`industry_id`),
  ADD KEY `contacts_major_id_foreign` (`major_id`),
  ADD KEY `contacts_employee_id_foreign` (`employee_id`),
  ADD KEY `contacts_activity_id_foreign` (`activity_id`),
  ADD KEY `contacts_interest_id_foreign` (`interest_id`),
  ADD KEY `contacts_customer_id_foreign` (`customer_id`),
  ADD KEY `contacts_campaign_id_foreign` (`campaign_id`),
  ADD KEY `contacts_created_by_foreign` (`created_by`),
  ADD KEY `contacts_branch_id_foreign` (`branch_id`);

--
-- Indexes for table `contact_categories`
--
ALTER TABLE `contact_categories`
  ADD PRIMARY KEY (`id`);

--
-- Indexes for table `contact_completions`
--
ALTER TABLE `contact_completions`
  ADD PRIMARY KEY (`id`),
  ADD KEY `contact_completions_contact_id_foreign` (`contact_id`),
  ADD KEY `contact_completions_completed_by_foreign` (`completed_by`);

--
-- Indexes for table `contact_sources`
--
ALTER TABLE `contact_sources`
  ADD PRIMARY KEY (`id`);

--
-- Indexes for table `countries`
--
ALTER TABLE `countries`
  ADD PRIMARY KEY (`id`);

--
-- Indexes for table `customers`
--
ALTER TABLE `customers`
  ADD PRIMARY KEY (`id`),
  ADD KEY `customers_city_id_foreign` (`city_id`),
  ADD KEY `customers_area_id_foreign` (`area_id`),
  ADD KEY `customers_contact_source_id_foreign` (`contact_source_id`),
  ADD KEY `customers_contact_category_id_foreign` (`contact_category_id`),
  ADD KEY `customers_job_title_id_foreign` (`job_title_id`),
  ADD KEY `customers_industry_id_foreign` (`industry_id`),
  ADD KEY `customers_major_id_foreign` (`major_id`),
  ADD KEY `customers_parent_id_foreign` (`parent_id`),
  ADD KEY `customers_activity_id_foreign` (`activity_id`),
  ADD KEY `customers_branch_id_foreign` (`branch_id`),
  ADD KEY `customers_created_by_foreign` (`created_by`),
  ADD KEY `customers_interest_id_foreign` (`interest_id`);

--
-- Indexes for table `customer_categories`
--
ALTER TABLE `customer_categories`
  ADD PRIMARY KEY (`id`),
  ADD KEY `customer_categories_customer_category_id_foreign` (`customer_category_id`),
  ADD KEY `customer_categories_customer_id_foreign` (`customer_id`);

--
-- Indexes for table `departments`
--
ALTER TABLE `departments`
  ADD PRIMARY KEY (`id`);

--
-- Indexes for table `employees`
--
ALTER TABLE `employees`
  ADD PRIMARY KEY (`id`),
  ADD KEY `employees_dept_foreign` (`dept`),
  ADD KEY `employees_branch_id_foreign` (`branch_id`);

--
-- Indexes for table `employee_targets`
--
ALTER TABLE `employee_targets`
  ADD PRIMARY KEY (`id`),
  ADD KEY `employee_targets_employee_id_foreign` (`employee_id`);

--
-- Indexes for table `failed_jobs`
--
ALTER TABLE `failed_jobs`
  ADD PRIMARY KEY (`id`),
  ADD UNIQUE KEY `failed_jobs_uuid_unique` (`uuid`);

--
-- Indexes for table `industries`
--
ALTER TABLE `industries`
  ADD PRIMARY KEY (`id`);

--
-- Indexes for table `interests`
--
ALTER TABLE `interests`
  ADD PRIMARY KEY (`id`),
  ADD KEY `interests_activity_id_foreign` (`activity_id`);

--
-- Indexes for table `interest_meeting`
--
ALTER TABLE `interest_meeting`
  ADD PRIMARY KEY (`id`),
  ADD KEY `interest_meeting_interest_id_foreign` (`interest_id`),
  ADD KEY `interest_meeting_meeting_id_foreign` (`meeting_id`);

--
-- Indexes for table `invoices`
--
ALTER TABLE `invoices`
  ADD PRIMARY KEY (`id`),
  ADD KEY `invoices_customer_id_foreign` (`customer_id`),
  ADD KEY `invoices_activity_id_foreign` (`activity_id`),
  ADD KEY `invoices_interest_id_foreign` (`interest_id`),
  ADD KEY `invoices_created_by_foreign` (`created_by`);

--
-- Indexes for table `job_titles`
--
ALTER TABLE `job_titles`
  ADD PRIMARY KEY (`id`);

--
-- Indexes for table `la_configs`
--
ALTER TABLE `la_configs`
  ADD PRIMARY KEY (`id`);

--
-- Indexes for table `lead_categories`
--
ALTER TABLE `lead_categories`
  ADD PRIMARY KEY (`id`),
  ADD KEY `lead_categories_contact_id_foreign` (`contact_id`),
  ADD KEY `lead_categories_contact_category_id_foreign` (`contact_category_id`);

--
-- Indexes for table `lead_cteagories`
--
ALTER TABLE `lead_cteagories`
  ADD PRIMARY KEY (`id`),
  ADD KEY `lead_cteagories_contact_id_foreign` (`contact_id`),
  ADD KEY `lead_cteagories_contact_category_id_foreign` (`contact_category_id`);

--
-- Indexes for table `lead_histories`
--
ALTER TABLE `lead_histories`
  ADD PRIMARY KEY (`id`),
  ADD KEY `lead_histories_contact_id_foreign` (`contact_id`),
  ADD KEY `lead_histories_created_by_foreign` (`created_by`);

--
-- Indexes for table `majors`
--
ALTER TABLE `majors`
  ADD PRIMARY KEY (`id`),
  ADD KEY `majors_industry_id_foreign` (`industry_id`);

--
-- Indexes for table `media`
--
ALTER TABLE `media`
  ADD PRIMARY KEY (`id`);

--
-- Indexes for table `meetings`
--
ALTER TABLE `meetings`
  ADD PRIMARY KEY (`id`),
  ADD KEY `meetings_contact_id_foreign` (`contact_id`),
  ADD KEY `meetings_reply_id_foreign` (`reply_id`),
  ADD KEY `meetings_created_by_foreign` (`created_by`);

--
-- Indexes for table `meeting_notes`
--
ALTER TABLE `meeting_notes`
  ADD PRIMARY KEY (`id`),
  ADD KEY `meeting_notes_meeting_id_foreign` (`meeting_id`),
  ADD KEY `meeting_notes_created_by_foreign` (`created_by`);

--
-- Indexes for table `migrations`
--
ALTER TABLE `migrations`
  ADD PRIMARY KEY (`id`);

--
-- Indexes for table `model_has_permissions`
--
ALTER TABLE `model_has_permissions`
  ADD PRIMARY KEY (`permission_id`,`model_id`,`model_type`),
  ADD KEY `model_has_permissions_model_id_model_type_index` (`model_id`,`model_type`);

--
-- Indexes for table `model_has_roles`
--
ALTER TABLE `model_has_roles`
  ADD PRIMARY KEY (`role_id`,`model_id`,`model_type`),
  ADD KEY `model_has_roles_model_id_model_type_index` (`model_id`,`model_type`);

--
-- Indexes for table `notification`
--
ALTER TABLE `notification`
  ADD PRIMARY KEY (`id`),
  ADD KEY `notification_dept_foreign` (`dept`),
  ADD KEY `notification_employee_id_foreign` (`employee_id`),
  ADD KEY `notification_created_by_foreign` (`created_by`);

--
-- Indexes for table `notifications`
--
ALTER TABLE `notifications`
  ADD PRIMARY KEY (`id`),
  ADD KEY `notifications_notifiable_type_notifiable_id_index` (`notifiable_type`,`notifiable_id`);

--
-- Indexes for table `organizations`
--
ALTER TABLE `organizations`
  ADD PRIMARY KEY (`id`),
  ADD KEY `organizations_assigned_to_foreign` (`assigned_to`);

--
-- Indexes for table `password_resets`
--
ALTER TABLE `password_resets`
  ADD KEY `password_resets_email_index` (`email`);

--
-- Indexes for table `permissions`
--
ALTER TABLE `permissions`
  ADD PRIMARY KEY (`id`),
  ADD UNIQUE KEY `permissions_name_guard_name_unique` (`name`,`guard_name`);

--
-- Indexes for table `personal_access_tokens`
--
ALTER TABLE `personal_access_tokens`
  ADD PRIMARY KEY (`id`),
  ADD UNIQUE KEY `personal_access_tokens_token_unique` (`token`),
  ADD KEY `personal_access_tokens_tokenable_type_tokenable_id_index` (`tokenable_type`,`tokenable_id`);

--
-- Indexes for table `points`
--
ALTER TABLE `points`
  ADD PRIMARY KEY (`id`),
  ADD KEY `points_activity_id_foreign` (`activity_id`),
  ADD KEY `points_sub_activity_id_foreign` (`sub_activity_id`),
  ADD KEY `points_customer_id_foreign` (`customer_id`);

--
-- Indexes for table `point_histories`
--
ALTER TABLE `point_histories`
  ADD PRIMARY KEY (`id`),
  ADD KEY `point_histories_customer_id_foreign` (`customer_id`),
  ADD KEY `point_histories_activity_id_foreign` (`activity_id`),
  ADD KEY `point_histories_sub_activity_id_foreign` (`sub_activity_id`);

--
-- Indexes for table `point_settings`
--
ALTER TABLE `point_settings`
  ADD PRIMARY KEY (`id`),
  ADD KEY `point_settings_activity_id_foreign` (`activity_id`),
  ADD KEY `point_settings_sub_activity_id_foreign` (`sub_activity_id`);

--
-- Indexes for table `recorder_reminders`
--
ALTER TABLE `recorder_reminders`
  ADD PRIMARY KEY (`id`),
  ADD KEY `recorder_reminders_activity_id_foreign` (`activity_id`),
  ADD KEY `recorder_reminders_interest_id_foreign` (`interest_id`),
  ADD KEY `recorder_reminders_customer_id_foreign` (`customer_id`),
  ADD KEY `recorder_reminders_invoice_id_foreign` (`invoice_id`);

--
-- Indexes for table `reorder_reminders`
--
ALTER TABLE `reorder_reminders`
  ADD PRIMARY KEY (`id`),
  ADD KEY `reorder_reminders_invoice_id_foreign` (`invoice_id`),
  ADD KEY `reorder_reminders_customer_id_foreign` (`customer_id`),
  ADD KEY `reorder_reminders_interest_id_foreign` (`interest_id`),
  ADD KEY `reorder_reminders_activity_id_foreign` (`activity_id`);

--
-- Indexes for table `roles`
--
ALTER TABLE `roles`
  ADD PRIMARY KEY (`id`),
  ADD UNIQUE KEY `roles_name_guard_name_unique` (`name`,`guard_name`);

--
-- Indexes for table `role_has_permissions`
--
ALTER TABLE `role_has_permissions`
  ADD PRIMARY KEY (`permission_id`,`role_id`),
  ADD KEY `role_has_permissions_role_id_foreign` (`role_id`);

--
-- Indexes for table `saved_replies`
--
ALTER TABLE `saved_replies`
  ADD PRIMARY KEY (`id`);

--
-- Indexes for table `targets`
--
ALTER TABLE `targets`
  ADD PRIMARY KEY (`id`),
  ADD KEY `targets_employee_id_foreign` (`employee_id`),
  ADD KEY `targets_employee_target_id_foreign` (`employee_target_id`),
  ADD KEY `targets_activity_id_foreign` (`activity_id`),
  ADD KEY `targets_interest_id_foreign` (`interest_id`);

--
-- Indexes for table `tickets`
--
ALTER TABLE `tickets`
  ADD PRIMARY KEY (`id`),
  ADD KEY `tickets_customer_id_foreign` (`customer_id`),
  ADD KEY `tickets_activity_id_foreign` (`activity_id`),
  ADD KEY `tickets_interest_id_foreign` (`interest_id`),
  ADD KEY `tickets_assigned_agent_id_foreign` (`assigned_agent_id`);

--
-- Indexes for table `uploads`
--
ALTER TABLE `uploads`
  ADD PRIMARY KEY (`id`),
  ADD KEY `uploads_user_id_foreign` (`user_id`);

--
-- Indexes for table `users`
--
ALTER TABLE `users`
  ADD PRIMARY KEY (`id`),
  ADD UNIQUE KEY `users_email_unique` (`email`),
  ADD UNIQUE KEY `users_mobile_unique` (`mobile`),
  ADD KEY `users_context_id_foreign` (`context_id`);

--
-- AUTO_INCREMENT for dumped tables
--

--
-- AUTO_INCREMENT for table `activates`
--
ALTER TABLE `activates`
  MODIFY `id` bigint(20) UNSIGNED NOT NULL AUTO_INCREMENT, AUTO_INCREMENT=9;

--
-- AUTO_INCREMENT for table `areas`
--
ALTER TABLE `areas`
  MODIFY `id` bigint(20) UNSIGNED NOT NULL AUTO_INCREMENT, AUTO_INCREMENT=572;

--
-- AUTO_INCREMENT for table `attachments`
--
ALTER TABLE `attachments`
  MODIFY `id` bigint(20) UNSIGNED NOT NULL AUTO_INCREMENT;

--
-- AUTO_INCREMENT for table `branches`
--
ALTER TABLE `branches`
  MODIFY `id` bigint(20) UNSIGNED NOT NULL AUTO_INCREMENT, AUTO_INCREMENT=4;

--
-- AUTO_INCREMENT for table `campaigns`
--
ALTER TABLE `campaigns`
  MODIFY `id` bigint(20) UNSIGNED NOT NULL AUTO_INCREMENT, AUTO_INCREMENT=3;

--
-- AUTO_INCREMENT for table `categories`
--
ALTER TABLE `categories`
  MODIFY `id` bigint(20) UNSIGNED NOT NULL AUTO_INCREMENT;

--
-- AUTO_INCREMENT for table `cities`
--
ALTER TABLE `cities`
  MODIFY `id` bigint(20) UNSIGNED NOT NULL AUTO_INCREMENT, AUTO_INCREMENT=90;

--
-- AUTO_INCREMENT for table `communication_logs`
--
ALTER TABLE `communication_logs`
  MODIFY `id` bigint(20) UNSIGNED NOT NULL AUTO_INCREMENT, AUTO_INCREMENT=5;

--
-- AUTO_INCREMENT for table `contacts`
--
ALTER TABLE `contacts`
  MODIFY `id` bigint(20) UNSIGNED NOT NULL AUTO_INCREMENT, AUTO_INCREMENT=502;

--
-- AUTO_INCREMENT for table `contact_categories`
--
ALTER TABLE `contact_categories`
  MODIFY `id` bigint(20) UNSIGNED NOT NULL AUTO_INCREMENT, AUTO_INCREMENT=3;

--
-- AUTO_INCREMENT for table `contact_completions`
--
ALTER TABLE `contact_completions`
  MODIFY `id` bigint(20) UNSIGNED NOT NULL AUTO_INCREMENT, AUTO_INCREMENT=390;

--
-- AUTO_INCREMENT for table `contact_sources`
--
ALTER TABLE `contact_sources`
  MODIFY `id` bigint(20) UNSIGNED NOT NULL AUTO_INCREMENT, AUTO_INCREMENT=10;

--
-- AUTO_INCREMENT for table `countries`
--
ALTER TABLE `countries`
  MODIFY `id` bigint(20) UNSIGNED NOT NULL AUTO_INCREMENT, AUTO_INCREMENT=245;

--
-- AUTO_INCREMENT for table `customers`
--
ALTER TABLE `customers`
  MODIFY `id` bigint(20) UNSIGNED NOT NULL AUTO_INCREMENT, AUTO_INCREMENT=20;

--
-- AUTO_INCREMENT for table `customer_categories`
--
ALTER TABLE `customer_categories`
  MODIFY `id` bigint(20) UNSIGNED NOT NULL AUTO_INCREMENT;

--
-- AUTO_INCREMENT for table `departments`
--
ALTER TABLE `departments`
  MODIFY `id` bigint(20) UNSIGNED NOT NULL AUTO_INCREMENT, AUTO_INCREMENT=4;

--
-- AUTO_INCREMENT for table `employees`
--
ALTER TABLE `employees`
  MODIFY `id` bigint(20) UNSIGNED NOT NULL AUTO_INCREMENT, AUTO_INCREMENT=6;

--
-- AUTO_INCREMENT for table `employee_targets`
--
ALTER TABLE `employee_targets`
  MODIFY `id` bigint(20) UNSIGNED NOT NULL AUTO_INCREMENT, AUTO_INCREMENT=9;

--
-- AUTO_INCREMENT for table `failed_jobs`
--
ALTER TABLE `failed_jobs`
  MODIFY `id` bigint(20) UNSIGNED NOT NULL AUTO_INCREMENT;

--
-- AUTO_INCREMENT for table `industries`
--
ALTER TABLE `industries`
  MODIFY `id` bigint(20) UNSIGNED NOT NULL AUTO_INCREMENT, AUTO_INCREMENT=24;

--
-- AUTO_INCREMENT for table `interests`
--
ALTER TABLE `interests`
  MODIFY `id` bigint(20) UNSIGNED NOT NULL AUTO_INCREMENT, AUTO_INCREMENT=6;

--
-- AUTO_INCREMENT for table `interest_meeting`
--
ALTER TABLE `interest_meeting`
  MODIFY `id` bigint(20) UNSIGNED NOT NULL AUTO_INCREMENT, AUTO_INCREMENT=42;

--
-- AUTO_INCREMENT for table `invoices`
--
ALTER TABLE `invoices`
  MODIFY `id` bigint(20) UNSIGNED NOT NULL AUTO_INCREMENT, AUTO_INCREMENT=17;

--
-- AUTO_INCREMENT for table `job_titles`
--
ALTER TABLE `job_titles`
  MODIFY `id` bigint(20) UNSIGNED NOT NULL AUTO_INCREMENT, AUTO_INCREMENT=189;

--
-- AUTO_INCREMENT for table `la_configs`
--
ALTER TABLE `la_configs`
  MODIFY `id` bigint(20) UNSIGNED NOT NULL AUTO_INCREMENT, AUTO_INCREMENT=4;

--
-- AUTO_INCREMENT for table `lead_categories`
--
ALTER TABLE `lead_categories`
  MODIFY `id` bigint(20) UNSIGNED NOT NULL AUTO_INCREMENT;

--
-- AUTO_INCREMENT for table `lead_cteagories`
--
ALTER TABLE `lead_cteagories`
  MODIFY `id` bigint(20) UNSIGNED NOT NULL AUTO_INCREMENT;

--
-- AUTO_INCREMENT for table `lead_histories`
--
ALTER TABLE `lead_histories`
  MODIFY `id` bigint(20) UNSIGNED NOT NULL AUTO_INCREMENT, AUTO_INCREMENT=21;

--
-- AUTO_INCREMENT for table `majors`
--
ALTER TABLE `majors`
  MODIFY `id` bigint(20) UNSIGNED NOT NULL AUTO_INCREMENT, AUTO_INCREMENT=75;

--
-- AUTO_INCREMENT for table `media`
--
ALTER TABLE `media`
  MODIFY `id` bigint(20) UNSIGNED NOT NULL AUTO_INCREMENT, AUTO_INCREMENT=5;

--
-- AUTO_INCREMENT for table `meetings`
--
ALTER TABLE `meetings`
  MODIFY `id` bigint(20) UNSIGNED NOT NULL AUTO_INCREMENT, AUTO_INCREMENT=57;

--
-- AUTO_INCREMENT for table `meeting_notes`
--
ALTER TABLE `meeting_notes`
  MODIFY `id` bigint(20) UNSIGNED NOT NULL AUTO_INCREMENT, AUTO_INCREMENT=43;

--
-- AUTO_INCREMENT for table `migrations`
--
ALTER TABLE `migrations`
  MODIFY `id` int(10) UNSIGNED NOT NULL AUTO_INCREMENT, AUTO_INCREMENT=57;

--
-- AUTO_INCREMENT for table `notification`
--
ALTER TABLE `notification`
  MODIFY `id` bigint(20) UNSIGNED NOT NULL AUTO_INCREMENT, AUTO_INCREMENT=12;

--
-- AUTO_INCREMENT for table `organizations`
--
ALTER TABLE `organizations`
  MODIFY `id` bigint(20) UNSIGNED NOT NULL AUTO_INCREMENT;

--
-- AUTO_INCREMENT for table `permissions`
--
ALTER TABLE `permissions`
  MODIFY `id` bigint(20) UNSIGNED NOT NULL AUTO_INCREMENT, AUTO_INCREMENT=123;

--
-- AUTO_INCREMENT for table `personal_access_tokens`
--
ALTER TABLE `personal_access_tokens`
  MODIFY `id` bigint(20) UNSIGNED NOT NULL AUTO_INCREMENT;

--
-- AUTO_INCREMENT for table `points`
--
ALTER TABLE `points`
  MODIFY `id` bigint(20) UNSIGNED NOT NULL AUTO_INCREMENT, AUTO_INCREMENT=12;

--
-- AUTO_INCREMENT for table `point_histories`
--
ALTER TABLE `point_histories`
  MODIFY `id` bigint(20) UNSIGNED NOT NULL AUTO_INCREMENT;

--
-- AUTO_INCREMENT for table `point_settings`
--
ALTER TABLE `point_settings`
  MODIFY `id` bigint(20) UNSIGNED NOT NULL AUTO_INCREMENT, AUTO_INCREMENT=3;

--
-- AUTO_INCREMENT for table `recorder_reminders`
--
ALTER TABLE `recorder_reminders`
  MODIFY `id` bigint(20) UNSIGNED NOT NULL AUTO_INCREMENT, AUTO_INCREMENT=3;

--
-- AUTO_INCREMENT for table `reorder_reminders`
--
ALTER TABLE `reorder_reminders`
  MODIFY `id` bigint(20) UNSIGNED NOT NULL AUTO_INCREMENT, AUTO_INCREMENT=6;

--
-- AUTO_INCREMENT for table `roles`
--
ALTER TABLE `roles`
  MODIFY `id` bigint(20) UNSIGNED NOT NULL AUTO_INCREMENT, AUTO_INCREMENT=3;

--
-- AUTO_INCREMENT for table `saved_replies`
--
ALTER TABLE `saved_replies`
  MODIFY `id` bigint(20) UNSIGNED NOT NULL AUTO_INCREMENT, AUTO_INCREMENT=4;

--
-- AUTO_INCREMENT for table `targets`
--
ALTER TABLE `targets`
  MODIFY `id` bigint(20) UNSIGNED NOT NULL AUTO_INCREMENT, AUTO_INCREMENT=13;

--
-- AUTO_INCREMENT for table `tickets`
--
ALTER TABLE `tickets`
  MODIFY `id` bigint(20) UNSIGNED NOT NULL AUTO_INCREMENT, AUTO_INCREMENT=10;

--
-- AUTO_INCREMENT for table `uploads`
--
ALTER TABLE `uploads`
  MODIFY `id` bigint(20) UNSIGNED NOT NULL AUTO_INCREMENT;

--
-- AUTO_INCREMENT for table `users`
--
ALTER TABLE `users`
  MODIFY `id` bigint(20) UNSIGNED NOT NULL AUTO_INCREMENT, AUTO_INCREMENT=12;

--
-- Constraints for dumped tables
--

--
-- Constraints for table `areas`
--
ALTER TABLE `areas`
  ADD CONSTRAINT `areas_city_id_foreign` FOREIGN KEY (`city_id`) REFERENCES `cities` (`id`) ON DELETE CASCADE ON UPDATE CASCADE;

--
-- Constraints for table `attachments`
--
ALTER TABLE `attachments`
  ADD CONSTRAINT `attachments_customer_id_foreign` FOREIGN KEY (`customer_id`) REFERENCES `customers` (`id`) ON DELETE CASCADE ON UPDATE CASCADE,
  ADD CONSTRAINT `attachments_ticket_id_foreign` FOREIGN KEY (`ticket_id`) REFERENCES `tickets` (`id`) ON DELETE CASCADE ON UPDATE CASCADE;

--
-- Constraints for table `campaigns`
--
ALTER TABLE `campaigns`
  ADD CONSTRAINT `campaigns_activity_id_foreign` FOREIGN KEY (`activity_id`) REFERENCES `activates` (`id`) ON DELETE CASCADE ON UPDATE CASCADE,
  ADD CONSTRAINT `campaigns_contact_source_id_foreign` FOREIGN KEY (`contact_source_id`) REFERENCES `contact_sources` (`id`) ON DELETE CASCADE ON UPDATE CASCADE,
  ADD CONSTRAINT `campaigns_interest_id_foreign` FOREIGN KEY (`interest_id`) REFERENCES `interests` (`id`) ON DELETE CASCADE ON UPDATE CASCADE;

--
-- Constraints for table `categories`
--
ALTER TABLE `categories`
  ADD CONSTRAINT `categories_parent_id_foreign` FOREIGN KEY (`parent_id`) REFERENCES `categories` (`id`) ON DELETE CASCADE ON UPDATE CASCADE;

--
-- Constraints for table `cities`
--
ALTER TABLE `cities`
  ADD CONSTRAINT `cities_country_id_foreign` FOREIGN KEY (`country_id`) REFERENCES `countries` (`id`) ON DELETE CASCADE ON UPDATE CASCADE;

--
-- Constraints for table `communication_logs`
--
ALTER TABLE `communication_logs`
  ADD CONSTRAINT `communication_logs_ticket_id_foreign` FOREIGN KEY (`ticket_id`) REFERENCES `tickets` (`id`) ON DELETE CASCADE ON UPDATE CASCADE;

--
-- Constraints for table `contacts`
--
ALTER TABLE `contacts`
  ADD CONSTRAINT `contacts_activity_id_foreign` FOREIGN KEY (`activity_id`) REFERENCES `activates` (`id`) ON DELETE CASCADE ON UPDATE CASCADE,
  ADD CONSTRAINT `contacts_area_id_foreign` FOREIGN KEY (`area_id`) REFERENCES `areas` (`id`) ON DELETE CASCADE ON UPDATE CASCADE,
  ADD CONSTRAINT `contacts_branch_id_foreign` FOREIGN KEY (`branch_id`) REFERENCES `branches` (`id`) ON DELETE CASCADE ON UPDATE CASCADE,
  ADD CONSTRAINT `contacts_campaign_id_foreign` FOREIGN KEY (`campaign_id`) REFERENCES `campaigns` (`id`) ON DELETE CASCADE ON UPDATE CASCADE,
  ADD CONSTRAINT `contacts_city_id_foreign` FOREIGN KEY (`city_id`) REFERENCES `cities` (`id`) ON DELETE CASCADE ON UPDATE CASCADE,
  ADD CONSTRAINT `contacts_contact_category_id_foreign` FOREIGN KEY (`contact_category_id`) REFERENCES `contact_categories` (`id`) ON DELETE CASCADE ON UPDATE CASCADE,
  ADD CONSTRAINT `contacts_contact_source_id_foreign` FOREIGN KEY (`contact_source_id`) REFERENCES `contact_sources` (`id`) ON DELETE CASCADE ON UPDATE CASCADE,
  ADD CONSTRAINT `contacts_created_by_foreign` FOREIGN KEY (`created_by`) REFERENCES `employees` (`id`) ON DELETE CASCADE ON UPDATE CASCADE,
  ADD CONSTRAINT `contacts_customer_id_foreign` FOREIGN KEY (`customer_id`) REFERENCES `customers` (`id`) ON DELETE CASCADE ON UPDATE CASCADE,
  ADD CONSTRAINT `contacts_employee_id_foreign` FOREIGN KEY (`employee_id`) REFERENCES `employees` (`id`) ON DELETE CASCADE ON UPDATE CASCADE,
  ADD CONSTRAINT `contacts_industry_id_foreign` FOREIGN KEY (`industry_id`) REFERENCES `industries` (`id`) ON DELETE CASCADE ON UPDATE CASCADE,
  ADD CONSTRAINT `contacts_interest_id_foreign` FOREIGN KEY (`interest_id`) REFERENCES `interests` (`id`) ON DELETE CASCADE ON UPDATE CASCADE,
  ADD CONSTRAINT `contacts_job_title_id_foreign` FOREIGN KEY (`job_title_id`) REFERENCES `job_titles` (`id`) ON DELETE CASCADE ON UPDATE CASCADE,
  ADD CONSTRAINT `contacts_major_id_foreign` FOREIGN KEY (`major_id`) REFERENCES `majors` (`id`) ON DELETE CASCADE ON UPDATE CASCADE;

--
-- Constraints for table `contact_completions`
--
ALTER TABLE `contact_completions`
  ADD CONSTRAINT `contact_completions_completed_by_foreign` FOREIGN KEY (`completed_by`) REFERENCES `users` (`id`) ON DELETE CASCADE ON UPDATE CASCADE,
  ADD CONSTRAINT `contact_completions_contact_id_foreign` FOREIGN KEY (`contact_id`) REFERENCES `contacts` (`id`) ON DELETE CASCADE ON UPDATE CASCADE;

--
-- Constraints for table `customers`
--
ALTER TABLE `customers`
  ADD CONSTRAINT `customers_activity_id_foreign` FOREIGN KEY (`activity_id`) REFERENCES `activates` (`id`) ON DELETE CASCADE ON UPDATE CASCADE,
  ADD CONSTRAINT `customers_area_id_foreign` FOREIGN KEY (`area_id`) REFERENCES `areas` (`id`) ON DELETE CASCADE ON UPDATE CASCADE,
  ADD CONSTRAINT `customers_branch_id_foreign` FOREIGN KEY (`branch_id`) REFERENCES `branches` (`id`) ON DELETE CASCADE ON UPDATE CASCADE,
  ADD CONSTRAINT `customers_city_id_foreign` FOREIGN KEY (`city_id`) REFERENCES `cities` (`id`) ON DELETE CASCADE ON UPDATE CASCADE,
  ADD CONSTRAINT `customers_contact_category_id_foreign` FOREIGN KEY (`contact_category_id`) REFERENCES `contact_categories` (`id`) ON DELETE CASCADE ON UPDATE CASCADE,
  ADD CONSTRAINT `customers_contact_source_id_foreign` FOREIGN KEY (`contact_source_id`) REFERENCES `contact_sources` (`id`) ON DELETE CASCADE ON UPDATE CASCADE,
  ADD CONSTRAINT `customers_created_by_foreign` FOREIGN KEY (`created_by`) REFERENCES `employees` (`id`) ON DELETE CASCADE ON UPDATE CASCADE,
  ADD CONSTRAINT `customers_industry_id_foreign` FOREIGN KEY (`industry_id`) REFERENCES `industries` (`id`) ON DELETE CASCADE ON UPDATE CASCADE,
  ADD CONSTRAINT `customers_interest_id_foreign` FOREIGN KEY (`interest_id`) REFERENCES `interests` (`id`) ON DELETE CASCADE ON UPDATE CASCADE,
  ADD CONSTRAINT `customers_job_title_id_foreign` FOREIGN KEY (`job_title_id`) REFERENCES `job_titles` (`id`) ON DELETE CASCADE ON UPDATE CASCADE,
  ADD CONSTRAINT `customers_major_id_foreign` FOREIGN KEY (`major_id`) REFERENCES `majors` (`id`) ON DELETE CASCADE ON UPDATE CASCADE,
  ADD CONSTRAINT `customers_parent_id_foreign` FOREIGN KEY (`parent_id`) REFERENCES `customers` (`id`) ON DELETE CASCADE ON UPDATE CASCADE;

--
-- Constraints for table `customer_categories`
--
ALTER TABLE `customer_categories`
  ADD CONSTRAINT `customer_categories_customer_category_id_foreign` FOREIGN KEY (`customer_category_id`) REFERENCES `contact_categories` (`id`) ON DELETE CASCADE ON UPDATE CASCADE,
  ADD CONSTRAINT `customer_categories_customer_id_foreign` FOREIGN KEY (`customer_id`) REFERENCES `customers` (`id`) ON DELETE CASCADE ON UPDATE CASCADE;

--
-- Constraints for table `employees`
--
ALTER TABLE `employees`
  ADD CONSTRAINT `employees_branch_id_foreign` FOREIGN KEY (`branch_id`) REFERENCES `branches` (`id`) ON DELETE CASCADE ON UPDATE CASCADE,
  ADD CONSTRAINT `employees_dept_foreign` FOREIGN KEY (`dept`) REFERENCES `departments` (`id`) ON DELETE CASCADE ON UPDATE CASCADE;

--
-- Constraints for table `employee_targets`
--
ALTER TABLE `employee_targets`
  ADD CONSTRAINT `employee_targets_employee_id_foreign` FOREIGN KEY (`employee_id`) REFERENCES `employees` (`id`) ON DELETE CASCADE ON UPDATE CASCADE;

--
-- Constraints for table `interests`
--
ALTER TABLE `interests`
  ADD CONSTRAINT `interests_activity_id_foreign` FOREIGN KEY (`activity_id`) REFERENCES `activates` (`id`) ON DELETE CASCADE ON UPDATE CASCADE;

--
-- Constraints for table `interest_meeting`
--
ALTER TABLE `interest_meeting`
  ADD CONSTRAINT `interest_meeting_interest_id_foreign` FOREIGN KEY (`interest_id`) REFERENCES `interests` (`id`) ON DELETE CASCADE ON UPDATE CASCADE,
  ADD CONSTRAINT `interest_meeting_meeting_id_foreign` FOREIGN KEY (`meeting_id`) REFERENCES `meetings` (`id`) ON DELETE CASCADE ON UPDATE CASCADE;

--
-- Constraints for table `invoices`
--
ALTER TABLE `invoices`
  ADD CONSTRAINT `invoices_activity_id_foreign` FOREIGN KEY (`activity_id`) REFERENCES `activates` (`id`) ON DELETE CASCADE ON UPDATE CASCADE,
  ADD CONSTRAINT `invoices_created_by_foreign` FOREIGN KEY (`created_by`) REFERENCES `employees` (`id`) ON DELETE CASCADE ON UPDATE CASCADE,
  ADD CONSTRAINT `invoices_customer_id_foreign` FOREIGN KEY (`customer_id`) REFERENCES `customers` (`id`) ON DELETE CASCADE ON UPDATE CASCADE,
  ADD CONSTRAINT `invoices_interest_id_foreign` FOREIGN KEY (`interest_id`) REFERENCES `interests` (`id`) ON DELETE CASCADE ON UPDATE CASCADE;

--
-- Constraints for table `lead_categories`
--
ALTER TABLE `lead_categories`
  ADD CONSTRAINT `lead_categories_contact_category_id_foreign` FOREIGN KEY (`contact_category_id`) REFERENCES `contact_categories` (`id`) ON DELETE CASCADE ON UPDATE CASCADE,
  ADD CONSTRAINT `lead_categories_contact_id_foreign` FOREIGN KEY (`contact_id`) REFERENCES `contacts` (`id`) ON DELETE CASCADE ON UPDATE CASCADE;

--
-- Constraints for table `lead_cteagories`
--
ALTER TABLE `lead_cteagories`
  ADD CONSTRAINT `lead_cteagories_contact_category_id_foreign` FOREIGN KEY (`contact_category_id`) REFERENCES `contact_categories` (`id`) ON DELETE CASCADE ON UPDATE CASCADE,
  ADD CONSTRAINT `lead_cteagories_contact_id_foreign` FOREIGN KEY (`contact_id`) REFERENCES `contacts` (`id`) ON DELETE CASCADE ON UPDATE CASCADE;

--
-- Constraints for table `lead_histories`
--
ALTER TABLE `lead_histories`
  ADD CONSTRAINT `lead_histories_contact_id_foreign` FOREIGN KEY (`contact_id`) REFERENCES `contacts` (`id`) ON DELETE CASCADE ON UPDATE CASCADE,
  ADD CONSTRAINT `lead_histories_created_by_foreign` FOREIGN KEY (`created_by`) REFERENCES `employees` (`id`) ON DELETE CASCADE ON UPDATE CASCADE;

--
-- Constraints for table `majors`
--
ALTER TABLE `majors`
  ADD CONSTRAINT `majors_industry_id_foreign` FOREIGN KEY (`industry_id`) REFERENCES `industries` (`id`) ON DELETE CASCADE ON UPDATE CASCADE;

--
-- Constraints for table `meetings`
--
ALTER TABLE `meetings`
  ADD CONSTRAINT `meetings_contact_id_foreign` FOREIGN KEY (`contact_id`) REFERENCES `contacts` (`id`) ON DELETE CASCADE ON UPDATE CASCADE,
  ADD CONSTRAINT `meetings_created_by_foreign` FOREIGN KEY (`created_by`) REFERENCES `employees` (`id`) ON DELETE CASCADE ON UPDATE CASCADE,
  ADD CONSTRAINT `meetings_reply_id_foreign` FOREIGN KEY (`reply_id`) REFERENCES `saved_replies` (`id`) ON DELETE CASCADE ON UPDATE CASCADE;

--
-- Constraints for table `meeting_notes`
--
ALTER TABLE `meeting_notes`
  ADD CONSTRAINT `meeting_notes_created_by_foreign` FOREIGN KEY (`created_by`) REFERENCES `employees` (`id`) ON DELETE CASCADE ON UPDATE CASCADE,
  ADD CONSTRAINT `meeting_notes_meeting_id_foreign` FOREIGN KEY (`meeting_id`) REFERENCES `meetings` (`id`) ON DELETE CASCADE ON UPDATE CASCADE;

--
-- Constraints for table `model_has_permissions`
--
ALTER TABLE `model_has_permissions`
  ADD CONSTRAINT `model_has_permissions_permission_id_foreign` FOREIGN KEY (`permission_id`) REFERENCES `permissions` (`id`) ON DELETE CASCADE;

--
-- Constraints for table `model_has_roles`
--
ALTER TABLE `model_has_roles`
  ADD CONSTRAINT `model_has_roles_role_id_foreign` FOREIGN KEY (`role_id`) REFERENCES `roles` (`id`) ON DELETE CASCADE;

--
-- Constraints for table `notification`
--
ALTER TABLE `notification`
  ADD CONSTRAINT `notification_created_by_foreign` FOREIGN KEY (`created_by`) REFERENCES `employees` (`id`) ON DELETE CASCADE ON UPDATE CASCADE,
  ADD CONSTRAINT `notification_dept_foreign` FOREIGN KEY (`dept`) REFERENCES `departments` (`id`) ON DELETE CASCADE ON UPDATE CASCADE,
  ADD CONSTRAINT `notification_employee_id_foreign` FOREIGN KEY (`employee_id`) REFERENCES `employees` (`id`) ON DELETE CASCADE ON UPDATE CASCADE;

--
-- Constraints for table `organizations`
--
ALTER TABLE `organizations`
  ADD CONSTRAINT `organizations_assigned_to_foreign` FOREIGN KEY (`assigned_to`) REFERENCES `employees` (`id`) ON DELETE CASCADE ON UPDATE CASCADE;

--
-- Constraints for table `points`
--
ALTER TABLE `points`
  ADD CONSTRAINT `points_activity_id_foreign` FOREIGN KEY (`activity_id`) REFERENCES `activates` (`id`) ON DELETE CASCADE ON UPDATE CASCADE,
  ADD CONSTRAINT `points_customer_id_foreign` FOREIGN KEY (`customer_id`) REFERENCES `customers` (`id`) ON DELETE CASCADE ON UPDATE CASCADE,
  ADD CONSTRAINT `points_sub_activity_id_foreign` FOREIGN KEY (`sub_activity_id`) REFERENCES `interests` (`id`) ON DELETE CASCADE ON UPDATE CASCADE;

--
-- Constraints for table `point_histories`
--
ALTER TABLE `point_histories`
  ADD CONSTRAINT `point_histories_activity_id_foreign` FOREIGN KEY (`activity_id`) REFERENCES `activates` (`id`) ON DELETE CASCADE ON UPDATE CASCADE,
  ADD CONSTRAINT `point_histories_customer_id_foreign` FOREIGN KEY (`customer_id`) REFERENCES `customers` (`id`) ON DELETE CASCADE ON UPDATE CASCADE,
  ADD CONSTRAINT `point_histories_sub_activity_id_foreign` FOREIGN KEY (`sub_activity_id`) REFERENCES `interests` (`id`) ON DELETE CASCADE ON UPDATE CASCADE;

--
-- Constraints for table `point_settings`
--
ALTER TABLE `point_settings`
  ADD CONSTRAINT `point_settings_activity_id_foreign` FOREIGN KEY (`activity_id`) REFERENCES `activates` (`id`) ON DELETE CASCADE ON UPDATE CASCADE,
  ADD CONSTRAINT `point_settings_sub_activity_id_foreign` FOREIGN KEY (`sub_activity_id`) REFERENCES `interests` (`id`) ON DELETE CASCADE ON UPDATE CASCADE;

--
-- Constraints for table `recorder_reminders`
--
ALTER TABLE `recorder_reminders`
  ADD CONSTRAINT `recorder_reminders_activity_id_foreign` FOREIGN KEY (`activity_id`) REFERENCES `activates` (`id`) ON DELETE CASCADE ON UPDATE CASCADE,
  ADD CONSTRAINT `recorder_reminders_customer_id_foreign` FOREIGN KEY (`customer_id`) REFERENCES `customers` (`id`) ON DELETE CASCADE ON UPDATE CASCADE,
  ADD CONSTRAINT `recorder_reminders_interest_id_foreign` FOREIGN KEY (`interest_id`) REFERENCES `interests` (`id`) ON DELETE CASCADE ON UPDATE CASCADE,
  ADD CONSTRAINT `recorder_reminders_invoice_id_foreign` FOREIGN KEY (`invoice_id`) REFERENCES `invoices` (`id`) ON DELETE CASCADE ON UPDATE CASCADE;

--
-- Constraints for table `reorder_reminders`
--
ALTER TABLE `reorder_reminders`
  ADD CONSTRAINT `reorder_reminders_activity_id_foreign` FOREIGN KEY (`activity_id`) REFERENCES `activates` (`id`) ON DELETE CASCADE ON UPDATE CASCADE,
  ADD CONSTRAINT `reorder_reminders_customer_id_foreign` FOREIGN KEY (`customer_id`) REFERENCES `customers` (`id`) ON DELETE CASCADE ON UPDATE CASCADE,
  ADD CONSTRAINT `reorder_reminders_interest_id_foreign` FOREIGN KEY (`interest_id`) REFERENCES `interests` (`id`) ON DELETE CASCADE ON UPDATE CASCADE,
  ADD CONSTRAINT `reorder_reminders_invoice_id_foreign` FOREIGN KEY (`invoice_id`) REFERENCES `invoices` (`id`) ON DELETE CASCADE ON UPDATE CASCADE;

--
-- Constraints for table `role_has_permissions`
--
ALTER TABLE `role_has_permissions`
  ADD CONSTRAINT `role_has_permissions_permission_id_foreign` FOREIGN KEY (`permission_id`) REFERENCES `permissions` (`id`) ON DELETE CASCADE,
  ADD CONSTRAINT `role_has_permissions_role_id_foreign` FOREIGN KEY (`role_id`) REFERENCES `roles` (`id`) ON DELETE CASCADE;

--
-- Constraints for table `targets`
--
ALTER TABLE `targets`
  ADD CONSTRAINT `targets_activity_id_foreign` FOREIGN KEY (`activity_id`) REFERENCES `activates` (`id`) ON DELETE CASCADE ON UPDATE CASCADE,
  ADD CONSTRAINT `targets_employee_id_foreign` FOREIGN KEY (`employee_id`) REFERENCES `employees` (`id`) ON DELETE CASCADE ON UPDATE CASCADE,
  ADD CONSTRAINT `targets_employee_target_id_foreign` FOREIGN KEY (`employee_target_id`) REFERENCES `employee_targets` (`id`) ON DELETE CASCADE ON UPDATE CASCADE,
  ADD CONSTRAINT `targets_interest_id_foreign` FOREIGN KEY (`interest_id`) REFERENCES `interests` (`id`) ON DELETE CASCADE ON UPDATE CASCADE;

--
-- Constraints for table `tickets`
--
ALTER TABLE `tickets`
  ADD CONSTRAINT `tickets_activity_id_foreign` FOREIGN KEY (`activity_id`) REFERENCES `activates` (`id`) ON DELETE CASCADE ON UPDATE CASCADE,
  ADD CONSTRAINT `tickets_assigned_agent_id_foreign` FOREIGN KEY (`assigned_agent_id`) REFERENCES `employees` (`id`) ON DELETE CASCADE ON UPDATE CASCADE,
  ADD CONSTRAINT `tickets_customer_id_foreign` FOREIGN KEY (`customer_id`) REFERENCES `customers` (`id`) ON DELETE CASCADE ON UPDATE CASCADE,
  ADD CONSTRAINT `tickets_interest_id_foreign` FOREIGN KEY (`interest_id`) REFERENCES `interests` (`id`) ON DELETE CASCADE ON UPDATE CASCADE;

--
-- Constraints for table `uploads`
--
ALTER TABLE `uploads`
  ADD CONSTRAINT `uploads_user_id_foreign` FOREIGN KEY (`user_id`) REFERENCES `users` (`id`) ON DELETE CASCADE ON UPDATE CASCADE;

--
-- Constraints for table `users`
--
ALTER TABLE `users`
  ADD CONSTRAINT `users_context_id_foreign` FOREIGN KEY (`context_id`) REFERENCES `employees` (`id`) ON DELETE CASCADE ON UPDATE CASCADE;
COMMIT;

/*!40101 SET CHARACTER_SET_CLIENT=@OLD_CHARACTER_SET_CLIENT */;
/*!40101 SET CHARACTER_SET_RESULTS=@OLD_CHARACTER_SET_RESULTS */;
/*!40101 SET COLLATION_CONNECTION=@OLD_COLLATION_CONNECTION */;
